solid OpenSCAD_Model
  facet normal 0.92388 0.382682 0
    outer loop
      vertex 93.358 35.8368 1
      vertex 91.3545 40.6737 0
      vertex 91.3545 40.6737 1
    endloop
  endfacet
  facet normal 0.92388 0.382682 0
    outer loop
      vertex 91.3545 40.6737 0
      vertex 93.358 35.8368 1
      vertex 93.358 35.8368 0
    endloop
  endfacet
  facet normal 0.996917 0.0784665 0
    outer loop
      vertex 99.863 5.23359 1
      vertex 99.4522 10.4528 0
      vertex 99.4522 10.4528 1
    endloop
  endfacet
  facet normal 0.996917 0.0784665 0
    outer loop
      vertex 99.4522 10.4528 0
      vertex 99.863 5.23359 1
      vertex 99.863 5.23359 0
    endloop
  endfacet
  facet normal 0.999658 0.0261681 0
    outer loop
      vertex 100 0 1
      vertex 99.863 5.23359 0
      vertex 99.863 5.23359 1
    endloop
  endfacet
  facet normal 0.999658 0.0261681 0
    outer loop
      vertex 99.863 5.23359 0
      vertex 100 0 1
      vertex 100 0 0
    endloop
  endfacet
  facet normal -0.333822 -0.942636 0
    outer loop
      vertex -35.8368 -93.358 0
      vertex -30.9017 -95.1057 1
      vertex -35.8368 -93.358 1
    endloop
  endfacet
  facet normal -0.333822 -0.942636 -0
    outer loop
      vertex -30.9017 -95.1057 1
      vertex -35.8368 -93.358 0
      vertex -30.9017 -95.1057 0
    endloop
  endfacet
  facet normal 0.983258 -0.182219 0
    outer loop
      vertex 97.8148 -20.7912 1
      vertex 98.7688 -15.6434 0
      vertex 98.7688 -15.6434 1
    endloop
  endfacet
  facet normal 0.983258 -0.182219 0
    outer loop
      vertex 98.7688 -15.6434 0
      vertex 97.8148 -20.7912 1
      vertex 97.8148 -20.7912 0
    endloop
  endfacet
  facet normal -0.793353 0.608762 0
    outer loop
      vertex -80.9017 58.7785 0
      vertex -77.7146 62.932 1
      vertex -77.7146 62.932 0
    endloop
  endfacet
  facet normal -0.793353 0.608762 0
    outer loop
      vertex -77.7146 62.932 1
      vertex -80.9017 58.7785 0
      vertex -80.9017 58.7785 1
    endloop
  endfacet
  facet normal 0.0261681 -0.999658 0
    outer loop
      vertex 0 -100 0
      vertex 5.23359 -99.863 1
      vertex 0 -100 1
    endloop
  endfacet
  facet normal 0.0261681 -0.999658 0
    outer loop
      vertex 5.23359 -99.863 1
      vertex 0 -100 0
      vertex 5.23359 -99.863 0
    endloop
  endfacet
  facet normal -0.942636 0.333822 0
    outer loop
      vertex -95.1057 30.9017 0
      vertex -93.358 35.8368 1
      vertex -93.358 35.8368 0
    endloop
  endfacet
  facet normal -0.942636 0.333822 0
    outer loop
      vertex -93.358 35.8368 1
      vertex -95.1057 30.9017 0
      vertex -95.1057 30.9017 1
    endloop
  endfacet
  facet normal 0.793353 -0.608762 0
    outer loop
      vertex 77.7146 -62.932 1
      vertex 80.9017 -58.7785 0
      vertex 80.9017 -58.7785 1
    endloop
  endfacet
  facet normal 0.793353 -0.608762 0
    outer loop
      vertex 80.9017 -58.7785 0
      vertex 77.7146 -62.932 1
      vertex 77.7146 -62.932 0
    endloop
  endfacet
  facet normal 0.182219 0.983258 -0
    outer loop
      vertex 20.7912 97.8148 0
      vertex 15.6434 98.7688 1
      vertex 20.7912 97.8148 1
    endloop
  endfacet
  facet normal 0.182219 0.983258 0
    outer loop
      vertex 15.6434 98.7688 1
      vertex 20.7912 97.8148 0
      vertex 15.6434 98.7688 0
    endloop
  endfacet
  facet normal -0.958821 0.28401 0
    outer loop
      vertex -96.5926 25.8819 0
      vertex -95.1057 30.9017 1
      vertex -95.1057 30.9017 0
    endloop
  endfacet
  facet normal -0.958821 0.28401 0
    outer loop
      vertex -95.1057 30.9017 1
      vertex -96.5926 25.8819 0
      vertex -96.5926 25.8819 1
    endloop
  endfacet
  facet normal -0.28401 -0.958821 0
    outer loop
      vertex -30.9017 -95.1057 0
      vertex -25.8819 -96.5926 1
      vertex -30.9017 -95.1057 1
    endloop
  endfacet
  facet normal -0.28401 -0.958821 -0
    outer loop
      vertex -25.8819 -96.5926 1
      vertex -30.9017 -95.1057 0
      vertex -25.8819 -96.5926 0
    endloop
  endfacet
  facet normal -0.430503 -0.902589 0
    outer loop
      vertex -45.399 -89.1007 0
      vertex -40.6737 -91.3545 1
      vertex -45.399 -89.1007 1
    endloop
  endfacet
  facet normal -0.430503 -0.902589 -0
    outer loop
      vertex -40.6737 -91.3545 1
      vertex -45.399 -89.1007 0
      vertex -40.6737 -91.3545 0
    endloop
  endfacet
  facet normal 0.0784665 -0.996917 0
    outer loop
      vertex 5.23359 -99.863 0
      vertex 10.4528 -99.4522 1
      vertex 5.23359 -99.863 1
    endloop
  endfacet
  facet normal 0.0784665 -0.996917 0
    outer loop
      vertex 10.4528 -99.4522 1
      vertex 5.23359 -99.863 0
      vertex 10.4528 -99.4522 0
    endloop
  endfacet
  facet normal -0.972369 0.233451 0
    outer loop
      vertex -97.8148 20.7912 0
      vertex -96.5926 25.8819 1
      vertex -96.5926 25.8819 0
    endloop
  endfacet
  facet normal -0.972369 0.233451 0
    outer loop
      vertex -96.5926 25.8819 1
      vertex -97.8148 20.7912 0
      vertex -97.8148 20.7912 1
    endloop
  endfacet
  facet normal -0.942636 -0.333822 0
    outer loop
      vertex -93.358 -35.8368 0
      vertex -95.1057 -30.9017 1
      vertex -95.1057 -30.9017 0
    endloop
  endfacet
  facet normal -0.942636 -0.333822 0
    outer loop
      vertex -95.1057 -30.9017 1
      vertex -93.358 -35.8368 0
      vertex -93.358 -35.8368 1
    endloop
  endfacet
  facet normal 0.983258 0.182219 0
    outer loop
      vertex 98.7688 15.6434 1
      vertex 97.8148 20.7912 0
      vertex 97.8148 20.7912 1
    endloop
  endfacet
  facet normal 0.983258 0.182219 0
    outer loop
      vertex 97.8148 20.7912 0
      vertex 98.7688 15.6434 1
      vertex 98.7688 15.6434 0
    endloop
  endfacet
  facet normal -0.852647 -0.522487 0
    outer loop
      vertex -83.8671 -54.4639 0
      vertex -86.6025 -50 1
      vertex -86.6025 -50 0
    endloop
  endfacet
  facet normal -0.852647 -0.522487 0
    outer loop
      vertex -86.6025 -50 1
      vertex -83.8671 -54.4639 0
      vertex -83.8671 -54.4639 1
    endloop
  endfacet
  facet normal 0.333822 -0.942636 0
    outer loop
      vertex 30.9017 -95.1057 0
      vertex 35.8368 -93.358 1
      vertex 30.9017 -95.1057 1
    endloop
  endfacet
  facet normal 0.333822 -0.942636 0
    outer loop
      vertex 35.8368 -93.358 1
      vertex 30.9017 -95.1057 0
      vertex 35.8368 -93.358 0
    endloop
  endfacet
  facet normal 0.991444 -0.130535 0
    outer loop
      vertex 98.7688 -15.6434 1
      vertex 99.4522 -10.4528 0
      vertex 99.4522 -10.4528 1
    endloop
  endfacet
  facet normal 0.991444 -0.130535 0
    outer loop
      vertex 99.4522 -10.4528 0
      vertex 98.7688 -15.6434 1
      vertex 98.7688 -15.6434 0
    endloop
  endfacet
  facet normal 0.608762 -0.793353 0
    outer loop
      vertex 58.7785 -80.9017 0
      vertex 62.932 -77.7146 1
      vertex 58.7785 -80.9017 1
    endloop
  endfacet
  facet normal 0.608762 -0.793353 0
    outer loop
      vertex 62.932 -77.7146 1
      vertex 58.7785 -80.9017 0
      vertex 62.932 -77.7146 0
    endloop
  endfacet
  facet normal 0.430503 0.902589 -0
    outer loop
      vertex 45.399 89.1007 0
      vertex 40.6737 91.3545 1
      vertex 45.399 89.1007 1
    endloop
  endfacet
  facet normal 0.430503 0.902589 0
    outer loop
      vertex 40.6737 91.3545 1
      vertex 45.399 89.1007 0
      vertex 40.6737 91.3545 0
    endloop
  endfacet
  facet normal 0.130535 -0.991444 0
    outer loop
      vertex 10.4528 -99.4522 0
      vertex 15.6434 -98.7688 1
      vertex 10.4528 -99.4522 1
    endloop
  endfacet
  facet normal 0.130535 -0.991444 0
    outer loop
      vertex 15.6434 -98.7688 1
      vertex 10.4528 -99.4522 0
      vertex 15.6434 -98.7688 0
    endloop
  endfacet
  facet normal -0.0261681 -0.999658 0
    outer loop
      vertex -5.23359 -99.863 0
      vertex 0 -100 1
      vertex -5.23359 -99.863 1
    endloop
  endfacet
  facet normal -0.0261681 -0.999658 -0
    outer loop
      vertex 0 -100 1
      vertex -5.23359 -99.863 0
      vertex 0 -100 0
    endloop
  endfacet
  facet normal -0.430503 0.902589 0
    outer loop
      vertex -40.6737 91.3545 0
      vertex -45.399 89.1007 1
      vertex -40.6737 91.3545 1
    endloop
  endfacet
  facet normal -0.430503 0.902589 0
    outer loop
      vertex -45.399 89.1007 1
      vertex -40.6737 91.3545 0
      vertex -45.399 89.1007 0
    endloop
  endfacet
  facet normal -0.566414 -0.824121 0
    outer loop
      vertex -58.7785 -80.9017 0
      vertex -54.4639 -83.8671 1
      vertex -58.7785 -80.9017 1
    endloop
  endfacet
  facet normal -0.566414 -0.824121 -0
    outer loop
      vertex -54.4639 -83.8671 1
      vertex -58.7785 -80.9017 0
      vertex -54.4639 -83.8671 0
    endloop
  endfacet
  facet normal 0.878812 0.477168 0
    outer loop
      vertex 89.1007 45.399 1
      vertex 86.6025 50 0
      vertex 86.6025 50 1
    endloop
  endfacet
  facet normal 0.878812 0.477168 0
    outer loop
      vertex 86.6025 50 0
      vertex 89.1007 45.399 1
      vertex 89.1007 45.399 0
    endloop
  endfacet
  facet normal 0.972369 0.233451 0
    outer loop
      vertex 97.8148 20.7912 1
      vertex 96.5926 25.8819 0
      vertex 96.5926 25.8819 1
    endloop
  endfacet
  facet normal 0.972369 0.233451 0
    outer loop
      vertex 96.5926 25.8819 0
      vertex 97.8148 20.7912 1
      vertex 97.8148 20.7912 0
    endloop
  endfacet
  facet normal -0.130535 0.991444 0
    outer loop
      vertex -10.4528 99.4522 0
      vertex -15.6434 98.7688 1
      vertex -10.4528 99.4522 1
    endloop
  endfacet
  facet normal -0.130535 0.991444 0
    outer loop
      vertex -15.6434 98.7688 1
      vertex -10.4528 99.4522 0
      vertex -15.6434 98.7688 0
    endloop
  endfacet
  facet normal -0.991444 0.130535 0
    outer loop
      vertex -99.4522 10.4528 0
      vertex -98.7688 15.6434 1
      vertex -98.7688 15.6434 0
    endloop
  endfacet
  facet normal -0.991444 0.130535 0
    outer loop
      vertex -98.7688 15.6434 1
      vertex -99.4522 10.4528 0
      vertex -99.4522 10.4528 1
    endloop
  endfacet
  facet normal 0.430503 -0.902589 0
    outer loop
      vertex 40.6737 -91.3545 0
      vertex 45.399 -89.1007 1
      vertex 40.6737 -91.3545 1
    endloop
  endfacet
  facet normal 0.430503 -0.902589 0
    outer loop
      vertex 45.399 -89.1007 1
      vertex 40.6737 -91.3545 0
      vertex 45.399 -89.1007 0
    endloop
  endfacet
  facet normal -0.130535 -0.991444 0
    outer loop
      vertex -15.6434 -98.7688 0
      vertex -10.4528 -99.4522 1
      vertex -15.6434 -98.7688 1
    endloop
  endfacet
  facet normal -0.130535 -0.991444 -0
    outer loop
      vertex -10.4528 -99.4522 1
      vertex -15.6434 -98.7688 0
      vertex -10.4528 -99.4522 0
    endloop
  endfacet
  facet normal -0.999658 -0.0261681 0
    outer loop
      vertex -99.863 -5.23359 0
      vertex -100 0 1
      vertex -100 0 0
    endloop
  endfacet
  facet normal -0.999658 -0.0261681 0
    outer loop
      vertex -100 0 1
      vertex -99.863 -5.23359 0
      vertex -99.863 -5.23359 1
    endloop
  endfacet
  facet normal 0.793353 0.608762 0
    outer loop
      vertex 80.9017 58.7785 1
      vertex 77.7146 62.932 0
      vertex 77.7146 62.932 1
    endloop
  endfacet
  facet normal 0.793353 0.608762 0
    outer loop
      vertex 77.7146 62.932 0
      vertex 80.9017 58.7785 1
      vertex 80.9017 58.7785 0
    endloop
  endfacet
  facet normal 0.566414 -0.824121 0
    outer loop
      vertex 54.4639 -83.8671 0
      vertex 58.7785 -80.9017 1
      vertex 54.4639 -83.8671 1
    endloop
  endfacet
  facet normal 0.566414 -0.824121 0
    outer loop
      vertex 58.7785 -80.9017 1
      vertex 54.4639 -83.8671 0
      vertex 58.7785 -80.9017 0
    endloop
  endfacet
  facet normal -0.983258 -0.182219 0
    outer loop
      vertex -97.8148 -20.7912 0
      vertex -98.7688 -15.6434 1
      vertex -98.7688 -15.6434 0
    endloop
  endfacet
  facet normal -0.983258 -0.182219 0
    outer loop
      vertex -98.7688 -15.6434 1
      vertex -97.8148 -20.7912 0
      vertex -97.8148 -20.7912 1
    endloop
  endfacet
  facet normal 0.566414 0.824121 -0
    outer loop
      vertex 58.7785 80.9017 0
      vertex 54.4639 83.8671 1
      vertex 58.7785 80.9017 1
    endloop
  endfacet
  facet normal 0.566414 0.824121 0
    outer loop
      vertex 54.4639 83.8671 1
      vertex 58.7785 80.9017 0
      vertex 54.4639 83.8671 0
    endloop
  endfacet
  facet normal -0.233451 0.972369 0
    outer loop
      vertex -20.7912 97.8148 0
      vertex -25.8819 96.5926 1
      vertex -20.7912 97.8148 1
    endloop
  endfacet
  facet normal -0.233451 0.972369 0
    outer loop
      vertex -25.8819 96.5926 1
      vertex -20.7912 97.8148 0
      vertex -25.8819 96.5926 0
    endloop
  endfacet
  facet normal 0.649439 0.760414 -0
    outer loop
      vertex 66.9131 74.3145 0
      vertex 62.932 77.7146 1
      vertex 66.9131 74.3145 1
    endloop
  endfacet
  facet normal 0.649439 0.760414 0
    outer loop
      vertex 62.932 77.7146 1
      vertex 66.9131 74.3145 0
      vertex 62.932 77.7146 0
    endloop
  endfacet
  facet normal 0.958821 0.28401 0
    outer loop
      vertex 96.5926 25.8819 1
      vertex 95.1057 30.9017 0
      vertex 95.1057 30.9017 1
    endloop
  endfacet
  facet normal 0.958821 0.28401 0
    outer loop
      vertex 95.1057 30.9017 0
      vertex 96.5926 25.8819 1
      vertex 96.5926 25.8819 0
    endloop
  endfacet
  facet normal -0.725373 0.688356 0
    outer loop
      vertex -74.3145 66.9131 0
      vertex -70.7107 70.7107 1
      vertex -70.7107 70.7107 0
    endloop
  endfacet
  facet normal -0.725373 0.688356 0
    outer loop
      vertex -70.7107 70.7107 1
      vertex -74.3145 66.9131 0
      vertex -74.3145 66.9131 1
    endloop
  endfacet
  facet normal 0.522487 0.852647 -0
    outer loop
      vertex 54.4639 83.8671 0
      vertex 50 86.6025 1
      vertex 54.4639 83.8671 1
    endloop
  endfacet
  facet normal 0.522487 0.852647 0
    outer loop
      vertex 50 86.6025 1
      vertex 54.4639 83.8671 0
      vertex 50 86.6025 0
    endloop
  endfacet
  facet normal -0.566414 0.824121 0
    outer loop
      vertex -54.4639 83.8671 0
      vertex -58.7785 80.9017 1
      vertex -54.4639 83.8671 1
    endloop
  endfacet
  facet normal -0.566414 0.824121 0
    outer loop
      vertex -58.7785 80.9017 1
      vertex -54.4639 83.8671 0
      vertex -58.7785 80.9017 0
    endloop
  endfacet
  facet normal -0.878812 -0.477168 0
    outer loop
      vertex -86.6025 -50 0
      vertex -89.1007 -45.399 1
      vertex -89.1007 -45.399 0
    endloop
  endfacet
  facet normal -0.878812 -0.477168 0
    outer loop
      vertex -89.1007 -45.399 1
      vertex -86.6025 -50 0
      vertex -86.6025 -50 1
    endloop
  endfacet
  facet normal 0.902589 0.430503 0
    outer loop
      vertex 91.3545 40.6737 1
      vertex 89.1007 45.399 0
      vertex 89.1007 45.399 1
    endloop
  endfacet
  facet normal 0.902589 0.430503 0
    outer loop
      vertex 89.1007 45.399 0
      vertex 91.3545 40.6737 1
      vertex 91.3545 40.6737 0
    endloop
  endfacet
  facet normal -0.522487 0.852647 0
    outer loop
      vertex -50 86.6025 0
      vertex -54.4639 83.8671 1
      vertex -50 86.6025 1
    endloop
  endfacet
  facet normal -0.522487 0.852647 0
    outer loop
      vertex -54.4639 83.8671 1
      vertex -50 86.6025 0
      vertex -54.4639 83.8671 0
    endloop
  endfacet
  facet normal 0.477168 -0.878812 0
    outer loop
      vertex 45.399 -89.1007 0
      vertex 50 -86.6025 1
      vertex 45.399 -89.1007 1
    endloop
  endfacet
  facet normal 0.477168 -0.878812 0
    outer loop
      vertex 50 -86.6025 1
      vertex 45.399 -89.1007 0
      vertex 50 -86.6025 0
    endloop
  endfacet
  facet normal 0.852647 0.522487 0
    outer loop
      vertex 86.6025 50 1
      vertex 83.8671 54.4639 0
      vertex 83.8671 54.4639 1
    endloop
  endfacet
  facet normal 0.852647 0.522487 0
    outer loop
      vertex 83.8671 54.4639 0
      vertex 86.6025 50 1
      vertex 86.6025 50 0
    endloop
  endfacet
  facet normal -0.649439 0.760414 0
    outer loop
      vertex -62.932 77.7146 0
      vertex -66.9131 74.3145 1
      vertex -62.932 77.7146 1
    endloop
  endfacet
  facet normal -0.649439 0.760414 0
    outer loop
      vertex -66.9131 74.3145 1
      vertex -62.932 77.7146 0
      vertex -66.9131 74.3145 0
    endloop
  endfacet
  facet normal -0.725373 -0.688356 0
    outer loop
      vertex -70.7107 -70.7107 0
      vertex -74.3145 -66.9131 1
      vertex -74.3145 -66.9131 0
    endloop
  endfacet
  facet normal -0.725373 -0.688356 0
    outer loop
      vertex -74.3145 -66.9131 1
      vertex -70.7107 -70.7107 0
      vertex -70.7107 -70.7107 1
    endloop
  endfacet
  facet normal 0.996917 -0.0784665 0
    outer loop
      vertex 99.4522 -10.4528 1
      vertex 99.863 -5.23359 0
      vertex 99.863 -5.23359 1
    endloop
  endfacet
  facet normal 0.996917 -0.0784665 0
    outer loop
      vertex 99.863 -5.23359 0
      vertex 99.4522 -10.4528 1
      vertex 99.4522 -10.4528 0
    endloop
  endfacet
  facet normal 0.130535 0.991444 -0
    outer loop
      vertex 15.6434 98.7688 0
      vertex 10.4528 99.4522 1
      vertex 15.6434 98.7688 1
    endloop
  endfacet
  facet normal 0.130535 0.991444 0
    outer loop
      vertex 10.4528 99.4522 1
      vertex 15.6434 98.7688 0
      vertex 10.4528 99.4522 0
    endloop
  endfacet
  facet normal -0.608762 0.793353 0
    outer loop
      vertex -58.7785 80.9017 0
      vertex -62.932 77.7146 1
      vertex -58.7785 80.9017 1
    endloop
  endfacet
  facet normal -0.608762 0.793353 0
    outer loop
      vertex -62.932 77.7146 1
      vertex -58.7785 80.9017 0
      vertex -62.932 77.7146 0
    endloop
  endfacet
  facet normal -0.382682 0.92388 0
    outer loop
      vertex -35.8368 93.358 0
      vertex -40.6737 91.3545 1
      vertex -35.8368 93.358 1
    endloop
  endfacet
  facet normal -0.382682 0.92388 0
    outer loop
      vertex -40.6737 91.3545 1
      vertex -35.8368 93.358 0
      vertex -40.6737 91.3545 0
    endloop
  endfacet
  facet normal 0.878812 -0.477168 0
    outer loop
      vertex 86.6025 -50 1
      vertex 89.1007 -45.399 0
      vertex 89.1007 -45.399 1
    endloop
  endfacet
  facet normal 0.878812 -0.477168 0
    outer loop
      vertex 89.1007 -45.399 0
      vertex 86.6025 -50 1
      vertex 86.6025 -50 0
    endloop
  endfacet
  facet normal -0.649439 -0.760414 0
    outer loop
      vertex -66.9131 -74.3145 0
      vertex -62.932 -77.7146 1
      vertex -66.9131 -74.3145 1
    endloop
  endfacet
  facet normal -0.649439 -0.760414 -0
    outer loop
      vertex -62.932 -77.7146 1
      vertex -66.9131 -74.3145 0
      vertex -62.932 -77.7146 0
    endloop
  endfacet
  facet normal -0.608762 -0.793353 0
    outer loop
      vertex -62.932 -77.7146 0
      vertex -58.7785 -80.9017 1
      vertex -62.932 -77.7146 1
    endloop
  endfacet
  facet normal -0.608762 -0.793353 -0
    outer loop
      vertex -58.7785 -80.9017 1
      vertex -62.932 -77.7146 0
      vertex -58.7785 -80.9017 0
    endloop
  endfacet
  facet normal 0.760414 -0.649439 0
    outer loop
      vertex 74.3145 -66.9131 1
      vertex 77.7146 -62.932 0
      vertex 77.7146 -62.932 1
    endloop
  endfacet
  facet normal 0.760414 -0.649439 0
    outer loop
      vertex 77.7146 -62.932 0
      vertex 74.3145 -66.9131 1
      vertex 74.3145 -66.9131 0
    endloop
  endfacet
  facet normal 0.760414 0.649439 0
    outer loop
      vertex 77.7146 62.932 1
      vertex 74.3145 66.9131 0
      vertex 74.3145 66.9131 1
    endloop
  endfacet
  facet normal 0.760414 0.649439 0
    outer loop
      vertex 74.3145 66.9131 0
      vertex 77.7146 62.932 1
      vertex 77.7146 62.932 0
    endloop
  endfacet
  facet normal 0.991444 0.130535 0
    outer loop
      vertex 99.4522 10.4528 1
      vertex 98.7688 15.6434 0
      vertex 98.7688 15.6434 1
    endloop
  endfacet
  facet normal 0.991444 0.130535 0
    outer loop
      vertex 98.7688 15.6434 0
      vertex 99.4522 10.4528 1
      vertex 99.4522 10.4528 0
    endloop
  endfacet
  facet normal 0.942636 -0.333822 0
    outer loop
      vertex 93.358 -35.8368 1
      vertex 95.1057 -30.9017 0
      vertex 95.1057 -30.9017 1
    endloop
  endfacet
  facet normal 0.942636 -0.333822 0
    outer loop
      vertex 95.1057 -30.9017 0
      vertex 93.358 -35.8368 1
      vertex 93.358 -35.8368 0
    endloop
  endfacet
  facet normal 0.28401 -0.958821 0
    outer loop
      vertex 25.8819 -96.5926 0
      vertex 30.9017 -95.1057 1
      vertex 25.8819 -96.5926 1
    endloop
  endfacet
  facet normal 0.28401 -0.958821 0
    outer loop
      vertex 30.9017 -95.1057 1
      vertex 25.8819 -96.5926 0
      vertex 30.9017 -95.1057 0
    endloop
  endfacet
  facet normal 0.725373 -0.688356 0
    outer loop
      vertex 70.7107 -70.7107 1
      vertex 74.3145 -66.9131 0
      vertex 74.3145 -66.9131 1
    endloop
  endfacet
  facet normal 0.725373 -0.688356 0
    outer loop
      vertex 74.3145 -66.9131 0
      vertex 70.7107 -70.7107 1
      vertex 70.7107 -70.7107 0
    endloop
  endfacet
  facet normal 0.958821 -0.28401 0
    outer loop
      vertex 95.1057 -30.9017 1
      vertex 96.5926 -25.8819 0
      vertex 96.5926 -25.8819 1
    endloop
  endfacet
  facet normal 0.958821 -0.28401 0
    outer loop
      vertex 96.5926 -25.8819 0
      vertex 95.1057 -30.9017 1
      vertex 95.1057 -30.9017 0
    endloop
  endfacet
  facet normal -0.996917 -0.0784665 0
    outer loop
      vertex -99.4522 -10.4528 0
      vertex -99.863 -5.23359 1
      vertex -99.863 -5.23359 0
    endloop
  endfacet
  facet normal -0.996917 -0.0784665 0
    outer loop
      vertex -99.863 -5.23359 1
      vertex -99.4522 -10.4528 0
      vertex -99.4522 -10.4528 1
    endloop
  endfacet
  facet normal -0.477168 0.878812 0
    outer loop
      vertex -45.399 89.1007 0
      vertex -50 86.6025 1
      vertex -45.399 89.1007 1
    endloop
  endfacet
  facet normal -0.477168 0.878812 0
    outer loop
      vertex -50 86.6025 1
      vertex -45.399 89.1007 0
      vertex -50 86.6025 0
    endloop
  endfacet
  facet normal 0.649439 -0.760414 0
    outer loop
      vertex 62.932 -77.7146 0
      vertex 66.9131 -74.3145 1
      vertex 62.932 -77.7146 1
    endloop
  endfacet
  facet normal 0.649439 -0.760414 0
    outer loop
      vertex 66.9131 -74.3145 1
      vertex 62.932 -77.7146 0
      vertex 66.9131 -74.3145 0
    endloop
  endfacet
  facet normal 0.477168 0.878812 -0
    outer loop
      vertex 50 86.6025 0
      vertex 45.399 89.1007 1
      vertex 50 86.6025 1
    endloop
  endfacet
  facet normal 0.477168 0.878812 0
    outer loop
      vertex 45.399 89.1007 1
      vertex 50 86.6025 0
      vertex 45.399 89.1007 0
    endloop
  endfacet
  facet normal -0.991444 -0.130535 0
    outer loop
      vertex -98.7688 -15.6434 0
      vertex -99.4522 -10.4528 1
      vertex -99.4522 -10.4528 0
    endloop
  endfacet
  facet normal -0.991444 -0.130535 0
    outer loop
      vertex -99.4522 -10.4528 1
      vertex -98.7688 -15.6434 0
      vertex -98.7688 -15.6434 1
    endloop
  endfacet
  facet normal -0.28401 0.958821 0
    outer loop
      vertex -25.8819 96.5926 0
      vertex -30.9017 95.1057 1
      vertex -25.8819 96.5926 1
    endloop
  endfacet
  facet normal -0.28401 0.958821 0
    outer loop
      vertex -30.9017 95.1057 1
      vertex -25.8819 96.5926 0
      vertex -30.9017 95.1057 0
    endloop
  endfacet
  facet normal 0.522487 -0.852647 0
    outer loop
      vertex 50 -86.6025 0
      vertex 54.4639 -83.8671 1
      vertex 50 -86.6025 1
    endloop
  endfacet
  facet normal 0.522487 -0.852647 0
    outer loop
      vertex 54.4639 -83.8671 1
      vertex 50 -86.6025 0
      vertex 54.4639 -83.8671 0
    endloop
  endfacet
  facet normal 0.333822 0.942636 -0
    outer loop
      vertex 35.8368 93.358 0
      vertex 30.9017 95.1057 1
      vertex 35.8368 93.358 1
    endloop
  endfacet
  facet normal 0.333822 0.942636 0
    outer loop
      vertex 30.9017 95.1057 1
      vertex 35.8368 93.358 0
      vertex 30.9017 95.1057 0
    endloop
  endfacet
  facet normal -0.182219 0.983258 0
    outer loop
      vertex -15.6434 98.7688 0
      vertex -20.7912 97.8148 1
      vertex -15.6434 98.7688 1
    endloop
  endfacet
  facet normal -0.182219 0.983258 0
    outer loop
      vertex -20.7912 97.8148 1
      vertex -15.6434 98.7688 0
      vertex -20.7912 97.8148 0
    endloop
  endfacet
  facet normal -0.760414 0.649439 0
    outer loop
      vertex -77.7146 62.932 0
      vertex -74.3145 66.9131 1
      vertex -74.3145 66.9131 0
    endloop
  endfacet
  facet normal -0.760414 0.649439 0
    outer loop
      vertex -74.3145 66.9131 1
      vertex -77.7146 62.932 0
      vertex -77.7146 62.932 1
    endloop
  endfacet
  facet normal 0.0261681 0.999658 -0
    outer loop
      vertex 5.23359 99.863 0
      vertex 0 100 1
      vertex 5.23359 99.863 1
    endloop
  endfacet
  facet normal 0.0261681 0.999658 0
    outer loop
      vertex 0 100 1
      vertex 5.23359 99.863 0
      vertex 0 100 0
    endloop
  endfacet
  facet normal -0.824121 0.566414 0
    outer loop
      vertex -83.8671 54.4639 0
      vertex -80.9017 58.7785 1
      vertex -80.9017 58.7785 0
    endloop
  endfacet
  facet normal -0.824121 0.566414 0
    outer loop
      vertex -80.9017 58.7785 1
      vertex -83.8671 54.4639 0
      vertex -83.8671 54.4639 1
    endloop
  endfacet
  facet normal 0.972369 -0.233451 0
    outer loop
      vertex 96.5926 -25.8819 1
      vertex 97.8148 -20.7912 0
      vertex 97.8148 -20.7912 1
    endloop
  endfacet
  facet normal 0.972369 -0.233451 0
    outer loop
      vertex 97.8148 -20.7912 0
      vertex 96.5926 -25.8819 1
      vertex 96.5926 -25.8819 0
    endloop
  endfacet
  facet normal -0.0784665 0.996917 0
    outer loop
      vertex -5.23359 99.863 0
      vertex -10.4528 99.4522 1
      vertex -5.23359 99.863 1
    endloop
  endfacet
  facet normal -0.0784665 0.996917 0
    outer loop
      vertex -10.4528 99.4522 1
      vertex -5.23359 99.863 0
      vertex -10.4528 99.4522 0
    endloop
  endfacet
  facet normal 0.688356 -0.725373 0
    outer loop
      vertex 66.9131 -74.3145 0
      vertex 70.7107 -70.7107 1
      vertex 66.9131 -74.3145 1
    endloop
  endfacet
  facet normal 0.688356 -0.725373 0
    outer loop
      vertex 70.7107 -70.7107 1
      vertex 66.9131 -74.3145 0
      vertex 70.7107 -70.7107 0
    endloop
  endfacet
  facet normal -0.902589 0.430503 0
    outer loop
      vertex -91.3545 40.6737 0
      vertex -89.1007 45.399 1
      vertex -89.1007 45.399 0
    endloop
  endfacet
  facet normal -0.902589 0.430503 0
    outer loop
      vertex -89.1007 45.399 1
      vertex -91.3545 40.6737 0
      vertex -91.3545 40.6737 1
    endloop
  endfacet
  facet normal 0.688356 0.725373 -0
    outer loop
      vertex 70.7107 70.7107 0
      vertex 66.9131 74.3145 1
      vertex 70.7107 70.7107 1
    endloop
  endfacet
  facet normal 0.688356 0.725373 0
    outer loop
      vertex 66.9131 74.3145 1
      vertex 70.7107 70.7107 0
      vertex 66.9131 74.3145 0
    endloop
  endfacet
  facet normal -0.382682 -0.92388 0
    outer loop
      vertex -40.6737 -91.3545 0
      vertex -35.8368 -93.358 1
      vertex -40.6737 -91.3545 1
    endloop
  endfacet
  facet normal -0.382682 -0.92388 -0
    outer loop
      vertex -35.8368 -93.358 1
      vertex -40.6737 -91.3545 0
      vertex -35.8368 -93.358 0
    endloop
  endfacet
  facet normal 0.608762 0.793353 -0
    outer loop
      vertex 62.932 77.7146 0
      vertex 58.7785 80.9017 1
      vertex 62.932 77.7146 1
    endloop
  endfacet
  facet normal 0.608762 0.793353 0
    outer loop
      vertex 58.7785 80.9017 1
      vertex 62.932 77.7146 0
      vertex 58.7785 80.9017 0
    endloop
  endfacet
  facet normal -0.333822 0.942636 0
    outer loop
      vertex -30.9017 95.1057 0
      vertex -35.8368 93.358 1
      vertex -30.9017 95.1057 1
    endloop
  endfacet
  facet normal -0.333822 0.942636 0
    outer loop
      vertex -35.8368 93.358 1
      vertex -30.9017 95.1057 0
      vertex -35.8368 93.358 0
    endloop
  endfacet
  facet normal -0.688356 0.725373 0
    outer loop
      vertex -66.9131 74.3145 0
      vertex -70.7107 70.7107 1
      vertex -66.9131 74.3145 1
    endloop
  endfacet
  facet normal -0.688356 0.725373 0
    outer loop
      vertex -70.7107 70.7107 1
      vertex -66.9131 74.3145 0
      vertex -70.7107 70.7107 0
    endloop
  endfacet
  facet normal 0.942636 0.333822 0
    outer loop
      vertex 95.1057 30.9017 1
      vertex 93.358 35.8368 0
      vertex 93.358 35.8368 1
    endloop
  endfacet
  facet normal 0.942636 0.333822 0
    outer loop
      vertex 93.358 35.8368 0
      vertex 95.1057 30.9017 1
      vertex 95.1057 30.9017 0
    endloop
  endfacet
  facet normal -0.760414 -0.649439 0
    outer loop
      vertex -74.3145 -66.9131 0
      vertex -77.7146 -62.932 1
      vertex -77.7146 -62.932 0
    endloop
  endfacet
  facet normal -0.760414 -0.649439 0
    outer loop
      vertex -77.7146 -62.932 1
      vertex -74.3145 -66.9131 0
      vertex -74.3145 -66.9131 1
    endloop
  endfacet
  facet normal -0.999658 0.0261681 0
    outer loop
      vertex -100 0 0
      vertex -99.863 5.23359 1
      vertex -99.863 5.23359 0
    endloop
  endfacet
  facet normal -0.999658 0.0261681 0
    outer loop
      vertex -99.863 5.23359 1
      vertex -100 0 0
      vertex -100 0 1
    endloop
  endfacet
  facet normal 0.725373 0.688356 0
    outer loop
      vertex 74.3145 66.9131 1
      vertex 70.7107 70.7107 0
      vertex 70.7107 70.7107 1
    endloop
  endfacet
  facet normal 0.725373 0.688356 0
    outer loop
      vertex 70.7107 70.7107 0
      vertex 74.3145 66.9131 1
      vertex 74.3145 66.9131 0
    endloop
  endfacet
  facet normal 0.824121 -0.566414 0
    outer loop
      vertex 80.9017 -58.7785 1
      vertex 83.8671 -54.4639 0
      vertex 83.8671 -54.4639 1
    endloop
  endfacet
  facet normal 0.824121 -0.566414 0
    outer loop
      vertex 83.8671 -54.4639 0
      vertex 80.9017 -58.7785 1
      vertex 80.9017 -58.7785 0
    endloop
  endfacet
  facet normal -0.0261681 0.999658 0
    outer loop
      vertex 0 100 0
      vertex -5.23359 99.863 1
      vertex 0 100 1
    endloop
  endfacet
  facet normal -0.0261681 0.999658 0
    outer loop
      vertex -5.23359 99.863 1
      vertex 0 100 0
      vertex -5.23359 99.863 0
    endloop
  endfacet
  facet normal 0.92388 -0.382682 0
    outer loop
      vertex 91.3545 -40.6737 1
      vertex 93.358 -35.8368 0
      vertex 93.358 -35.8368 1
    endloop
  endfacet
  facet normal 0.92388 -0.382682 0
    outer loop
      vertex 93.358 -35.8368 0
      vertex 91.3545 -40.6737 1
      vertex 91.3545 -40.6737 0
    endloop
  endfacet
  facet normal 0.902589 -0.430503 0
    outer loop
      vertex 89.1007 -45.399 1
      vertex 91.3545 -40.6737 0
      vertex 91.3545 -40.6737 1
    endloop
  endfacet
  facet normal 0.902589 -0.430503 0
    outer loop
      vertex 91.3545 -40.6737 0
      vertex 89.1007 -45.399 1
      vertex 89.1007 -45.399 0
    endloop
  endfacet
  facet normal -0.878812 0.477168 0
    outer loop
      vertex -89.1007 45.399 0
      vertex -86.6025 50 1
      vertex -86.6025 50 0
    endloop
  endfacet
  facet normal -0.878812 0.477168 0
    outer loop
      vertex -86.6025 50 1
      vertex -89.1007 45.399 0
      vertex -89.1007 45.399 1
    endloop
  endfacet
  facet normal 0.233451 -0.972369 0
    outer loop
      vertex 20.7912 -97.8148 0
      vertex 25.8819 -96.5926 1
      vertex 20.7912 -97.8148 1
    endloop
  endfacet
  facet normal 0.233451 -0.972369 0
    outer loop
      vertex 25.8819 -96.5926 1
      vertex 20.7912 -97.8148 0
      vertex 25.8819 -96.5926 0
    endloop
  endfacet
  facet normal -0.92388 -0.382682 0
    outer loop
      vertex -91.3545 -40.6737 0
      vertex -93.358 -35.8368 1
      vertex -93.358 -35.8368 0
    endloop
  endfacet
  facet normal -0.92388 -0.382682 0
    outer loop
      vertex -93.358 -35.8368 1
      vertex -91.3545 -40.6737 0
      vertex -91.3545 -40.6737 1
    endloop
  endfacet
  facet normal 0.999658 -0.0261681 0
    outer loop
      vertex 99.863 -5.23359 1
      vertex 100 0 0
      vertex 100 0 1
    endloop
  endfacet
  facet normal 0.999658 -0.0261681 0
    outer loop
      vertex 100 0 0
      vertex 99.863 -5.23359 1
      vertex 99.863 -5.23359 0
    endloop
  endfacet
  facet normal -0.92388 0.382682 0
    outer loop
      vertex -93.358 35.8368 0
      vertex -91.3545 40.6737 1
      vertex -91.3545 40.6737 0
    endloop
  endfacet
  facet normal -0.92388 0.382682 0
    outer loop
      vertex -91.3545 40.6737 1
      vertex -93.358 35.8368 0
      vertex -93.358 35.8368 1
    endloop
  endfacet
  facet normal 0.182219 -0.983258 0
    outer loop
      vertex 15.6434 -98.7688 0
      vertex 20.7912 -97.8148 1
      vertex 15.6434 -98.7688 1
    endloop
  endfacet
  facet normal 0.182219 -0.983258 0
    outer loop
      vertex 20.7912 -97.8148 1
      vertex 15.6434 -98.7688 0
      vertex 20.7912 -97.8148 0
    endloop
  endfacet
  facet normal 0.852647 -0.522487 0
    outer loop
      vertex 83.8671 -54.4639 1
      vertex 86.6025 -50 0
      vertex 86.6025 -50 1
    endloop
  endfacet
  facet normal 0.852647 -0.522487 0
    outer loop
      vertex 86.6025 -50 0
      vertex 83.8671 -54.4639 1
      vertex 83.8671 -54.4639 0
    endloop
  endfacet
  facet normal 0.382682 0.92388 -0
    outer loop
      vertex 40.6737 91.3545 0
      vertex 35.8368 93.358 1
      vertex 40.6737 91.3545 1
    endloop
  endfacet
  facet normal 0.382682 0.92388 0
    outer loop
      vertex 35.8368 93.358 1
      vertex 40.6737 91.3545 0
      vertex 35.8368 93.358 0
    endloop
  endfacet
  facet normal -0.852647 0.522487 0
    outer loop
      vertex -86.6025 50 0
      vertex -83.8671 54.4639 1
      vertex -83.8671 54.4639 0
    endloop
  endfacet
  facet normal -0.852647 0.522487 0
    outer loop
      vertex -83.8671 54.4639 1
      vertex -86.6025 50 0
      vertex -86.6025 50 1
    endloop
  endfacet
  facet normal -0 0 -1
    outer loop
      vertex -25.1861 3.98908 0
      vertex -42.3227 1.08928 0
      vertex -24.9428 5.30175 0
    endloop
  endfacet
  facet normal 0 0 -1
    outer loop
      vertex -42.382 1.17557 0
      vertex -24.9428 5.30175 0
      vertex -42.3227 1.08928 0
    endloop
  endfacet
  facet normal 0 0 -1
    outer loop
      vertex -42.4457 1.25864 0
      vertex -24.9428 5.30175 0
      vertex -42.382 1.17557 0
    endloop
  endfacet
  facet normal 0 0 -1
    outer loop
      vertex -42.5137 1.33826 0
      vertex -24.9428 5.30175 0
      vertex -42.4457 1.25864 0
    endloop
  endfacet
  facet normal -0 0 -1
    outer loop
      vertex -24.9428 5.30175 0
      vertex -42.5137 1.33826 0
      vertex -24.6311 6.59988 0
    endloop
  endfacet
  facet normal 0 0 -1
    outer loop
      vertex -42.5858 1.41421 0
      vertex -24.6311 6.59988 0
      vertex -42.5137 1.33826 0
    endloop
  endfacet
  facet normal 0 0 -1
    outer loop
      vertex -42.6617 1.48629 0
      vertex -24.6311 6.59988 0
      vertex -42.5858 1.41421 0
    endloop
  endfacet
  facet normal 0 0 -1
    outer loop
      vertex -42.7414 1.55429 0
      vertex -24.6311 6.59988 0
      vertex -42.6617 1.48629 0
    endloop
  endfacet
  facet normal -0 0 -1
    outer loop
      vertex -24.6311 6.59988 0
      vertex -42.7414 1.55429 0
      vertex -24.2519 7.87993 0
    endloop
  endfacet
  facet normal 0 0 -1
    outer loop
      vertex -42.8244 1.61803 0
      vertex -24.2519 7.87993 0
      vertex -42.7414 1.55429 0
    endloop
  endfacet
  facet normal 0 0 -1
    outer loop
      vertex -42.9107 1.67734 0
      vertex -24.2519 7.87993 0
      vertex -42.8244 1.61803 0
    endloop
  endfacet
  facet normal -0 0 -1
    outer loop
      vertex -24.2519 7.87993 0
      vertex -42.9107 1.67734 0
      vertex -23.8063 9.13838 0
    endloop
  endfacet
  facet normal 0 0 -1
    outer loop
      vertex -43 1.73205 0
      vertex -23.8063 9.13838 0
      vertex -42.9107 1.67734 0
    endloop
  endfacet
  facet normal 0 0 -1
    outer loop
      vertex -43.092 1.78201 0
      vertex -23.8063 9.13838 0
      vertex -43 1.73205 0
    endloop
  endfacet
  facet normal 0 0 -1
    outer loop
      vertex -43.1865 1.82709 0
      vertex -23.8063 9.13838 0
      vertex -43.092 1.78201 0
    endloop
  endfacet
  facet normal -0 0 -1
    outer loop
      vertex -23.8063 9.13838 0
      vertex -43.1865 1.82709 0
      vertex -23.2954 10.3718 0
    endloop
  endfacet
  facet normal 0 0 -1
    outer loop
      vertex -43.2833 1.86716 0
      vertex -23.2954 10.3718 0
      vertex -43.1865 1.82709 0
    endloop
  endfacet
  facet normal 0 0 -1
    outer loop
      vertex -43.382 1.90211 0
      vertex -23.2954 10.3718 0
      vertex -43.2833 1.86716 0
    endloop
  endfacet
  facet normal -0 0 -1
    outer loop
      vertex -23.2954 10.3718 0
      vertex -43.382 1.90211 0
      vertex -22.7207 11.5768 0
    endloop
  endfacet
  facet normal 0 0 -1
    outer loop
      vertex -43.4824 1.93185 0
      vertex -22.7207 11.5768 0
      vertex -43.382 1.90211 0
    endloop
  endfacet
  facet normal 0 0 -1
    outer loop
      vertex -43.5842 1.9563 0
      vertex -22.7207 11.5768 0
      vertex -43.4824 1.93185 0
    endloop
  endfacet
  facet normal -0 0 -1
    outer loop
      vertex -22.7207 11.5768 0
      vertex -43.5842 1.9563 0
      vertex -22.0836 12.75 0
    endloop
  endfacet
  facet normal 0 0 -1
    outer loop
      vertex -43.6871 1.97538 0
      vertex -22.0836 12.75 0
      vertex -43.5842 1.9563 0
    endloop
  endfacet
  facet normal 0 0 -1
    outer loop
      vertex -43.7909 1.98904 0
      vertex -22.0836 12.75 0
      vertex -43.6871 1.97538 0
    endloop
  endfacet
  facet normal -0 0 -1
    outer loop
      vertex -22.0836 12.75 0
      vertex -43.7909 1.98904 0
      vertex -21.3861 13.8883 0
    endloop
  endfacet
  facet normal 0 0 -1
    outer loop
      vertex -43.8953 1.99726 0
      vertex -21.3861 13.8883 0
      vertex -43.7909 1.98904 0
    endloop
  endfacet
  facet normal 0 0 -1
    outer loop
      vertex -44 2 0
      vertex -21.3861 13.8883 0
      vertex -43.8953 1.99726 0
    endloop
  endfacet
  facet normal -0 0 -1
    outer loop
      vertex -21.3861 13.8883 0
      vertex -44 2 0
      vertex -20.6299 14.9885 0
    endloop
  endfacet
  facet normal 0 0 -1
    outer loop
      vertex -44.1047 1.99726 0
      vertex -20.6299 14.9885 0
      vertex -44 2 0
    endloop
  endfacet
  facet normal 0 0 -1
    outer loop
      vertex -44.2091 1.98904 0
      vertex -20.6299 14.9885 0
      vertex -44.1047 1.99726 0
    endloop
  endfacet
  facet normal -0 0 -1
    outer loop
      vertex -20.6299 14.9885 0
      vertex -44.2091 1.98904 0
      vertex -19.8172 16.0477 0
    endloop
  endfacet
  facet normal 0 0 -1
    outer loop
      vertex -77.7146 62.932 0
      vertex -19.8172 16.0477 0
      vertex -44.2091 1.98904 0
    endloop
  endfacet
  facet normal 0 0 -1
    outer loop
      vertex -77.7146 62.932 0
      vertex -44.2091 1.98904 0
      vertex -44.3129 1.97538 0
    endloop
  endfacet
  facet normal 0 0 -1
    outer loop
      vertex -80.9017 58.7785 0
      vertex -44.3129 1.97538 0
      vertex -44.4158 1.9563 0
    endloop
  endfacet
  facet normal 0 0 -1
    outer loop
      vertex -80.9017 58.7785 0
      vertex -44.4158 1.9563 0
      vertex -44.5176 1.93185 0
    endloop
  endfacet
  facet normal 0 0 -1
    outer loop
      vertex -83.8671 54.4639 0
      vertex -44.5176 1.93185 0
      vertex -44.618 1.90211 0
    endloop
  endfacet
  facet normal 0 0 -1
    outer loop
      vertex -83.8671 54.4639 0
      vertex -44.618 1.90211 0
      vertex -44.7167 1.86716 0
    endloop
  endfacet
  facet normal 0 0 -1
    outer loop
      vertex -86.6025 50 0
      vertex -44.7167 1.86716 0
      vertex -44.8135 1.82709 0
    endloop
  endfacet
  facet normal 0 0 -1
    outer loop
      vertex -89.1007 45.399 0
      vertex -44.8135 1.82709 0
      vertex -44.908 1.78201 0
    endloop
  endfacet
  facet normal 0 0 -1
    outer loop
      vertex -89.1007 45.399 0
      vertex -44.908 1.78201 0
      vertex -45 1.73205 0
    endloop
  endfacet
  facet normal 0 0 -1
    outer loop
      vertex -91.3545 40.6737 0
      vertex -45 1.73205 0
      vertex -45.0893 1.67734 0
    endloop
  endfacet
  facet normal 0 0 -1
    outer loop
      vertex -91.3545 40.6737 0
      vertex -45.0893 1.67734 0
      vertex -45.1756 1.61803 0
    endloop
  endfacet
  facet normal 0 0 -1
    outer loop
      vertex -93.358 35.8368 0
      vertex -45.1756 1.61803 0
      vertex -45.2586 1.55429 0
    endloop
  endfacet
  facet normal 0 0 -1
    outer loop
      vertex -93.358 35.8368 0
      vertex -45.2586 1.55429 0
      vertex -45.3383 1.48629 0
    endloop
  endfacet
  facet normal 0 0 -1
    outer loop
      vertex -19.8172 16.0477 0
      vertex -45.399 89.1007 0
      vertex -40.6737 91.3545 0
    endloop
  endfacet
  facet normal 0 0 -1
    outer loop
      vertex -93.358 35.8368 0
      vertex -45.3383 1.48629 0
      vertex -45.4142 1.41421 0
    endloop
  endfacet
  facet normal 0 0 -1
    outer loop
      vertex -95.1057 30.9017 0
      vertex -45.4142 1.41421 0
      vertex -45.4863 1.33826 0
    endloop
  endfacet
  facet normal 0 0 -1
    outer loop
      vertex -95.1057 30.9017 0
      vertex -45.4863 1.33826 0
      vertex -45.5543 1.25864 0
    endloop
  endfacet
  facet normal 0 0 -1
    outer loop
      vertex -96.5926 25.8819 0
      vertex -45.5543 1.25864 0
      vertex -45.618 1.17557 0
    endloop
  endfacet
  facet normal 0 0 -1
    outer loop
      vertex -96.5926 25.8819 0
      vertex -45.618 1.17557 0
      vertex -45.6773 1.08928 0
    endloop
  endfacet
  facet normal 0 0 -1
    outer loop
      vertex -97.8148 20.7912 0
      vertex -45.6773 1.08928 0
      vertex -45.732 1 0
    endloop
  endfacet
  facet normal 0 0 -1
    outer loop
      vertex -97.8148 20.7912 0
      vertex -45.732 1 0
      vertex -45.782 0.907981 0
    endloop
  endfacet
  facet normal 0 0 -1
    outer loop
      vertex -97.8148 20.7912 0
      vertex -45.782 0.907981 0
      vertex -45.8271 0.813473 0
    endloop
  endfacet
  facet normal 0 0 -1
    outer loop
      vertex -98.7688 15.6434 0
      vertex -45.8271 0.813473 0
      vertex -45.8672 0.716736 0
    endloop
  endfacet
  facet normal 0 0 -1
    outer loop
      vertex -98.7688 15.6434 0
      vertex -45.8672 0.716736 0
      vertex -45.9021 0.618033 0
    endloop
  endfacet
  facet normal 0 0 -1
    outer loop
      vertex -99.4522 10.4528 0
      vertex -45.9021 0.618033 0
      vertex -45.9319 0.517637 0
    endloop
  endfacet
  facet normal 0 0 -1
    outer loop
      vertex -99.4522 10.4528 0
      vertex -45.9319 0.517637 0
      vertex -45.9563 0.415823 0
    endloop
  endfacet
  facet normal 0 0 -1
    outer loop
      vertex -99.863 5.23359 0
      vertex -45.9563 0.415823 0
      vertex -45.9754 0.312868 0
    endloop
  endfacet
  facet normal 0 0 -1
    outer loop
      vertex -99.863 5.23359 0
      vertex -45.9754 0.312868 0
      vertex -45.989 0.209057 0
    endloop
  endfacet
  facet normal 0 0 -1
    outer loop
      vertex -99.863 5.23359 0
      vertex -45.989 0.209057 0
      vertex -45.9973 0.104671 0
    endloop
  endfacet
  facet normal 0 0 -1
    outer loop
      vertex -100 0 0
      vertex -45.9973 0.104671 0
      vertex -46 0 0
    endloop
  endfacet
  facet normal -0 0 -1
    outer loop
      vertex -45.4863 -1.33826 0
      vertex -95.1057 -30.9017 0
      vertex -45.5543 -1.25864 0
    endloop
  endfacet
  facet normal 0 0 -1
    outer loop
      vertex -19.8172 16.0477 0
      vertex -50 86.6025 0
      vertex -45.399 89.1007 0
    endloop
  endfacet
  facet normal 0 0 -1
    outer loop
      vertex -96.5926 -25.8819 0
      vertex -45.5543 -1.25864 0
      vertex -95.1057 -30.9017 0
    endloop
  endfacet
  facet normal 0 0 -1
    outer loop
      vertex -19.8172 16.0477 0
      vertex -54.4639 83.8671 0
      vertex -50 86.6025 0
    endloop
  endfacet
  facet normal -0 0 -1
    outer loop
      vertex -45.5543 -1.25864 0
      vertex -96.5926 -25.8819 0
      vertex -45.618 -1.17557 0
    endloop
  endfacet
  facet normal 0 0 -1
    outer loop
      vertex -19.8172 16.0477 0
      vertex -58.7785 80.9017 0
      vertex -54.4639 83.8671 0
    endloop
  endfacet
  facet normal -0 0 -1
    outer loop
      vertex -45.618 -1.17557 0
      vertex -96.5926 -25.8819 0
      vertex -45.6773 -1.08928 0
    endloop
  endfacet
  facet normal 0 0 -1
    outer loop
      vertex -19.8172 16.0477 0
      vertex -62.932 77.7146 0
      vertex -58.7785 80.9017 0
    endloop
  endfacet
  facet normal 0 0 -1
    outer loop
      vertex -97.8148 -20.7912 0
      vertex -45.6773 -1.08928 0
      vertex -96.5926 -25.8819 0
    endloop
  endfacet
  facet normal 0 0 -1
    outer loop
      vertex -19.8172 16.0477 0
      vertex -66.9131 74.3145 0
      vertex -62.932 77.7146 0
    endloop
  endfacet
  facet normal -0 0 -1
    outer loop
      vertex -45.6773 -1.08928 0
      vertex -97.8148 -20.7912 0
      vertex -45.732 -1 0
    endloop
  endfacet
  facet normal 0 0 -1
    outer loop
      vertex -19.8172 16.0477 0
      vertex -70.7107 70.7107 0
      vertex -66.9131 74.3145 0
    endloop
  endfacet
  facet normal -0 0 -1
    outer loop
      vertex -45.732 -1 0
      vertex -97.8148 -20.7912 0
      vertex -45.782 -0.907981 0
    endloop
  endfacet
  facet normal 0 0 -1
    outer loop
      vertex -19.8172 16.0477 0
      vertex -74.3145 66.9131 0
      vertex -70.7107 70.7107 0
    endloop
  endfacet
  facet normal -0 0 -1
    outer loop
      vertex -45.782 -0.907981 0
      vertex -97.8148 -20.7912 0
      vertex -45.8271 -0.813473 0
    endloop
  endfacet
  facet normal 0 0 -1
    outer loop
      vertex -19.8172 16.0477 0
      vertex -77.7146 62.932 0
      vertex -74.3145 66.9131 0
    endloop
  endfacet
  facet normal 0 0 -1
    outer loop
      vertex -98.7688 -15.6434 0
      vertex -45.8271 -0.813473 0
      vertex -97.8148 -20.7912 0
    endloop
  endfacet
  facet normal 0 0 -1
    outer loop
      vertex -44.3129 1.97538 0
      vertex -80.9017 58.7785 0
      vertex -77.7146 62.932 0
    endloop
  endfacet
  facet normal -0 0 -1
    outer loop
      vertex -45.8271 -0.813473 0
      vertex -98.7688 -15.6434 0
      vertex -45.8672 -0.716736 0
    endloop
  endfacet
  facet normal 0 0 -1
    outer loop
      vertex -44.5176 1.93185 0
      vertex -83.8671 54.4639 0
      vertex -80.9017 58.7785 0
    endloop
  endfacet
  facet normal -0 0 -1
    outer loop
      vertex -45.8672 -0.716736 0
      vertex -98.7688 -15.6434 0
      vertex -45.9021 -0.618033 0
    endloop
  endfacet
  facet normal 0 0 -1
    outer loop
      vertex -44.7167 1.86716 0
      vertex -86.6025 50 0
      vertex -83.8671 54.4639 0
    endloop
  endfacet
  facet normal 0 0 -1
    outer loop
      vertex -99.4522 -10.4528 0
      vertex -45.9021 -0.618033 0
      vertex -98.7688 -15.6434 0
    endloop
  endfacet
  facet normal 0 0 -1
    outer loop
      vertex -44.8135 1.82709 0
      vertex -89.1007 45.399 0
      vertex -86.6025 50 0
    endloop
  endfacet
  facet normal -0 0 -1
    outer loop
      vertex -45.9021 -0.618033 0
      vertex -99.4522 -10.4528 0
      vertex -45.9319 -0.517637 0
    endloop
  endfacet
  facet normal 0 0 -1
    outer loop
      vertex -45 1.73205 0
      vertex -91.3545 40.6737 0
      vertex -89.1007 45.399 0
    endloop
  endfacet
  facet normal -0 0 -1
    outer loop
      vertex -45.9319 -0.517637 0
      vertex -99.4522 -10.4528 0
      vertex -45.9563 -0.415823 0
    endloop
  endfacet
  facet normal 0 0 -1
    outer loop
      vertex -45.1756 1.61803 0
      vertex -93.358 35.8368 0
      vertex -91.3545 40.6737 0
    endloop
  endfacet
  facet normal 0 0 -1
    outer loop
      vertex -99.863 -5.23359 0
      vertex -45.9563 -0.415823 0
      vertex -99.4522 -10.4528 0
    endloop
  endfacet
  facet normal 0 0 -1
    outer loop
      vertex -45.4142 1.41421 0
      vertex -95.1057 30.9017 0
      vertex -93.358 35.8368 0
    endloop
  endfacet
  facet normal -0 0 -1
    outer loop
      vertex -45.9563 -0.415823 0
      vertex -99.863 -5.23359 0
      vertex -45.9754 -0.312868 0
    endloop
  endfacet
  facet normal 0 0 -1
    outer loop
      vertex -45.5543 1.25864 0
      vertex -96.5926 25.8819 0
      vertex -95.1057 30.9017 0
    endloop
  endfacet
  facet normal -0 0 -1
    outer loop
      vertex -45.9754 -0.312868 0
      vertex -99.863 -5.23359 0
      vertex -45.989 -0.209057 0
    endloop
  endfacet
  facet normal 0 0 -1
    outer loop
      vertex -45.6773 1.08928 0
      vertex -97.8148 20.7912 0
      vertex -96.5926 25.8819 0
    endloop
  endfacet
  facet normal -0 0 -1
    outer loop
      vertex -45.989 -0.209057 0
      vertex -99.863 -5.23359 0
      vertex -45.9973 -0.104671 0
    endloop
  endfacet
  facet normal 0 0 -1
    outer loop
      vertex -45.8271 0.813473 0
      vertex -98.7688 15.6434 0
      vertex -97.8148 20.7912 0
    endloop
  endfacet
  facet normal 0 0 -1
    outer loop
      vertex -100 0 0
      vertex -45.9973 -0.104671 0
      vertex -99.863 -5.23359 0
    endloop
  endfacet
  facet normal 0 0 -1
    outer loop
      vertex -45.9021 0.618033 0
      vertex -99.4522 10.4528 0
      vertex -98.7688 15.6434 0
    endloop
  endfacet
  facet normal 0 0 -1
    outer loop
      vertex -45.9973 -0.104671 0
      vertex -100 0 0
      vertex -46 0 0
    endloop
  endfacet
  facet normal 0 0 -1
    outer loop
      vertex -45.9563 0.415823 0
      vertex -99.863 5.23359 0
      vertex -99.4522 10.4528 0
    endloop
  endfacet
  facet normal -0 0 -1
    outer loop
      vertex -45.9973 0.104671 0
      vertex -100 0 0
      vertex -99.863 5.23359 0
    endloop
  endfacet
  facet normal 0 0 -1
    outer loop
      vertex 44.2091 1.98904 0
      vertex 19.8172 16.0477 0
      vertex 77.7146 62.932 0
    endloop
  endfacet
  facet normal -0 0 -1
    outer loop
      vertex 77.7146 62.932 0
      vertex 19.8172 16.0477 0
      vertex 74.3145 66.9131 0
    endloop
  endfacet
  facet normal 0 0 -1
    outer loop
      vertex 18.9502 17.0628 0
      vertex 74.3145 66.9131 0
      vertex 19.8172 16.0477 0
    endloop
  endfacet
  facet normal -0 0 -1
    outer loop
      vertex 74.3145 66.9131 0
      vertex 18.9502 17.0628 0
      vertex 70.7107 70.7107 0
    endloop
  endfacet
  facet normal 0 0 -1
    outer loop
      vertex 18.0312 18.0312 0
      vertex 70.7107 70.7107 0
      vertex 18.9502 17.0628 0
    endloop
  endfacet
  facet normal -0 0 -1
    outer loop
      vertex 70.7107 70.7107 0
      vertex 18.0312 18.0312 0
      vertex 66.9131 74.3145 0
    endloop
  endfacet
  facet normal 0 0 -1
    outer loop
      vertex 17.0628 18.9502 0
      vertex 66.9131 74.3145 0
      vertex 18.0312 18.0312 0
    endloop
  endfacet
  facet normal -0 0 -1
    outer loop
      vertex 66.9131 74.3145 0
      vertex 17.0628 18.9502 0
      vertex 62.932 77.7146 0
    endloop
  endfacet
  facet normal 0 0 -1
    outer loop
      vertex 16.0477 19.8172 0
      vertex 62.932 77.7146 0
      vertex 17.0628 18.9502 0
    endloop
  endfacet
  facet normal -0 0 -1
    outer loop
      vertex 62.932 77.7146 0
      vertex 16.0477 19.8172 0
      vertex 58.7785 80.9017 0
    endloop
  endfacet
  facet normal 0 0 -1
    outer loop
      vertex 14.9885 20.6299 0
      vertex 58.7785 80.9017 0
      vertex 16.0477 19.8172 0
    endloop
  endfacet
  facet normal -0 0 -1
    outer loop
      vertex 58.7785 80.9017 0
      vertex 14.9885 20.6299 0
      vertex 54.4639 83.8671 0
    endloop
  endfacet
  facet normal 0 0 -1
    outer loop
      vertex 13.8883 21.3861 0
      vertex 54.4639 83.8671 0
      vertex 14.9885 20.6299 0
    endloop
  endfacet
  facet normal -0 0 -1
    outer loop
      vertex 54.4639 83.8671 0
      vertex 13.8883 21.3861 0
      vertex 50 86.6025 0
    endloop
  endfacet
  facet normal 0 0 -1
    outer loop
      vertex 12.75 22.0836 0
      vertex 50 86.6025 0
      vertex 13.8883 21.3861 0
    endloop
  endfacet
  facet normal -0 0 -1
    outer loop
      vertex 50 86.6025 0
      vertex 12.75 22.0836 0
      vertex 45.399 89.1007 0
    endloop
  endfacet
  facet normal 0 0 -1
    outer loop
      vertex 11.5768 22.7207 0
      vertex 45.399 89.1007 0
      vertex 12.75 22.0836 0
    endloop
  endfacet
  facet normal -0 0 -1
    outer loop
      vertex 45.399 89.1007 0
      vertex 11.5768 22.7207 0
      vertex 40.6737 91.3545 0
    endloop
  endfacet
  facet normal 0 0 -1
    outer loop
      vertex 10.3718 23.2954 0
      vertex 40.6737 91.3545 0
      vertex 11.5768 22.7207 0
    endloop
  endfacet
  facet normal -0 0 -1
    outer loop
      vertex 40.6737 91.3545 0
      vertex 10.3718 23.2954 0
      vertex 35.8368 93.358 0
    endloop
  endfacet
  facet normal 0 0 -1
    outer loop
      vertex 9.13838 23.8063 0
      vertex 35.8368 93.358 0
      vertex 10.3718 23.2954 0
    endloop
  endfacet
  facet normal -0 0 -1
    outer loop
      vertex 35.8368 93.358 0
      vertex 9.13838 23.8063 0
      vertex 30.9017 95.1057 0
    endloop
  endfacet
  facet normal 0 0 -1
    outer loop
      vertex 7.87993 24.2519 0
      vertex 30.9017 95.1057 0
      vertex 9.13838 23.8063 0
    endloop
  endfacet
  facet normal -0 0 -1
    outer loop
      vertex 30.9017 95.1057 0
      vertex 7.87993 24.2519 0
      vertex 25.8819 96.5926 0
    endloop
  endfacet
  facet normal 0 0 -1
    outer loop
      vertex 6.59988 24.6311 0
      vertex 25.8819 96.5926 0
      vertex 7.87993 24.2519 0
    endloop
  endfacet
  facet normal -0 0 -1
    outer loop
      vertex 25.8819 96.5926 0
      vertex 6.59988 24.6311 0
      vertex 20.7912 97.8148 0
    endloop
  endfacet
  facet normal 0 0 -1
    outer loop
      vertex 5.30175 24.9428 0
      vertex 20.7912 97.8148 0
      vertex 6.59988 24.6311 0
    endloop
  endfacet
  facet normal -0 0 -1
    outer loop
      vertex 20.7912 97.8148 0
      vertex 5.30175 24.9428 0
      vertex 15.6434 98.7688 0
    endloop
  endfacet
  facet normal 0 0 -1
    outer loop
      vertex 3.98908 25.1861 0
      vertex 15.6434 98.7688 0
      vertex 5.30175 24.9428 0
    endloop
  endfacet
  facet normal -0 0 -1
    outer loop
      vertex 15.6434 98.7688 0
      vertex 3.98908 25.1861 0
      vertex 10.4528 99.4522 0
    endloop
  endfacet
  facet normal 0 0 -1
    outer loop
      vertex 2.66547 25.3603 0
      vertex 10.4528 99.4522 0
      vertex 3.98908 25.1861 0
    endloop
  endfacet
  facet normal -0 0 -1
    outer loop
      vertex 10.4528 99.4522 0
      vertex 2.66547 25.3603 0
      vertex 5.23359 99.863 0
    endloop
  endfacet
  facet normal 0 0 -1
    outer loop
      vertex 1.33457 25.4651 0
      vertex 5.23359 99.863 0
      vertex 2.66547 25.3603 0
    endloop
  endfacet
  facet normal 0 0 -1
    outer loop
      vertex 0 25.5 0
      vertex 5.23359 99.863 0
      vertex 1.33457 25.4651 0
    endloop
  endfacet
  facet normal 0 0 -1
    outer loop
      vertex 0 25.5 0
      vertex 0 100 0
      vertex 5.23359 99.863 0
    endloop
  endfacet
  facet normal 0 0 -1
    outer loop
      vertex -1.33457 25.4651 0
      vertex 0 100 0
      vertex 0 25.5 0
    endloop
  endfacet
  facet normal 0 0 -1
    outer loop
      vertex -5.23359 99.863 0
      vertex -1.33457 25.4651 0
      vertex -2.66547 25.3603 0
    endloop
  endfacet
  facet normal 0 0 -1
    outer loop
      vertex -10.4528 99.4522 0
      vertex -2.66547 25.3603 0
      vertex -3.98908 25.1861 0
    endloop
  endfacet
  facet normal 0 0 -1
    outer loop
      vertex -1.33457 25.4651 0
      vertex -5.23359 99.863 0
      vertex 0 100 0
    endloop
  endfacet
  facet normal 0 0 -1
    outer loop
      vertex -15.6434 98.7688 0
      vertex -3.98908 25.1861 0
      vertex -5.30175 24.9428 0
    endloop
  endfacet
  facet normal 0 0 -1
    outer loop
      vertex -20.7912 97.8148 0
      vertex -5.30175 24.9428 0
      vertex -6.59988 24.6311 0
    endloop
  endfacet
  facet normal 0 0 -1
    outer loop
      vertex -25.8819 96.5926 0
      vertex -6.59988 24.6311 0
      vertex -7.87993 24.2519 0
    endloop
  endfacet
  facet normal 0 0 -1
    outer loop
      vertex -30.9017 95.1057 0
      vertex -7.87993 24.2519 0
      vertex -9.13838 23.8063 0
    endloop
  endfacet
  facet normal 0 0 -1
    outer loop
      vertex -35.8368 93.358 0
      vertex -9.13838 23.8063 0
      vertex -10.3718 23.2954 0
    endloop
  endfacet
  facet normal 0 0 -1
    outer loop
      vertex -2.66547 25.3603 0
      vertex -10.4528 99.4522 0
      vertex -5.23359 99.863 0
    endloop
  endfacet
  facet normal 0 0 -1
    outer loop
      vertex -40.6737 91.3545 0
      vertex -10.3718 23.2954 0
      vertex -11.5768 22.7207 0
    endloop
  endfacet
  facet normal 0 0 -1
    outer loop
      vertex -40.6737 91.3545 0
      vertex -11.5768 22.7207 0
      vertex -12.75 22.0836 0
    endloop
  endfacet
  facet normal 0 0 -1
    outer loop
      vertex -40.6737 91.3545 0
      vertex -12.75 22.0836 0
      vertex -13.8883 21.3861 0
    endloop
  endfacet
  facet normal 0 0 -1
    outer loop
      vertex -40.6737 91.3545 0
      vertex -13.8883 21.3861 0
      vertex -14.9885 20.6299 0
    endloop
  endfacet
  facet normal 0 0 -1
    outer loop
      vertex -3.98908 25.1861 0
      vertex -15.6434 98.7688 0
      vertex -10.4528 99.4522 0
    endloop
  endfacet
  facet normal 0 0 -1
    outer loop
      vertex -40.6737 91.3545 0
      vertex -14.9885 20.6299 0
      vertex -16.0477 19.8172 0
    endloop
  endfacet
  facet normal 0 0 -1
    outer loop
      vertex -40.6737 91.3545 0
      vertex -16.0477 19.8172 0
      vertex -17.0628 18.9502 0
    endloop
  endfacet
  facet normal 0 0 -1
    outer loop
      vertex -40.6737 91.3545 0
      vertex -17.0628 18.9502 0
      vertex -18.0312 18.0312 0
    endloop
  endfacet
  facet normal 0 0 -1
    outer loop
      vertex -40.6737 91.3545 0
      vertex -18.0312 18.0312 0
      vertex -18.9502 17.0628 0
    endloop
  endfacet
  facet normal 0 0 -1
    outer loop
      vertex -40.6737 91.3545 0
      vertex -18.9502 17.0628 0
      vertex -19.8172 16.0477 0
    endloop
  endfacet
  facet normal 0 0 -1
    outer loop
      vertex -42.2679 1 0
      vertex -25.1861 3.98908 0
      vertex -42.218 0.907981 0
    endloop
  endfacet
  facet normal 0 0 -1
    outer loop
      vertex -5.30175 24.9428 0
      vertex -20.7912 97.8148 0
      vertex -15.6434 98.7688 0
    endloop
  endfacet
  facet normal 0 0 -1
    outer loop
      vertex -42.218 0.907981 0
      vertex -25.1861 3.98908 0
      vertex -42.1729 0.813473 0
    endloop
  endfacet
  facet normal -0 0 -1
    outer loop
      vertex -25.3603 2.66547 0
      vertex -42.1729 0.813473 0
      vertex -25.1861 3.98908 0
    endloop
  endfacet
  facet normal 0 0 -1
    outer loop
      vertex -42.1729 0.813473 0
      vertex -25.3603 2.66547 0
      vertex -42.1328 0.716736 0
    endloop
  endfacet
  facet normal 0 0 -1
    outer loop
      vertex -42.1328 0.716736 0
      vertex -25.3603 2.66547 0
      vertex -42.0979 0.618033 0
    endloop
  endfacet
  facet normal 0 0 -1
    outer loop
      vertex -42.0979 0.618033 0
      vertex -25.3603 2.66547 0
      vertex -42.0681 0.517637 0
    endloop
  endfacet
  facet normal -0 0 -1
    outer loop
      vertex -25.4651 1.33457 0
      vertex -42.0681 0.517637 0
      vertex -25.3603 2.66547 0
    endloop
  endfacet
  facet normal 0 0 -1
    outer loop
      vertex -42.0681 0.517637 0
      vertex -25.4651 1.33457 0
      vertex -42.0437 0.415823 0
    endloop
  endfacet
  facet normal 0 0 -1
    outer loop
      vertex -42.0437 0.415823 0
      vertex -25.4651 1.33457 0
      vertex -42.0246 0.312868 0
    endloop
  endfacet
  facet normal 0 0 -1
    outer loop
      vertex -42.0246 0.312868 0
      vertex -25.4651 1.33457 0
      vertex -42.011 0.209057 0
    endloop
  endfacet
  facet normal 0 0 -1
    outer loop
      vertex -42.011 0.209057 0
      vertex -25.4651 1.33457 0
      vertex -42.0027 0.104671 0
    endloop
  endfacet
  facet normal 0 0 -1
    outer loop
      vertex -25.5 0 0
      vertex -42.0027 0.104671 0
      vertex -25.4651 1.33457 0
    endloop
  endfacet
  facet normal 0 0 -1
    outer loop
      vertex -6.59988 24.6311 0
      vertex -25.8819 96.5926 0
      vertex -20.7912 97.8148 0
    endloop
  endfacet
  facet normal 0 0 -1
    outer loop
      vertex -42.0027 0.104671 0
      vertex -25.5 0 0
      vertex -42 0 0
    endloop
  endfacet
  facet normal 0 -0 -1
    outer loop
      vertex -43.5842 -1.9563 0
      vertex -22.7207 -11.5768 0
      vertex -43.6871 -1.97538 0
    endloop
  endfacet
  facet normal 0 0 -1
    outer loop
      vertex -22.7207 -11.5768 0
      vertex -43.4824 -1.93185 0
      vertex -23.2954 -10.3718 0
    endloop
  endfacet
  facet normal 0 0 -1
    outer loop
      vertex -42.3227 1.08928 0
      vertex -25.1861 3.98908 0
      vertex -42.2679 1 0
    endloop
  endfacet
  facet normal 0 -0 -1
    outer loop
      vertex -43.2833 -1.86716 0
      vertex -23.2954 -10.3718 0
      vertex -43.382 -1.90211 0
    endloop
  endfacet
  facet normal 0 0 -1
    outer loop
      vertex -7.87993 24.2519 0
      vertex -30.9017 95.1057 0
      vertex -25.8819 96.5926 0
    endloop
  endfacet
  facet normal 0 0 -1
    outer loop
      vertex -23.2954 -10.3718 0
      vertex -43.1865 -1.82709 0
      vertex -23.8063 -9.13838 0
    endloop
  endfacet
  facet normal 0 0 -1
    outer loop
      vertex -9.13838 23.8063 0
      vertex -35.8368 93.358 0
      vertex -30.9017 95.1057 0
    endloop
  endfacet
  facet normal 0 0 -1
    outer loop
      vertex -10.3718 23.2954 0
      vertex -40.6737 91.3545 0
      vertex -35.8368 93.358 0
    endloop
  endfacet
  facet normal -0 0 -1
    outer loop
      vertex -25.5 0 0
      vertex -42.0027 -0.104671 0
      vertex -42 0 0
    endloop
  endfacet
  facet normal 0 0 -1
    outer loop
      vertex -25.5 0 0
      vertex -42.011 -0.209057 0
      vertex -42.0027 -0.104671 0
    endloop
  endfacet
  facet normal 0 0 -1
    outer loop
      vertex -25.4651 -1.33457 0
      vertex -42.011 -0.209057 0
      vertex -25.5 0 0
    endloop
  endfacet
  facet normal 0 -0 -1
    outer loop
      vertex -42.011 -0.209057 0
      vertex -25.4651 -1.33457 0
      vertex -42.0246 -0.312868 0
    endloop
  endfacet
  facet normal 0 -0 -1
    outer loop
      vertex -42.0246 -0.312868 0
      vertex -25.4651 -1.33457 0
      vertex -42.0437 -0.415823 0
    endloop
  endfacet
  facet normal 0 -0 -1
    outer loop
      vertex -42.0437 -0.415823 0
      vertex -25.4651 -1.33457 0
      vertex -42.0681 -0.517637 0
    endloop
  endfacet
  facet normal 0 0 -1
    outer loop
      vertex -25.3603 -2.66547 0
      vertex -42.0681 -0.517637 0
      vertex -25.4651 -1.33457 0
    endloop
  endfacet
  facet normal 0 -0 -1
    outer loop
      vertex -42.0681 -0.517637 0
      vertex -25.3603 -2.66547 0
      vertex -42.0979 -0.618033 0
    endloop
  endfacet
  facet normal 0 -0 -1
    outer loop
      vertex -42.0979 -0.618033 0
      vertex -25.3603 -2.66547 0
      vertex -42.1328 -0.716736 0
    endloop
  endfacet
  facet normal 0 -0 -1
    outer loop
      vertex -42.1328 -0.716736 0
      vertex -25.3603 -2.66547 0
      vertex -42.1729 -0.813473 0
    endloop
  endfacet
  facet normal 0 0 -1
    outer loop
      vertex -25.1861 -3.98908 0
      vertex -42.1729 -0.813473 0
      vertex -25.3603 -2.66547 0
    endloop
  endfacet
  facet normal 0 -0 -1
    outer loop
      vertex -42.1729 -0.813473 0
      vertex -25.1861 -3.98908 0
      vertex -42.218 -0.907981 0
    endloop
  endfacet
  facet normal 0 -0 -1
    outer loop
      vertex -42.218 -0.907981 0
      vertex -25.1861 -3.98908 0
      vertex -42.2679 -1 0
    endloop
  endfacet
  facet normal 0 -0 -1
    outer loop
      vertex -42.2679 -1 0
      vertex -25.1861 -3.98908 0
      vertex -42.3227 -1.08928 0
    endloop
  endfacet
  facet normal 0 0 -1
    outer loop
      vertex -24.9428 -5.30175 0
      vertex -42.3227 -1.08928 0
      vertex -25.1861 -3.98908 0
    endloop
  endfacet
  facet normal 0 -0 -1
    outer loop
      vertex -42.3227 -1.08928 0
      vertex -24.9428 -5.30175 0
      vertex -42.382 -1.17557 0
    endloop
  endfacet
  facet normal 0 -0 -1
    outer loop
      vertex -42.382 -1.17557 0
      vertex -24.9428 -5.30175 0
      vertex -42.4457 -1.25864 0
    endloop
  endfacet
  facet normal 0 -0 -1
    outer loop
      vertex -42.4457 -1.25864 0
      vertex -24.9428 -5.30175 0
      vertex -42.5137 -1.33826 0
    endloop
  endfacet
  facet normal 0 0 -1
    outer loop
      vertex -24.6311 -6.59988 0
      vertex -42.5137 -1.33826 0
      vertex -24.9428 -5.30175 0
    endloop
  endfacet
  facet normal 0 -0 -1
    outer loop
      vertex -42.5137 -1.33826 0
      vertex -24.6311 -6.59988 0
      vertex -42.5858 -1.41421 0
    endloop
  endfacet
  facet normal 0 -0 -1
    outer loop
      vertex -42.5858 -1.41421 0
      vertex -24.6311 -6.59988 0
      vertex -42.6617 -1.48629 0
    endloop
  endfacet
  facet normal 0 -0 -1
    outer loop
      vertex -42.6617 -1.48629 0
      vertex -24.6311 -6.59988 0
      vertex -42.7414 -1.55429 0
    endloop
  endfacet
  facet normal 0 0 -1
    outer loop
      vertex -23.8063 -9.13838 0
      vertex -43 -1.73205 0
      vertex -24.2519 -7.87993 0
    endloop
  endfacet
  facet normal 0 0 -1
    outer loop
      vertex -24.2519 -7.87993 0
      vertex -42.7414 -1.55429 0
      vertex -24.6311 -6.59988 0
    endloop
  endfacet
  facet normal 0 -0 -1
    outer loop
      vertex -42.8244 -1.61803 0
      vertex -24.2519 -7.87993 0
      vertex -42.9107 -1.67734 0
    endloop
  endfacet
  facet normal 0 -0 -1
    outer loop
      vertex -42.7414 -1.55429 0
      vertex -24.2519 -7.87993 0
      vertex -42.8244 -1.61803 0
    endloop
  endfacet
  facet normal 0 -0 -1
    outer loop
      vertex -42.9107 -1.67734 0
      vertex -24.2519 -7.87993 0
      vertex -43 -1.73205 0
    endloop
  endfacet
  facet normal 0 -0 -1
    outer loop
      vertex -43 -1.73205 0
      vertex -23.8063 -9.13838 0
      vertex -43.092 -1.78201 0
    endloop
  endfacet
  facet normal 0 -0 -1
    outer loop
      vertex -43.092 -1.78201 0
      vertex -23.8063 -9.13838 0
      vertex -43.1865 -1.82709 0
    endloop
  endfacet
  facet normal 0 -0 -1
    outer loop
      vertex -43.1865 -1.82709 0
      vertex -23.2954 -10.3718 0
      vertex -43.2833 -1.86716 0
    endloop
  endfacet
  facet normal 0 -0 -1
    outer loop
      vertex -43.382 -1.90211 0
      vertex -23.2954 -10.3718 0
      vertex -43.4824 -1.93185 0
    endloop
  endfacet
  facet normal 0 -0 -1
    outer loop
      vertex -43.4824 -1.93185 0
      vertex -22.7207 -11.5768 0
      vertex -43.5842 -1.9563 0
    endloop
  endfacet
  facet normal -0 0 -1
    outer loop
      vertex -17.0628 -18.9502 0
      vertex -66.9131 -74.3145 0
      vertex -18.0312 -18.0312 0
    endloop
  endfacet
  facet normal 0 0 -1
    outer loop
      vertex -19.8172 -16.0477 0
      vertex -44.1047 -1.99726 0
      vertex -44 -2 0
    endloop
  endfacet
  facet normal 0 0 -1
    outer loop
      vertex -19.8172 -16.0477 0
      vertex -44.2091 -1.98904 0
      vertex -44.1047 -1.99726 0
    endloop
  endfacet
  facet normal 0 0 -1
    outer loop
      vertex -19.8172 -16.0477 0
      vertex -44.3129 -1.97538 0
      vertex -44.2091 -1.98904 0
    endloop
  endfacet
  facet normal 0 0 -1
    outer loop
      vertex -70.7107 -70.7107 0
      vertex -18.0312 -18.0312 0
      vertex -66.9131 -74.3145 0
    endloop
  endfacet
  facet normal -0 0 -1
    outer loop
      vertex -18.0312 -18.0312 0
      vertex -70.7107 -70.7107 0
      vertex -18.9502 -17.0628 0
    endloop
  endfacet
  facet normal 0 0 -1
    outer loop
      vertex -74.3145 -66.9131 0
      vertex -18.9502 -17.0628 0
      vertex -70.7107 -70.7107 0
    endloop
  endfacet
  facet normal -0 0 -1
    outer loop
      vertex -18.9502 -17.0628 0
      vertex -74.3145 -66.9131 0
      vertex -19.8172 -16.0477 0
    endloop
  endfacet
  facet normal 0 0 -1
    outer loop
      vertex -77.7146 -62.932 0
      vertex -19.8172 -16.0477 0
      vertex -74.3145 -66.9131 0
    endloop
  endfacet
  facet normal -0 0 -1
    outer loop
      vertex -19.8172 -16.0477 0
      vertex -77.7146 -62.932 0
      vertex -44.3129 -1.97538 0
    endloop
  endfacet
  facet normal 0 0 -1
    outer loop
      vertex -80.9017 -58.7785 0
      vertex -44.3129 -1.97538 0
      vertex -77.7146 -62.932 0
    endloop
  endfacet
  facet normal -0 0 -1
    outer loop
      vertex -44.3129 -1.97538 0
      vertex -80.9017 -58.7785 0
      vertex -44.4158 -1.9563 0
    endloop
  endfacet
  facet normal -0 0 -1
    outer loop
      vertex -44.4158 -1.9563 0
      vertex -80.9017 -58.7785 0
      vertex -44.5176 -1.93185 0
    endloop
  endfacet
  facet normal 0 0 -1
    outer loop
      vertex -83.8671 -54.4639 0
      vertex -44.5176 -1.93185 0
      vertex -80.9017 -58.7785 0
    endloop
  endfacet
  facet normal -0 0 -1
    outer loop
      vertex -44.5176 -1.93185 0
      vertex -83.8671 -54.4639 0
      vertex -44.618 -1.90211 0
    endloop
  endfacet
  facet normal -0 0 -1
    outer loop
      vertex -44.618 -1.90211 0
      vertex -83.8671 -54.4639 0
      vertex -44.7167 -1.86716 0
    endloop
  endfacet
  facet normal 0 0 -1
    outer loop
      vertex -86.6025 -50 0
      vertex -44.7167 -1.86716 0
      vertex -83.8671 -54.4639 0
    endloop
  endfacet
  facet normal -0 0 -1
    outer loop
      vertex -44.7167 -1.86716 0
      vertex -86.6025 -50 0
      vertex -44.8135 -1.82709 0
    endloop
  endfacet
  facet normal 0 0 -1
    outer loop
      vertex -89.1007 -45.399 0
      vertex -44.8135 -1.82709 0
      vertex -86.6025 -50 0
    endloop
  endfacet
  facet normal -0 0 -1
    outer loop
      vertex -44.8135 -1.82709 0
      vertex -89.1007 -45.399 0
      vertex -44.908 -1.78201 0
    endloop
  endfacet
  facet normal -0 0 -1
    outer loop
      vertex -44.908 -1.78201 0
      vertex -89.1007 -45.399 0
      vertex -45 -1.73205 0
    endloop
  endfacet
  facet normal 0 0 -1
    outer loop
      vertex -91.3545 -40.6737 0
      vertex -45 -1.73205 0
      vertex -89.1007 -45.399 0
    endloop
  endfacet
  facet normal -0 0 -1
    outer loop
      vertex -45 -1.73205 0
      vertex -91.3545 -40.6737 0
      vertex -45.0893 -1.67734 0
    endloop
  endfacet
  facet normal -0 0 -1
    outer loop
      vertex -45.0893 -1.67734 0
      vertex -91.3545 -40.6737 0
      vertex -45.1756 -1.61803 0
    endloop
  endfacet
  facet normal 0 0 -1
    outer loop
      vertex -93.358 -35.8368 0
      vertex -45.1756 -1.61803 0
      vertex -91.3545 -40.6737 0
    endloop
  endfacet
  facet normal -0 0 -1
    outer loop
      vertex -45.1756 -1.61803 0
      vertex -93.358 -35.8368 0
      vertex -45.2586 -1.55429 0
    endloop
  endfacet
  facet normal -0 0 -1
    outer loop
      vertex -45.2586 -1.55429 0
      vertex -93.358 -35.8368 0
      vertex -45.3383 -1.48629 0
    endloop
  endfacet
  facet normal -0 0 -1
    outer loop
      vertex -45.3383 -1.48629 0
      vertex -93.358 -35.8368 0
      vertex -45.4142 -1.41421 0
    endloop
  endfacet
  facet normal 0 0 -1
    outer loop
      vertex -95.1057 -30.9017 0
      vertex -45.4142 -1.41421 0
      vertex -93.358 -35.8368 0
    endloop
  endfacet
  facet normal -0 0 -1
    outer loop
      vertex -45.4142 -1.41421 0
      vertex -95.1057 -30.9017 0
      vertex -45.4863 -1.33826 0
    endloop
  endfacet
  facet normal 0 0 -1
    outer loop
      vertex 45.9973 -0.104671 0
      vertex 100 0 0
      vertex 99.863 -5.23359 0
    endloop
  endfacet
  facet normal 0 0 -1
    outer loop
      vertex 45.9563 -0.415823 0
      vertex 99.863 -5.23359 0
      vertex 99.4522 -10.4528 0
    endloop
  endfacet
  facet normal -0 0 -1
    outer loop
      vertex 100 0 0
      vertex 45.9973 -0.104671 0
      vertex 46 0 0
    endloop
  endfacet
  facet normal 0 0 -1
    outer loop
      vertex 45.9021 -0.618033 0
      vertex 99.4522 -10.4528 0
      vertex 98.7688 -15.6434 0
    endloop
  endfacet
  facet normal 0 0 -1
    outer loop
      vertex 45.9973 0.104671 0
      vertex 100 0 0
      vertex 46 0 0
    endloop
  endfacet
  facet normal 0 0 -1
    outer loop
      vertex 45.8271 -0.813473 0
      vertex 98.7688 -15.6434 0
      vertex 97.8148 -20.7912 0
    endloop
  endfacet
  facet normal 0 0 -1
    outer loop
      vertex 100 0 0
      vertex 45.9973 0.104671 0
      vertex 99.863 5.23359 0
    endloop
  endfacet
  facet normal 0 0 -1
    outer loop
      vertex 45.6773 -1.08928 0
      vertex 97.8148 -20.7912 0
      vertex 96.5926 -25.8819 0
    endloop
  endfacet
  facet normal 0 0 -1
    outer loop
      vertex 45.989 0.209057 0
      vertex 99.863 5.23359 0
      vertex 45.9973 0.104671 0
    endloop
  endfacet
  facet normal 0 0 -1
    outer loop
      vertex 45.5543 -1.25864 0
      vertex 96.5926 -25.8819 0
      vertex 95.1057 -30.9017 0
    endloop
  endfacet
  facet normal 0 0 -1
    outer loop
      vertex 45.9754 0.312868 0
      vertex 99.863 5.23359 0
      vertex 45.989 0.209057 0
    endloop
  endfacet
  facet normal 0 0 -1
    outer loop
      vertex 45.4142 -1.41421 0
      vertex 95.1057 -30.9017 0
      vertex 93.358 -35.8368 0
    endloop
  endfacet
  facet normal 0 0 -1
    outer loop
      vertex 45.9563 0.415823 0
      vertex 99.863 5.23359 0
      vertex 45.9754 0.312868 0
    endloop
  endfacet
  facet normal 0 0 -1
    outer loop
      vertex 45.1756 -1.61803 0
      vertex 93.358 -35.8368 0
      vertex 91.3545 -40.6737 0
    endloop
  endfacet
  facet normal -0 0 -1
    outer loop
      vertex 99.863 5.23359 0
      vertex 45.9563 0.415823 0
      vertex 99.4522 10.4528 0
    endloop
  endfacet
  facet normal 0 0 -1
    outer loop
      vertex 45 -1.73205 0
      vertex 91.3545 -40.6737 0
      vertex 89.1007 -45.399 0
    endloop
  endfacet
  facet normal 0 0 -1
    outer loop
      vertex 45.9319 0.517637 0
      vertex 99.4522 10.4528 0
      vertex 45.9563 0.415823 0
    endloop
  endfacet
  facet normal 0 0 -1
    outer loop
      vertex 44.8135 -1.82709 0
      vertex 89.1007 -45.399 0
      vertex 86.6025 -50 0
    endloop
  endfacet
  facet normal 0 0 -1
    outer loop
      vertex 45.9021 0.618033 0
      vertex 99.4522 10.4528 0
      vertex 45.9319 0.517637 0
    endloop
  endfacet
  facet normal 0 0 -1
    outer loop
      vertex 44.7167 -1.86716 0
      vertex 86.6025 -50 0
      vertex 83.8671 -54.4639 0
    endloop
  endfacet
  facet normal -0 0 -1
    outer loop
      vertex 99.4522 10.4528 0
      vertex 45.9021 0.618033 0
      vertex 98.7688 15.6434 0
    endloop
  endfacet
  facet normal 0 0 -1
    outer loop
      vertex 44.5176 -1.93185 0
      vertex 83.8671 -54.4639 0
      vertex 80.9017 -58.7785 0
    endloop
  endfacet
  facet normal 0 0 -1
    outer loop
      vertex 45.8672 0.716736 0
      vertex 98.7688 15.6434 0
      vertex 45.9021 0.618033 0
    endloop
  endfacet
  facet normal 0 0 -1
    outer loop
      vertex 44.3129 -1.97538 0
      vertex 80.9017 -58.7785 0
      vertex 77.7146 -62.932 0
    endloop
  endfacet
  facet normal 0 0 -1
    outer loop
      vertex 45.8271 0.813473 0
      vertex 98.7688 15.6434 0
      vertex 45.8672 0.716736 0
    endloop
  endfacet
  facet normal 0 0 -1
    outer loop
      vertex 19.8172 -16.0477 0
      vertex 77.7146 -62.932 0
      vertex 74.3145 -66.9131 0
    endloop
  endfacet
  facet normal -0 0 -1
    outer loop
      vertex 98.7688 15.6434 0
      vertex 45.8271 0.813473 0
      vertex 97.8148 20.7912 0
    endloop
  endfacet
  facet normal 0 0 -1
    outer loop
      vertex 19.8172 -16.0477 0
      vertex 74.3145 -66.9131 0
      vertex 70.7107 -70.7107 0
    endloop
  endfacet
  facet normal 0 0 -1
    outer loop
      vertex 45.782 0.907981 0
      vertex 97.8148 20.7912 0
      vertex 45.8271 0.813473 0
    endloop
  endfacet
  facet normal 0 0 -1
    outer loop
      vertex 19.8172 -16.0477 0
      vertex 70.7107 -70.7107 0
      vertex 66.9131 -74.3145 0
    endloop
  endfacet
  facet normal 0 0 -1
    outer loop
      vertex 45.6773 1.08928 0
      vertex 97.8148 20.7912 0
      vertex 45.732 1 0
    endloop
  endfacet
  facet normal 0 0 -1
    outer loop
      vertex 19.8172 -16.0477 0
      vertex 66.9131 -74.3145 0
      vertex 62.932 -77.7146 0
    endloop
  endfacet
  facet normal -0 0 -1
    outer loop
      vertex 97.8148 20.7912 0
      vertex 45.6773 1.08928 0
      vertex 96.5926 25.8819 0
    endloop
  endfacet
  facet normal 0 0 -1
    outer loop
      vertex 19.8172 -16.0477 0
      vertex 62.932 -77.7146 0
      vertex 58.7785 -80.9017 0
    endloop
  endfacet
  facet normal 0 0 -1
    outer loop
      vertex 45.618 1.17557 0
      vertex 96.5926 25.8819 0
      vertex 45.6773 1.08928 0
    endloop
  endfacet
  facet normal 0 0 -1
    outer loop
      vertex 19.8172 -16.0477 0
      vertex 58.7785 -80.9017 0
      vertex 54.4639 -83.8671 0
    endloop
  endfacet
  facet normal 0 0 -1
    outer loop
      vertex 45.5543 1.25864 0
      vertex 96.5926 25.8819 0
      vertex 45.618 1.17557 0
    endloop
  endfacet
  facet normal 0 0 -1
    outer loop
      vertex 19.8172 -16.0477 0
      vertex 54.4639 -83.8671 0
      vertex 50 -86.6025 0
    endloop
  endfacet
  facet normal -0 0 -1
    outer loop
      vertex 96.5926 25.8819 0
      vertex 45.5543 1.25864 0
      vertex 95.1057 30.9017 0
    endloop
  endfacet
  facet normal 0 0 -1
    outer loop
      vertex 45.4863 1.33826 0
      vertex 95.1057 30.9017 0
      vertex 45.5543 1.25864 0
    endloop
  endfacet
  facet normal 0 0 -1
    outer loop
      vertex 45.732 1 0
      vertex 97.8148 20.7912 0
      vertex 45.782 0.907981 0
    endloop
  endfacet
  facet normal 0 0 -1
    outer loop
      vertex 99.863 -5.23359 0
      vertex 45.989 -0.209057 0
      vertex 45.9973 -0.104671 0
    endloop
  endfacet
  facet normal 0 0 -1
    outer loop
      vertex 99.863 -5.23359 0
      vertex 45.9754 -0.312868 0
      vertex 45.989 -0.209057 0
    endloop
  endfacet
  facet normal 0 0 -1
    outer loop
      vertex 99.863 -5.23359 0
      vertex 45.9563 -0.415823 0
      vertex 45.9754 -0.312868 0
    endloop
  endfacet
  facet normal 0 0 -1
    outer loop
      vertex 99.4522 -10.4528 0
      vertex 45.9319 -0.517637 0
      vertex 45.9563 -0.415823 0
    endloop
  endfacet
  facet normal 0 0 -1
    outer loop
      vertex 99.4522 -10.4528 0
      vertex 45.9021 -0.618033 0
      vertex 45.9319 -0.517637 0
    endloop
  endfacet
  facet normal 0 0 -1
    outer loop
      vertex 98.7688 -15.6434 0
      vertex 45.8672 -0.716736 0
      vertex 45.9021 -0.618033 0
    endloop
  endfacet
  facet normal 0 0 -1
    outer loop
      vertex 98.7688 -15.6434 0
      vertex 45.8271 -0.813473 0
      vertex 45.8672 -0.716736 0
    endloop
  endfacet
  facet normal 0 0 -1
    outer loop
      vertex 97.8148 -20.7912 0
      vertex 45.782 -0.907981 0
      vertex 45.8271 -0.813473 0
    endloop
  endfacet
  facet normal 0 0 -1
    outer loop
      vertex 97.8148 -20.7912 0
      vertex 45.732 -1 0
      vertex 45.782 -0.907981 0
    endloop
  endfacet
  facet normal 0 0 -1
    outer loop
      vertex 97.8148 -20.7912 0
      vertex 45.6773 -1.08928 0
      vertex 45.732 -1 0
    endloop
  endfacet
  facet normal 0 0 -1
    outer loop
      vertex 96.5926 -25.8819 0
      vertex 45.618 -1.17557 0
      vertex 45.6773 -1.08928 0
    endloop
  endfacet
  facet normal 0 0 -1
    outer loop
      vertex 96.5926 -25.8819 0
      vertex 45.5543 -1.25864 0
      vertex 45.618 -1.17557 0
    endloop
  endfacet
  facet normal 0 0 -1
    outer loop
      vertex 95.1057 -30.9017 0
      vertex 45.4863 -1.33826 0
      vertex 45.5543 -1.25864 0
    endloop
  endfacet
  facet normal 0 0 -1
    outer loop
      vertex 95.1057 -30.9017 0
      vertex 45.4142 -1.41421 0
      vertex 45.4863 -1.33826 0
    endloop
  endfacet
  facet normal 0 0 -1
    outer loop
      vertex 19.8172 -16.0477 0
      vertex 50 -86.6025 0
      vertex 45.399 -89.1007 0
    endloop
  endfacet
  facet normal 0 0 -1
    outer loop
      vertex 93.358 -35.8368 0
      vertex 45.3383 -1.48629 0
      vertex 45.4142 -1.41421 0
    endloop
  endfacet
  facet normal 0 0 -1
    outer loop
      vertex 93.358 -35.8368 0
      vertex 45.2586 -1.55429 0
      vertex 45.3383 -1.48629 0
    endloop
  endfacet
  facet normal 0 0 -1
    outer loop
      vertex 93.358 -35.8368 0
      vertex 45.1756 -1.61803 0
      vertex 45.2586 -1.55429 0
    endloop
  endfacet
  facet normal 0 0 -1
    outer loop
      vertex 91.3545 -40.6737 0
      vertex 45.0893 -1.67734 0
      vertex 45.1756 -1.61803 0
    endloop
  endfacet
  facet normal 0 0 -1
    outer loop
      vertex 91.3545 -40.6737 0
      vertex 45 -1.73205 0
      vertex 45.0893 -1.67734 0
    endloop
  endfacet
  facet normal 0 0 -1
    outer loop
      vertex 89.1007 -45.399 0
      vertex 44.908 -1.78201 0
      vertex 45 -1.73205 0
    endloop
  endfacet
  facet normal 0 0 -1
    outer loop
      vertex 89.1007 -45.399 0
      vertex 44.8135 -1.82709 0
      vertex 44.908 -1.78201 0
    endloop
  endfacet
  facet normal 0 0 -1
    outer loop
      vertex 86.6025 -50 0
      vertex 44.7167 -1.86716 0
      vertex 44.8135 -1.82709 0
    endloop
  endfacet
  facet normal 0 0 -1
    outer loop
      vertex 83.8671 -54.4639 0
      vertex 44.618 -1.90211 0
      vertex 44.7167 -1.86716 0
    endloop
  endfacet
  facet normal 0 0 -1
    outer loop
      vertex 83.8671 -54.4639 0
      vertex 44.5176 -1.93185 0
      vertex 44.618 -1.90211 0
    endloop
  endfacet
  facet normal 0 0 -1
    outer loop
      vertex 80.9017 -58.7785 0
      vertex 44.4158 -1.9563 0
      vertex 44.5176 -1.93185 0
    endloop
  endfacet
  facet normal 0 0 -1
    outer loop
      vertex 77.7146 -62.932 0
      vertex 19.8172 -16.0477 0
      vertex 44.3129 -1.97538 0
    endloop
  endfacet
  facet normal 0 0 -1
    outer loop
      vertex 80.9017 -58.7785 0
      vertex 44.3129 -1.97538 0
      vertex 44.4158 -1.9563 0
    endloop
  endfacet
  facet normal 0 0 -1
    outer loop
      vertex 44.3129 -1.97538 0
      vertex 19.8172 -16.0477 0
      vertex 44.2091 -1.98904 0
    endloop
  endfacet
  facet normal 0 -0 -1
    outer loop
      vertex 20.6299 -14.9885 0
      vertex 44.2091 -1.98904 0
      vertex 19.8172 -16.0477 0
    endloop
  endfacet
  facet normal 0 0 -1
    outer loop
      vertex 44.2091 -1.98904 0
      vertex 20.6299 -14.9885 0
      vertex 44.1047 -1.99726 0
    endloop
  endfacet
  facet normal 0 0 -1
    outer loop
      vertex 44.1047 -1.99726 0
      vertex 20.6299 -14.9885 0
      vertex 44 -2 0
    endloop
  endfacet
  facet normal 0 -0 -1
    outer loop
      vertex 21.3861 -13.8883 0
      vertex 44 -2 0
      vertex 20.6299 -14.9885 0
    endloop
  endfacet
  facet normal -0 0 -1
    outer loop
      vertex 44 -2 0
      vertex 21.3861 -13.8883 0
      vertex 43.8953 -1.99726 0
    endloop
  endfacet
  facet normal -0 0 -1
    outer loop
      vertex 43.8953 -1.99726 0
      vertex 21.3861 -13.8883 0
      vertex 43.7909 -1.98904 0
    endloop
  endfacet
  facet normal 0 -0 -1
    outer loop
      vertex 22.0836 -12.75 0
      vertex 43.7909 -1.98904 0
      vertex 21.3861 -13.8883 0
    endloop
  endfacet
  facet normal -0 0 -1
    outer loop
      vertex 43.7909 -1.98904 0
      vertex 22.0836 -12.75 0
      vertex 43.6871 -1.97538 0
    endloop
  endfacet
  facet normal -0 0 -1
    outer loop
      vertex 43.6871 -1.97538 0
      vertex 22.0836 -12.75 0
      vertex 43.5842 -1.9563 0
    endloop
  endfacet
  facet normal 0 -0 -1
    outer loop
      vertex 22.7207 -11.5768 0
      vertex 43.5842 -1.9563 0
      vertex 22.0836 -12.75 0
    endloop
  endfacet
  facet normal -0 0 -1
    outer loop
      vertex 43.5842 -1.9563 0
      vertex 22.7207 -11.5768 0
      vertex 43.4824 -1.93185 0
    endloop
  endfacet
  facet normal -0 0 -1
    outer loop
      vertex 43.4824 -1.93185 0
      vertex 22.7207 -11.5768 0
      vertex 43.382 -1.90211 0
    endloop
  endfacet
  facet normal 0 -0 -1
    outer loop
      vertex 23.2954 -10.3718 0
      vertex 43.382 -1.90211 0
      vertex 22.7207 -11.5768 0
    endloop
  endfacet
  facet normal -0 0 -1
    outer loop
      vertex 43.382 -1.90211 0
      vertex 23.2954 -10.3718 0
      vertex 43.2833 -1.86716 0
    endloop
  endfacet
  facet normal -0 0 -1
    outer loop
      vertex 43.2833 -1.86716 0
      vertex 23.2954 -10.3718 0
      vertex 43.1865 -1.82709 0
    endloop
  endfacet
  facet normal 0 -0 -1
    outer loop
      vertex 23.8063 -9.13838 0
      vertex 43.1865 -1.82709 0
      vertex 23.2954 -10.3718 0
    endloop
  endfacet
  facet normal -0 0 -1
    outer loop
      vertex 43.1865 -1.82709 0
      vertex 23.8063 -9.13838 0
      vertex 43.092 -1.78201 0
    endloop
  endfacet
  facet normal -0 0 -1
    outer loop
      vertex 43.092 -1.78201 0
      vertex 23.8063 -9.13838 0
      vertex 43 -1.73205 0
    endloop
  endfacet
  facet normal -0 0 -1
    outer loop
      vertex 43 -1.73205 0
      vertex 23.8063 -9.13838 0
      vertex 42.9107 -1.67734 0
    endloop
  endfacet
  facet normal 0 -0 -1
    outer loop
      vertex 24.2519 -7.87993 0
      vertex 42.9107 -1.67734 0
      vertex 23.8063 -9.13838 0
    endloop
  endfacet
  facet normal -0 0 -1
    outer loop
      vertex 42.9107 -1.67734 0
      vertex 24.2519 -7.87993 0
      vertex 42.8244 -1.61803 0
    endloop
  endfacet
  facet normal -0 0 -1
    outer loop
      vertex 42.8244 -1.61803 0
      vertex 24.2519 -7.87993 0
      vertex 42.7414 -1.55429 0
    endloop
  endfacet
  facet normal 0 -0 -1
    outer loop
      vertex 24.6311 -6.59988 0
      vertex 42.7414 -1.55429 0
      vertex 24.2519 -7.87993 0
    endloop
  endfacet
  facet normal -0 0 -1
    outer loop
      vertex 42.7414 -1.55429 0
      vertex 24.6311 -6.59988 0
      vertex 42.6617 -1.48629 0
    endloop
  endfacet
  facet normal -0 0 -1
    outer loop
      vertex 42.6617 -1.48629 0
      vertex 24.6311 -6.59988 0
      vertex 42.5858 -1.41421 0
    endloop
  endfacet
  facet normal -0 0 -1
    outer loop
      vertex 42.5858 -1.41421 0
      vertex 24.6311 -6.59988 0
      vertex 42.5137 -1.33826 0
    endloop
  endfacet
  facet normal 0 -0 -1
    outer loop
      vertex 24.9428 -5.30175 0
      vertex 42.5137 -1.33826 0
      vertex 24.6311 -6.59988 0
    endloop
  endfacet
  facet normal -0 0 -1
    outer loop
      vertex 42.5137 -1.33826 0
      vertex 24.9428 -5.30175 0
      vertex 42.4457 -1.25864 0
    endloop
  endfacet
  facet normal -0 0 -1
    outer loop
      vertex 42.4457 -1.25864 0
      vertex 24.9428 -5.30175 0
      vertex 42.382 -1.17557 0
    endloop
  endfacet
  facet normal -0 0 -1
    outer loop
      vertex 42.382 -1.17557 0
      vertex 24.9428 -5.30175 0
      vertex 42.3227 -1.08928 0
    endloop
  endfacet
  facet normal 0 -0 -1
    outer loop
      vertex 25.1861 -3.98908 0
      vertex 42.3227 -1.08928 0
      vertex 24.9428 -5.30175 0
    endloop
  endfacet
  facet normal 0 0 -1
    outer loop
      vertex 19.8172 -16.0477 0
      vertex 45.399 -89.1007 0
      vertex 40.6737 -91.3545 0
    endloop
  endfacet
  facet normal 0 0 -1
    outer loop
      vertex 45.4142 1.41421 0
      vertex 95.1057 30.9017 0
      vertex 45.4863 1.33826 0
    endloop
  endfacet
  facet normal -0 0 -1
    outer loop
      vertex 95.1057 30.9017 0
      vertex 45.4142 1.41421 0
      vertex 93.358 35.8368 0
    endloop
  endfacet
  facet normal 0 0 -1
    outer loop
      vertex 45.3383 1.48629 0
      vertex 93.358 35.8368 0
      vertex 45.4142 1.41421 0
    endloop
  endfacet
  facet normal 0 0 -1
    outer loop
      vertex 45.2586 1.55429 0
      vertex 93.358 35.8368 0
      vertex 45.3383 1.48629 0
    endloop
  endfacet
  facet normal 0 0 -1
    outer loop
      vertex 45.1756 1.61803 0
      vertex 93.358 35.8368 0
      vertex 45.2586 1.55429 0
    endloop
  endfacet
  facet normal -0 0 -1
    outer loop
      vertex 93.358 35.8368 0
      vertex 45.1756 1.61803 0
      vertex 91.3545 40.6737 0
    endloop
  endfacet
  facet normal 0 0 -1
    outer loop
      vertex 45.0893 1.67734 0
      vertex 91.3545 40.6737 0
      vertex 45.1756 1.61803 0
    endloop
  endfacet
  facet normal 0 0 -1
    outer loop
      vertex 45 1.73205 0
      vertex 91.3545 40.6737 0
      vertex 45.0893 1.67734 0
    endloop
  endfacet
  facet normal -0 0 -1
    outer loop
      vertex 91.3545 40.6737 0
      vertex 45 1.73205 0
      vertex 89.1007 45.399 0
    endloop
  endfacet
  facet normal 0 0 -1
    outer loop
      vertex 44.908 1.78201 0
      vertex 89.1007 45.399 0
      vertex 45 1.73205 0
    endloop
  endfacet
  facet normal 0 0 -1
    outer loop
      vertex 44.8135 1.82709 0
      vertex 89.1007 45.399 0
      vertex 44.908 1.78201 0
    endloop
  endfacet
  facet normal -0 0 -1
    outer loop
      vertex 89.1007 45.399 0
      vertex 44.8135 1.82709 0
      vertex 86.6025 50 0
    endloop
  endfacet
  facet normal 0 0 -1
    outer loop
      vertex 44.7167 1.86716 0
      vertex 86.6025 50 0
      vertex 44.8135 1.82709 0
    endloop
  endfacet
  facet normal -0 0 -1
    outer loop
      vertex 86.6025 50 0
      vertex 44.7167 1.86716 0
      vertex 83.8671 54.4639 0
    endloop
  endfacet
  facet normal 0 0 -1
    outer loop
      vertex 44.618 1.90211 0
      vertex 83.8671 54.4639 0
      vertex 44.7167 1.86716 0
    endloop
  endfacet
  facet normal 0 0 -1
    outer loop
      vertex 44.5176 1.93185 0
      vertex 83.8671 54.4639 0
      vertex 44.618 1.90211 0
    endloop
  endfacet
  facet normal -0 0 -1
    outer loop
      vertex 83.8671 54.4639 0
      vertex 44.5176 1.93185 0
      vertex 80.9017 58.7785 0
    endloop
  endfacet
  facet normal 0 0 -1
    outer loop
      vertex 44.4158 1.9563 0
      vertex 80.9017 58.7785 0
      vertex 44.5176 1.93185 0
    endloop
  endfacet
  facet normal 0 0 -1
    outer loop
      vertex 44.3129 1.97538 0
      vertex 80.9017 58.7785 0
      vertex 44.4158 1.9563 0
    endloop
  endfacet
  facet normal -0 0 -1
    outer loop
      vertex 80.9017 58.7785 0
      vertex 44.3129 1.97538 0
      vertex 77.7146 62.932 0
    endloop
  endfacet
  facet normal 0 0 -1
    outer loop
      vertex 44.2091 1.98904 0
      vertex 77.7146 62.932 0
      vertex 44.3129 1.97538 0
    endloop
  endfacet
  facet normal 0 0 -1
    outer loop
      vertex 44 2 0
      vertex 21.3861 13.8883 0
      vertex 44.1047 1.99726 0
    endloop
  endfacet
  facet normal 0 0 -1
    outer loop
      vertex 43.8953 1.99726 0
      vertex 21.3861 13.8883 0
      vertex 44 2 0
    endloop
  endfacet
  facet normal 0 0 -1
    outer loop
      vertex 43.6871 1.97538 0
      vertex 22.0836 12.75 0
      vertex 43.7909 1.98904 0
    endloop
  endfacet
  facet normal 0 0 -1
    outer loop
      vertex 22.0836 12.75 0
      vertex 43.6871 1.97538 0
      vertex 22.7207 11.5768 0
    endloop
  endfacet
  facet normal 0 0 -1
    outer loop
      vertex 43.5842 1.9563 0
      vertex 22.7207 11.5768 0
      vertex 43.6871 1.97538 0
    endloop
  endfacet
  facet normal 0 0 -1
    outer loop
      vertex 22.7207 11.5768 0
      vertex 43.4824 1.93185 0
      vertex 23.2954 10.3718 0
    endloop
  endfacet
  facet normal 0 0 -1
    outer loop
      vertex 43.382 1.90211 0
      vertex 23.2954 10.3718 0
      vertex 43.4824 1.93185 0
    endloop
  endfacet
  facet normal 0 0 -1
    outer loop
      vertex 43.1865 1.82709 0
      vertex 23.2954 10.3718 0
      vertex 43.2833 1.86716 0
    endloop
  endfacet
  facet normal 0 0 -1
    outer loop
      vertex 43.2833 1.86716 0
      vertex 23.2954 10.3718 0
      vertex 43.382 1.90211 0
    endloop
  endfacet
  facet normal 0 0 -1
    outer loop
      vertex 23.2954 10.3718 0
      vertex 43.1865 1.82709 0
      vertex 23.8063 9.13838 0
    endloop
  endfacet
  facet normal 0 0 -1
    outer loop
      vertex 43.092 1.78201 0
      vertex 23.8063 9.13838 0
      vertex 43.1865 1.82709 0
    endloop
  endfacet
  facet normal 0 0 -1
    outer loop
      vertex 43 1.73205 0
      vertex 23.8063 9.13838 0
      vertex 43.092 1.78201 0
    endloop
  endfacet
  facet normal 0 0 -1
    outer loop
      vertex 23.8063 9.13838 0
      vertex 43 1.73205 0
      vertex 24.2519 7.87993 0
    endloop
  endfacet
  facet normal 0 0 -1
    outer loop
      vertex 42.9107 1.67734 0
      vertex 24.2519 7.87993 0
      vertex 43 1.73205 0
    endloop
  endfacet
  facet normal 0 0 -1
    outer loop
      vertex 42.8244 1.61803 0
      vertex 24.2519 7.87993 0
      vertex 42.9107 1.67734 0
    endloop
  endfacet
  facet normal 0 0 -1
    outer loop
      vertex 43.4824 1.93185 0
      vertex 22.7207 11.5768 0
      vertex 43.5842 1.9563 0
    endloop
  endfacet
  facet normal 0 0 -1
    outer loop
      vertex 42.7414 1.55429 0
      vertex 24.2519 7.87993 0
      vertex 42.8244 1.61803 0
    endloop
  endfacet
  facet normal 0 0 -1
    outer loop
      vertex 24.2519 7.87993 0
      vertex 42.7414 1.55429 0
      vertex 24.6311 6.59988 0
    endloop
  endfacet
  facet normal 0 0 -1
    outer loop
      vertex 42.6617 1.48629 0
      vertex 24.6311 6.59988 0
      vertex 42.7414 1.55429 0
    endloop
  endfacet
  facet normal 0 0 -1
    outer loop
      vertex 42.5858 1.41421 0
      vertex 24.6311 6.59988 0
      vertex 42.6617 1.48629 0
    endloop
  endfacet
  facet normal 0 0 -1
    outer loop
      vertex 42.5137 1.33826 0
      vertex 24.6311 6.59988 0
      vertex 42.5858 1.41421 0
    endloop
  endfacet
  facet normal 0 0 -1
    outer loop
      vertex 24.6311 6.59988 0
      vertex 42.5137 1.33826 0
      vertex 24.9428 5.30175 0
    endloop
  endfacet
  facet normal 0 0 -1
    outer loop
      vertex 42.4457 1.25864 0
      vertex 24.9428 5.30175 0
      vertex 42.5137 1.33826 0
    endloop
  endfacet
  facet normal 0 0 -1
    outer loop
      vertex 42.382 1.17557 0
      vertex 24.9428 5.30175 0
      vertex 42.4457 1.25864 0
    endloop
  endfacet
  facet normal 0 0 -1
    outer loop
      vertex 42.3227 1.08928 0
      vertex 24.9428 5.30175 0
      vertex 42.382 1.17557 0
    endloop
  endfacet
  facet normal 0 0 -1
    outer loop
      vertex 24.9428 5.30175 0
      vertex 42.3227 1.08928 0
      vertex 25.1861 3.98908 0
    endloop
  endfacet
  facet normal 0 0 -1
    outer loop
      vertex 42.2679 1 0
      vertex 25.1861 3.98908 0
      vertex 42.3227 1.08928 0
    endloop
  endfacet
  facet normal 0 0 -1
    outer loop
      vertex 42.218 0.907981 0
      vertex 25.1861 3.98908 0
      vertex 42.2679 1 0
    endloop
  endfacet
  facet normal 0 0 -1
    outer loop
      vertex 42.1729 0.813473 0
      vertex 25.1861 3.98908 0
      vertex 42.218 0.907981 0
    endloop
  endfacet
  facet normal 0 0 -1
    outer loop
      vertex 25.1861 3.98908 0
      vertex 42.1729 0.813473 0
      vertex 25.3603 2.66547 0
    endloop
  endfacet
  facet normal 0 0 -1
    outer loop
      vertex 42.1328 0.716736 0
      vertex 25.3603 2.66547 0
      vertex 42.1729 0.813473 0
    endloop
  endfacet
  facet normal 0 0 -1
    outer loop
      vertex 42.0979 0.618033 0
      vertex 25.3603 2.66547 0
      vertex 42.1328 0.716736 0
    endloop
  endfacet
  facet normal 0 0 -1
    outer loop
      vertex 42.0681 0.517637 0
      vertex 25.3603 2.66547 0
      vertex 42.0979 0.618033 0
    endloop
  endfacet
  facet normal 0 0 -1
    outer loop
      vertex 25.3603 2.66547 0
      vertex 42.0681 0.517637 0
      vertex 25.4651 1.33457 0
    endloop
  endfacet
  facet normal 0 0 -1
    outer loop
      vertex 42.0437 0.415823 0
      vertex 25.4651 1.33457 0
      vertex 42.0681 0.517637 0
    endloop
  endfacet
  facet normal 0 0 -1
    outer loop
      vertex 42.0246 0.312868 0
      vertex 25.4651 1.33457 0
      vertex 42.0437 0.415823 0
    endloop
  endfacet
  facet normal 0 0 -1
    outer loop
      vertex 42.011 0.209057 0
      vertex 25.4651 1.33457 0
      vertex 42.0246 0.312868 0
    endloop
  endfacet
  facet normal 0 0 -1
    outer loop
      vertex 25.4651 1.33457 0
      vertex 42.011 0.209057 0
      vertex 25.5 0 0
    endloop
  endfacet
  facet normal 0 0 -1
    outer loop
      vertex 25.5 0 0
      vertex 42.011 0.209057 0
      vertex 42.0027 0.104671 0
    endloop
  endfacet
  facet normal 0 0 -1
    outer loop
      vertex 43.7909 1.98904 0
      vertex 22.0836 12.75 0
      vertex 43.8953 1.99726 0
    endloop
  endfacet
  facet normal 0 0 -1
    outer loop
      vertex 25.5 0 0
      vertex 42.0027 0.104671 0
      vertex 42 0 0
    endloop
  endfacet
  facet normal -0 0 -1
    outer loop
      vertex 42.3227 -1.08928 0
      vertex 25.1861 -3.98908 0
      vertex 42.2679 -1 0
    endloop
  endfacet
  facet normal 0 0 -1
    outer loop
      vertex 10.3718 -23.2954 0
      vertex 40.6737 -91.3545 0
      vertex 35.8368 -93.358 0
    endloop
  endfacet
  facet normal 0 0 -1
    outer loop
      vertex 21.3861 13.8883 0
      vertex 43.8953 1.99726 0
      vertex 22.0836 12.75 0
    endloop
  endfacet
  facet normal 0 0 -1
    outer loop
      vertex 9.13838 -23.8063 0
      vertex 35.8368 -93.358 0
      vertex 30.9017 -95.1057 0
    endloop
  endfacet
  facet normal 0 0 -1
    outer loop
      vertex 20.6299 14.9885 0
      vertex 44.1047 1.99726 0
      vertex 21.3861 13.8883 0
    endloop
  endfacet
  facet normal 0 0 -1
    outer loop
      vertex 7.87993 -24.2519 0
      vertex 30.9017 -95.1057 0
      vertex 25.8819 -96.5926 0
    endloop
  endfacet
  facet normal 0 0 -1
    outer loop
      vertex 44.1047 1.99726 0
      vertex 20.6299 14.9885 0
      vertex 44.2091 1.98904 0
    endloop
  endfacet
  facet normal 0 0 -1
    outer loop
      vertex 19.8172 16.0477 0
      vertex 44.2091 1.98904 0
      vertex 20.6299 14.9885 0
    endloop
  endfacet
  facet normal 0 0 -1
    outer loop
      vertex 42.0027 -0.104671 0
      vertex 25.5 0 0
      vertex 42 0 0
    endloop
  endfacet
  facet normal 0 -0 -1
    outer loop
      vertex 25.5 0 0
      vertex 42.0027 -0.104671 0
      vertex 25.4651 -1.33457 0
    endloop
  endfacet
  facet normal -0 0 -1
    outer loop
      vertex 42.011 -0.209057 0
      vertex 25.4651 -1.33457 0
      vertex 42.0027 -0.104671 0
    endloop
  endfacet
  facet normal -0 0 -1
    outer loop
      vertex 42.0246 -0.312868 0
      vertex 25.4651 -1.33457 0
      vertex 42.011 -0.209057 0
    endloop
  endfacet
  facet normal -0 0 -1
    outer loop
      vertex 42.0437 -0.415823 0
      vertex 25.4651 -1.33457 0
      vertex 42.0246 -0.312868 0
    endloop
  endfacet
  facet normal -0 0 -1
    outer loop
      vertex 42.0681 -0.517637 0
      vertex 25.4651 -1.33457 0
      vertex 42.0437 -0.415823 0
    endloop
  endfacet
  facet normal 0 -0 -1
    outer loop
      vertex 25.4651 -1.33457 0
      vertex 42.0681 -0.517637 0
      vertex 25.3603 -2.66547 0
    endloop
  endfacet
  facet normal -0 0 -1
    outer loop
      vertex 42.0979 -0.618033 0
      vertex 25.3603 -2.66547 0
      vertex 42.0681 -0.517637 0
    endloop
  endfacet
  facet normal -0 0 -1
    outer loop
      vertex 42.1328 -0.716736 0
      vertex 25.3603 -2.66547 0
      vertex 42.0979 -0.618033 0
    endloop
  endfacet
  facet normal -0 0 -1
    outer loop
      vertex 42.1729 -0.813473 0
      vertex 25.3603 -2.66547 0
      vertex 42.1328 -0.716736 0
    endloop
  endfacet
  facet normal 0 -0 -1
    outer loop
      vertex 25.3603 -2.66547 0
      vertex 42.1729 -0.813473 0
      vertex 25.1861 -3.98908 0
    endloop
  endfacet
  facet normal 0 0 -1
    outer loop
      vertex 6.59988 -24.6311 0
      vertex 25.8819 -96.5926 0
      vertex 20.7912 -97.8148 0
    endloop
  endfacet
  facet normal -0 0 -1
    outer loop
      vertex 42.218 -0.907981 0
      vertex 25.1861 -3.98908 0
      vertex 42.1729 -0.813473 0
    endloop
  endfacet
  facet normal -0 0 -1
    outer loop
      vertex 42.2679 -1 0
      vertex 25.1861 -3.98908 0
      vertex 42.218 -0.907981 0
    endloop
  endfacet
  facet normal 0 0 -1
    outer loop
      vertex 40.6737 -91.3545 0
      vertex 18.9502 -17.0628 0
      vertex 19.8172 -16.0477 0
    endloop
  endfacet
  facet normal 0 0 -1
    outer loop
      vertex 40.6737 -91.3545 0
      vertex 18.0312 -18.0312 0
      vertex 18.9502 -17.0628 0
    endloop
  endfacet
  facet normal 0 0 -1
    outer loop
      vertex 40.6737 -91.3545 0
      vertex 17.0628 -18.9502 0
      vertex 18.0312 -18.0312 0
    endloop
  endfacet
  facet normal 0 0 -1
    outer loop
      vertex 40.6737 -91.3545 0
      vertex 16.0477 -19.8172 0
      vertex 17.0628 -18.9502 0
    endloop
  endfacet
  facet normal 0 0 -1
    outer loop
      vertex 5.30175 -24.9428 0
      vertex 20.7912 -97.8148 0
      vertex 15.6434 -98.7688 0
    endloop
  endfacet
  facet normal 0 0 -1
    outer loop
      vertex 40.6737 -91.3545 0
      vertex 14.9885 -20.6299 0
      vertex 16.0477 -19.8172 0
    endloop
  endfacet
  facet normal 0 0 -1
    outer loop
      vertex 40.6737 -91.3545 0
      vertex 13.8883 -21.3861 0
      vertex 14.9885 -20.6299 0
    endloop
  endfacet
  facet normal 0 0 -1
    outer loop
      vertex 40.6737 -91.3545 0
      vertex 12.75 -22.0836 0
      vertex 13.8883 -21.3861 0
    endloop
  endfacet
  facet normal 0 0 -1
    outer loop
      vertex 40.6737 -91.3545 0
      vertex 11.5768 -22.7207 0
      vertex 12.75 -22.0836 0
    endloop
  endfacet
  facet normal 0 0 -1
    outer loop
      vertex 3.98908 -25.1861 0
      vertex 15.6434 -98.7688 0
      vertex 10.4528 -99.4522 0
    endloop
  endfacet
  facet normal 0 0 -1
    outer loop
      vertex 40.6737 -91.3545 0
      vertex 10.3718 -23.2954 0
      vertex 11.5768 -22.7207 0
    endloop
  endfacet
  facet normal 0 0 -1
    outer loop
      vertex 35.8368 -93.358 0
      vertex 9.13838 -23.8063 0
      vertex 10.3718 -23.2954 0
    endloop
  endfacet
  facet normal 0 0 -1
    outer loop
      vertex 30.9017 -95.1057 0
      vertex 7.87993 -24.2519 0
      vertex 9.13838 -23.8063 0
    endloop
  endfacet
  facet normal 0 0 -1
    outer loop
      vertex 25.8819 -96.5926 0
      vertex 6.59988 -24.6311 0
      vertex 7.87993 -24.2519 0
    endloop
  endfacet
  facet normal 0 0 -1
    outer loop
      vertex 20.7912 -97.8148 0
      vertex 5.30175 -24.9428 0
      vertex 6.59988 -24.6311 0
    endloop
  endfacet
  facet normal 0 0 -1
    outer loop
      vertex 2.66547 -25.3603 0
      vertex 10.4528 -99.4522 0
      vertex 5.23359 -99.863 0
    endloop
  endfacet
  facet normal 0 0 -1
    outer loop
      vertex 15.6434 -98.7688 0
      vertex 3.98908 -25.1861 0
      vertex 5.30175 -24.9428 0
    endloop
  endfacet
  facet normal 0 0 -1
    outer loop
      vertex 10.4528 -99.4522 0
      vertex 2.66547 -25.3603 0
      vertex 3.98908 -25.1861 0
    endloop
  endfacet
  facet normal 0 0 -1
    outer loop
      vertex 5.23359 -99.863 0
      vertex 1.33457 -25.4651 0
      vertex 2.66547 -25.3603 0
    endloop
  endfacet
  facet normal 0 0 -1
    outer loop
      vertex 0 -100 0
      vertex 1.33457 -25.4651 0
      vertex 5.23359 -99.863 0
    endloop
  endfacet
  facet normal 0 0 -1
    outer loop
      vertex 0 -100 0
      vertex 0 -25.5 0
      vertex 1.33457 -25.4651 0
    endloop
  endfacet
  facet normal 0 0 -1
    outer loop
      vertex 0 -100 0
      vertex -1.33457 -25.4651 0
      vertex 0 -25.5 0
    endloop
  endfacet
  facet normal 0 0 -1
    outer loop
      vertex -5.23359 -99.863 0
      vertex -1.33457 -25.4651 0
      vertex 0 -100 0
    endloop
  endfacet
  facet normal -0 0 -1
    outer loop
      vertex -1.33457 -25.4651 0
      vertex -5.23359 -99.863 0
      vertex -2.66547 -25.3603 0
    endloop
  endfacet
  facet normal 0 0 -1
    outer loop
      vertex -10.4528 -99.4522 0
      vertex -2.66547 -25.3603 0
      vertex -5.23359 -99.863 0
    endloop
  endfacet
  facet normal -0 0 -1
    outer loop
      vertex -2.66547 -25.3603 0
      vertex -10.4528 -99.4522 0
      vertex -3.98908 -25.1861 0
    endloop
  endfacet
  facet normal 0 0 -1
    outer loop
      vertex -15.6434 -98.7688 0
      vertex -3.98908 -25.1861 0
      vertex -10.4528 -99.4522 0
    endloop
  endfacet
  facet normal -0 0 -1
    outer loop
      vertex -3.98908 -25.1861 0
      vertex -15.6434 -98.7688 0
      vertex -5.30175 -24.9428 0
    endloop
  endfacet
  facet normal 0 0 -1
    outer loop
      vertex -20.7912 -97.8148 0
      vertex -5.30175 -24.9428 0
      vertex -15.6434 -98.7688 0
    endloop
  endfacet
  facet normal -0 0 -1
    outer loop
      vertex -5.30175 -24.9428 0
      vertex -20.7912 -97.8148 0
      vertex -6.59988 -24.6311 0
    endloop
  endfacet
  facet normal 0 0 -1
    outer loop
      vertex -25.8819 -96.5926 0
      vertex -6.59988 -24.6311 0
      vertex -20.7912 -97.8148 0
    endloop
  endfacet
  facet normal -0 0 -1
    outer loop
      vertex -6.59988 -24.6311 0
      vertex -25.8819 -96.5926 0
      vertex -7.87993 -24.2519 0
    endloop
  endfacet
  facet normal 0 0 -1
    outer loop
      vertex -30.9017 -95.1057 0
      vertex -7.87993 -24.2519 0
      vertex -25.8819 -96.5926 0
    endloop
  endfacet
  facet normal -0 0 -1
    outer loop
      vertex -7.87993 -24.2519 0
      vertex -30.9017 -95.1057 0
      vertex -9.13838 -23.8063 0
    endloop
  endfacet
  facet normal 0 0 -1
    outer loop
      vertex -35.8368 -93.358 0
      vertex -9.13838 -23.8063 0
      vertex -30.9017 -95.1057 0
    endloop
  endfacet
  facet normal -0 0 -1
    outer loop
      vertex -9.13838 -23.8063 0
      vertex -35.8368 -93.358 0
      vertex -10.3718 -23.2954 0
    endloop
  endfacet
  facet normal 0 0 -1
    outer loop
      vertex -40.6737 -91.3545 0
      vertex -10.3718 -23.2954 0
      vertex -35.8368 -93.358 0
    endloop
  endfacet
  facet normal -0 0 -1
    outer loop
      vertex -10.3718 -23.2954 0
      vertex -40.6737 -91.3545 0
      vertex -11.5768 -22.7207 0
    endloop
  endfacet
  facet normal 0 0 -1
    outer loop
      vertex -45.399 -89.1007 0
      vertex -11.5768 -22.7207 0
      vertex -40.6737 -91.3545 0
    endloop
  endfacet
  facet normal -0 0 -1
    outer loop
      vertex -11.5768 -22.7207 0
      vertex -45.399 -89.1007 0
      vertex -12.75 -22.0836 0
    endloop
  endfacet
  facet normal 0 0 -1
    outer loop
      vertex -50 -86.6025 0
      vertex -12.75 -22.0836 0
      vertex -45.399 -89.1007 0
    endloop
  endfacet
  facet normal -0 0 -1
    outer loop
      vertex -12.75 -22.0836 0
      vertex -50 -86.6025 0
      vertex -13.8883 -21.3861 0
    endloop
  endfacet
  facet normal 0 0 -1
    outer loop
      vertex -54.4639 -83.8671 0
      vertex -13.8883 -21.3861 0
      vertex -50 -86.6025 0
    endloop
  endfacet
  facet normal -0 0 -1
    outer loop
      vertex -13.8883 -21.3861 0
      vertex -54.4639 -83.8671 0
      vertex -14.9885 -20.6299 0
    endloop
  endfacet
  facet normal 0 0 -1
    outer loop
      vertex -58.7785 -80.9017 0
      vertex -14.9885 -20.6299 0
      vertex -54.4639 -83.8671 0
    endloop
  endfacet
  facet normal -0 0 -1
    outer loop
      vertex -14.9885 -20.6299 0
      vertex -58.7785 -80.9017 0
      vertex -16.0477 -19.8172 0
    endloop
  endfacet
  facet normal 0 0 -1
    outer loop
      vertex -62.932 -77.7146 0
      vertex -16.0477 -19.8172 0
      vertex -58.7785 -80.9017 0
    endloop
  endfacet
  facet normal -0 0 -1
    outer loop
      vertex -16.0477 -19.8172 0
      vertex -62.932 -77.7146 0
      vertex -17.0628 -18.9502 0
    endloop
  endfacet
  facet normal 0 0 -1
    outer loop
      vertex -66.9131 -74.3145 0
      vertex -17.0628 -18.9502 0
      vertex -62.932 -77.7146 0
    endloop
  endfacet
  facet normal 0 0 -1
    outer loop
      vertex -19.8172 -16.0477 0
      vertex -44 -2 0
      vertex -20.6299 -14.9885 0
    endloop
  endfacet
  facet normal 0 0 -1
    outer loop
      vertex -20.6299 -14.9885 0
      vertex -44 -2 0
      vertex -21.3861 -13.8883 0
    endloop
  endfacet
  facet normal 0 -0 -1
    outer loop
      vertex -43.8953 -1.99726 0
      vertex -21.3861 -13.8883 0
      vertex -44 -2 0
    endloop
  endfacet
  facet normal 0 0 -1
    outer loop
      vertex -21.3861 -13.8883 0
      vertex -43.8953 -1.99726 0
      vertex -22.0836 -12.75 0
    endloop
  endfacet
  facet normal 0 -0 -1
    outer loop
      vertex -43.7909 -1.98904 0
      vertex -22.0836 -12.75 0
      vertex -43.8953 -1.99726 0
    endloop
  endfacet
  facet normal 0 0 -1
    outer loop
      vertex -22.0836 -12.75 0
      vertex -43.6871 -1.97538 0
      vertex -22.7207 -11.5768 0
    endloop
  endfacet
  facet normal 0 -0 -1
    outer loop
      vertex -43.6871 -1.97538 0
      vertex -22.0836 -12.75 0
      vertex -43.7909 -1.98904 0
    endloop
  endfacet
  facet normal 0.824121 0.566414 0
    outer loop
      vertex 83.8671 54.4639 1
      vertex 80.9017 58.7785 0
      vertex 80.9017 58.7785 1
    endloop
  endfacet
  facet normal 0.824121 0.566414 0
    outer loop
      vertex 80.9017 58.7785 0
      vertex 83.8671 54.4639 1
      vertex 83.8671 54.4639 0
    endloop
  endfacet
  facet normal 0.0784665 0.996917 -0
    outer loop
      vertex 10.4528 99.4522 0
      vertex 5.23359 99.863 1
      vertex 10.4528 99.4522 1
    endloop
  endfacet
  facet normal 0.0784665 0.996917 0
    outer loop
      vertex 5.23359 99.863 1
      vertex 10.4528 99.4522 0
      vertex 5.23359 99.863 0
    endloop
  endfacet
  facet normal 0.382682 -0.92388 0
    outer loop
      vertex 35.8368 -93.358 0
      vertex 40.6737 -91.3545 1
      vertex 35.8368 -93.358 1
    endloop
  endfacet
  facet normal 0.382682 -0.92388 0
    outer loop
      vertex 40.6737 -91.3545 1
      vertex 35.8368 -93.358 0
      vertex 40.6737 -91.3545 0
    endloop
  endfacet
  facet normal -0.182219 -0.983258 0
    outer loop
      vertex -20.7912 -97.8148 0
      vertex -15.6434 -98.7688 1
      vertex -20.7912 -97.8148 1
    endloop
  endfacet
  facet normal -0.182219 -0.983258 -0
    outer loop
      vertex -15.6434 -98.7688 1
      vertex -20.7912 -97.8148 0
      vertex -15.6434 -98.7688 0
    endloop
  endfacet
  facet normal -0.0784665 -0.996917 0
    outer loop
      vertex -10.4528 -99.4522 0
      vertex -5.23359 -99.863 1
      vertex -10.4528 -99.4522 1
    endloop
  endfacet
  facet normal -0.0784665 -0.996917 -0
    outer loop
      vertex -5.23359 -99.863 1
      vertex -10.4528 -99.4522 0
      vertex -5.23359 -99.863 0
    endloop
  endfacet
  facet normal -0.996917 0.0784665 0
    outer loop
      vertex -99.863 5.23359 0
      vertex -99.4522 10.4528 1
      vertex -99.4522 10.4528 0
    endloop
  endfacet
  facet normal -0.996917 0.0784665 0
    outer loop
      vertex -99.4522 10.4528 1
      vertex -99.863 5.23359 0
      vertex -99.863 5.23359 1
    endloop
  endfacet
  facet normal -0.983258 0.182219 0
    outer loop
      vertex -98.7688 15.6434 0
      vertex -97.8148 20.7912 1
      vertex -97.8148 20.7912 0
    endloop
  endfacet
  facet normal -0.983258 0.182219 0
    outer loop
      vertex -97.8148 20.7912 1
      vertex -98.7688 15.6434 0
      vertex -98.7688 15.6434 1
    endloop
  endfacet
  facet normal -0.793353 -0.608762 0
    outer loop
      vertex -77.7146 -62.932 0
      vertex -80.9017 -58.7785 1
      vertex -80.9017 -58.7785 0
    endloop
  endfacet
  facet normal -0.793353 -0.608762 0
    outer loop
      vertex -80.9017 -58.7785 1
      vertex -77.7146 -62.932 0
      vertex -77.7146 -62.932 1
    endloop
  endfacet
  facet normal -0.824121 -0.566414 0
    outer loop
      vertex -80.9017 -58.7785 0
      vertex -83.8671 -54.4639 1
      vertex -83.8671 -54.4639 0
    endloop
  endfacet
  facet normal -0.824121 -0.566414 0
    outer loop
      vertex -83.8671 -54.4639 1
      vertex -80.9017 -58.7785 0
      vertex -80.9017 -58.7785 1
    endloop
  endfacet
  facet normal -0.958821 -0.28401 0
    outer loop
      vertex -95.1057 -30.9017 0
      vertex -96.5926 -25.8819 1
      vertex -96.5926 -25.8819 0
    endloop
  endfacet
  facet normal -0.958821 -0.28401 0
    outer loop
      vertex -96.5926 -25.8819 1
      vertex -95.1057 -30.9017 0
      vertex -95.1057 -30.9017 1
    endloop
  endfacet
  facet normal -0.233451 -0.972369 0
    outer loop
      vertex -25.8819 -96.5926 0
      vertex -20.7912 -97.8148 1
      vertex -25.8819 -96.5926 1
    endloop
  endfacet
  facet normal -0.233451 -0.972369 -0
    outer loop
      vertex -20.7912 -97.8148 1
      vertex -25.8819 -96.5926 0
      vertex -20.7912 -97.8148 0
    endloop
  endfacet
  facet normal -0.972369 -0.233451 0
    outer loop
      vertex -96.5926 -25.8819 0
      vertex -97.8148 -20.7912 1
      vertex -97.8148 -20.7912 0
    endloop
  endfacet
  facet normal -0.972369 -0.233451 0
    outer loop
      vertex -97.8148 -20.7912 1
      vertex -96.5926 -25.8819 0
      vertex -96.5926 -25.8819 1
    endloop
  endfacet
  facet normal 0.28401 0.958821 -0
    outer loop
      vertex 30.9017 95.1057 0
      vertex 25.8819 96.5926 1
      vertex 30.9017 95.1057 1
    endloop
  endfacet
  facet normal 0.28401 0.958821 0
    outer loop
      vertex 25.8819 96.5926 1
      vertex 30.9017 95.1057 0
      vertex 25.8819 96.5926 0
    endloop
  endfacet
  facet normal 0.233451 0.972369 -0
    outer loop
      vertex 25.8819 96.5926 0
      vertex 20.7912 97.8148 1
      vertex 25.8819 96.5926 1
    endloop
  endfacet
  facet normal 0.233451 0.972369 0
    outer loop
      vertex 20.7912 97.8148 1
      vertex 25.8819 96.5926 0
      vertex 20.7912 97.8148 0
    endloop
  endfacet
  facet normal -0.688356 -0.725373 0
    outer loop
      vertex -70.7107 -70.7107 0
      vertex -66.9131 -74.3145 1
      vertex -70.7107 -70.7107 1
    endloop
  endfacet
  facet normal -0.688356 -0.725373 -0
    outer loop
      vertex -66.9131 -74.3145 1
      vertex -70.7107 -70.7107 0
      vertex -66.9131 -74.3145 0
    endloop
  endfacet
  facet normal -0.902589 -0.430503 0
    outer loop
      vertex -89.1007 -45.399 0
      vertex -91.3545 -40.6737 1
      vertex -91.3545 -40.6737 0
    endloop
  endfacet
  facet normal -0.902589 -0.430503 0
    outer loop
      vertex -91.3545 -40.6737 1
      vertex -89.1007 -45.399 0
      vertex -89.1007 -45.399 1
    endloop
  endfacet
  facet normal -0.522487 -0.852647 0
    outer loop
      vertex -54.4639 -83.8671 0
      vertex -50 -86.6025 1
      vertex -54.4639 -83.8671 1
    endloop
  endfacet
  facet normal -0.522487 -0.852647 -0
    outer loop
      vertex -50 -86.6025 1
      vertex -54.4639 -83.8671 0
      vertex -50 -86.6025 0
    endloop
  endfacet
  facet normal -0.477168 -0.878812 0
    outer loop
      vertex -50 -86.6025 0
      vertex -45.399 -89.1007 1
      vertex -50 -86.6025 1
    endloop
  endfacet
  facet normal -0.477168 -0.878812 -0
    outer loop
      vertex -45.399 -89.1007 1
      vertex -50 -86.6025 0
      vertex -45.399 -89.1007 0
    endloop
  endfacet
  facet normal -0.1651 0.687689 0.706984
    outer loop
      vertex -20.5417 96.641 2.2
      vertex -25.8819 96.5926 1
      vertex -25.5713 95.4335 2.2
    endloop
  endfacet
  facet normal -0.369502 -0.602991 0.707015
    outer loop
      vertex -53.8103 -82.8606 2.2
      vertex -54.4639 -83.8671 1
      vertex -50 -86.6025 1
    endloop
  endfacet
  facet normal 0.706986 0.0185128 0.706986
    outer loop
      vertex 100 0 1
      vertex 98.6646 5.17079 2.2
      vertex 98.8 0 2.2
    endloop
  endfacet
  facet normal 0.706973 0.0185065 0.706999
    outer loop
      vertex 99.863 5.23359 1
      vertex 98.6646 5.17079 2.2
      vertex 100 0 1
    endloop
  endfacet
  facet normal 0.666652 0.236086 0.706992
    outer loop
      vertex 95.1057 30.9017 1
      vertex 93.358 35.8368 1
      vertex 93.9644 30.5309 2.2
    endloop
  endfacet
  facet normal -0.621511 0.337461 0.706997
    outer loop
      vertex -86.6025 50 1
      vertex -89.1007 45.399 1
      vertex -88.0314 44.8543 2.2
    endloop
  endfacet
  facet normal 0.705057 0.0554845 0.706977
    outer loop
      vertex 99.4522 10.4528 1
      vertex 98.2588 10.3274 2.2
      vertex 98.6646 5.17079 2.2
    endloop
  endfacet
  facet normal -0.68768 -0.165101 0.706993
    outer loop
      vertex -96.641 -20.5417 2.2
      vertex -97.8148 -20.7912 1
      vertex -96.5926 -25.8819 1
    endloop
  endfacet
  facet normal 0.603014 -0.369536 0.706978
    outer loop
      vertex 85.5633 -49.4 2.2
      vertex 82.8606 -53.8103 2.2
      vertex 86.6025 -50 1
    endloop
  endfacet
  facet normal 0.638324 -0.304458 0.706999
    outer loop
      vertex 91.3545 -40.6737 1
      vertex 88.0314 -44.8543 2.2
      vertex 89.1007 -45.399 1
    endloop
  endfacet
  facet normal -0.582818 0.400567 0.707014
    outer loop
      vertex -80.9017 58.7785 1
      vertex -83.8671 54.4639 1
      vertex -82.8606 53.8103 2.2
    endloop
  endfacet
  facet normal 0.687689 -0.1651 0.706984
    outer loop
      vertex 96.641 -20.5417 2.2
      vertex 95.4335 -25.5713 2.2
      vertex 96.5926 -25.8819 1
    endloop
  endfacet
  facet normal 0.0923192 -0.701186 0.706977
    outer loop
      vertex 15.4557 -97.5836 2.2
      vertex 10.3274 -98.2588 2.2
      vertex 10.4528 -99.4522 1
    endloop
  endfacet
  facet normal -0.459317 0.537786 0.706975
    outer loop
      vertex -62.932 77.7146 1
      vertex -66.1101 73.4227 2.2
      vertex -62.1769 76.782 2.2
    endloop
  endfacet
  facet normal 0.603014 0.369536 0.706978
    outer loop
      vertex 86.6025 50 1
      vertex 82.8606 53.8103 2.2
      vertex 85.5633 49.4 2.2
    endloop
  endfacet
  facet normal -0.695395 0.128879 0.706977
    outer loop
      vertex -96.641 20.5417 2.2
      vertex -98.7688 15.6434 1
      vertex -97.5836 15.4557 2.2
    endloop
  endfacet
  facet normal -0.512994 -0.486815 0.707
    outer loop
      vertex -73.4227 -66.1101 2.2
      vertex -74.3145 -66.9131 1
      vertex -70.7107 -70.7107 1
    endloop
  endfacet
  facet normal -0.369502 0.602991 0.707015
    outer loop
      vertex -50 86.6025 1
      vertex -54.4639 83.8671 1
      vertex -53.8103 82.8606 2.2
    endloop
  endfacet
  facet normal -0.486824 0.513021 0.706974
    outer loop
      vertex -66.1101 73.4227 2.2
      vertex -70.7107 70.7107 1
      vertex -69.8622 69.8622 2.2
    endloop
  endfacet
  facet normal 0.20086 -0.678107 0.706984
    outer loop
      vertex 30.9017 -95.1057 1
      vertex 25.5713 -95.4335 2.2
      vertex 25.8819 -96.5926 1
    endloop
  endfacet
  facet normal -0.653408 -0.270644 0.706972
    outer loop
      vertex -90.2583 -40.1856 2.2
      vertex -92.2377 -35.4068 2.2
      vertex -91.3545 -40.6737 1
    endloop
  endfacet
  facet normal -0.537775 0.459292 0.707
    outer loop
      vertex -74.3145 66.9131 1
      vertex -77.7146 62.932 1
      vertex -73.4227 66.1101 2.2
    endloop
  endfacet
  facet normal 0.304458 0.638324 0.706999
    outer loop
      vertex 45.399 89.1007 1
      vertex 40.6737 91.3545 1
      vertex 44.8543 88.0314 2.2
    endloop
  endfacet
  facet normal -0.678097 -0.200861 0.706993
    outer loop
      vertex -93.9644 -30.5309 2.2
      vertex -95.4335 -25.5713 2.2
      vertex -95.1057 -30.9017 1
    endloop
  endfacet
  facet normal -0.0185128 0.706986 0.706986
    outer loop
      vertex 0 100 1
      vertex -5.17079 98.6646 2.2
      vertex 0 98.8 2.2
    endloop
  endfacet
  facet normal 0.0923192 0.701186 0.706977
    outer loop
      vertex 10.4528 99.4522 1
      vertex 10.3274 98.2588 2.2
      vertex 15.4557 97.5836 2.2
    endloop
  endfacet
  facet normal -0.0554927 0.705034 0.706999
    outer loop
      vertex -5.23359 99.863 1
      vertex -10.4528 99.4522 1
      vertex -5.17079 98.6646 2.2
    endloop
  endfacet
  facet normal 0.400567 -0.582818 0.707014
    outer loop
      vertex 58.7785 -80.9017 1
      vertex 53.8103 -82.8606 2.2
      vertex 54.4639 -83.8671 1
    endloop
  endfacet
  facet normal 0.337462 0.621532 0.706978
    outer loop
      vertex 50 86.6025 1
      vertex 44.8543 88.0314 2.2
      vertex 49.4 85.5633 2.2
    endloop
  endfacet
  facet normal -0.270644 -0.653408 0.706972
    outer loop
      vertex -40.1856 -90.2583 2.2
      vertex -40.6737 -91.3545 1
      vertex -35.4068 -92.2377 2.2
    endloop
  endfacet
  facet normal 0.561089 0.430539 0.706976
    outer loop
      vertex 77.7146 62.932 1
      vertex 76.782 62.1769 2.2
      vertex 80.9017 58.7785 1
    endloop
  endfacet
  facet normal -0.400575 0.582862 0.706973
    outer loop
      vertex -53.8103 82.8606 2.2
      vertex -58.7785 80.9017 1
      vertex -58.0732 79.9309 2.2
    endloop
  endfacet
  facet normal 0.638343 0.30448 0.706973
    outer loop
      vertex 91.3545 40.6737 1
      vertex 88.0314 44.8543 2.2
      vertex 90.2583 40.1856 2.2
    endloop
  endfacet
  facet normal 0.561089 -0.430539 0.706976
    outer loop
      vertex 80.9017 -58.7785 1
      vertex 76.782 -62.1769 2.2
      vertex 77.7146 -62.932 1
    endloop
  endfacet
  facet normal -0.369536 -0.603014 0.706978
    outer loop
      vertex -49.4 -85.5633 2.2
      vertex -53.8103 -82.8606 2.2
      vertex -50 -86.6025 1
    endloop
  endfacet
  facet normal 0.695395 0.128879 0.706977
    outer loop
      vertex 98.7688 15.6434 1
      vertex 96.641 20.5417 2.2
      vertex 97.5836 15.4557 2.2
    endloop
  endfacet
  facet normal -0.430542 -0.56109 0.706973
    outer loop
      vertex -58.0732 -79.9309 2.2
      vertex -62.1769 -76.782 2.2
      vertex -58.7785 -80.9017 1
    endloop
  endfacet
  facet normal 0.537786 -0.459317 0.706975
    outer loop
      vertex 76.782 -62.1769 2.2
      vertex 73.4227 -66.1101 2.2
      vertex 77.7146 -62.932 1
    endloop
  endfacet
  facet normal 0.512994 -0.486815 0.707
    outer loop
      vertex 73.4227 -66.1101 2.2
      vertex 70.7107 -70.7107 1
      vertex 74.3145 -66.9131 1
    endloop
  endfacet
  facet normal 0.486815 0.512994 0.707
    outer loop
      vertex 66.9131 74.3145 1
      vertex 66.1101 73.4227 2.2
      vertex 70.7107 70.7107 1
    endloop
  endfacet
  facet normal 0.621532 -0.337462 0.706978
    outer loop
      vertex 88.0314 -44.8543 2.2
      vertex 85.5633 -49.4 2.2
      vertex 86.6025 -50 1
    endloop
  endfacet
  facet normal 0.56109 -0.430542 0.706973
    outer loop
      vertex 79.9309 -58.0732 2.2
      vertex 76.782 -62.1769 2.2
      vertex 80.9017 -58.7785 1
    endloop
  endfacet
  facet normal 0.678097 0.200861 0.706993
    outer loop
      vertex 95.1057 30.9017 1
      vertex 93.9644 30.5309 2.2
      vertex 95.4335 25.5713 2.2
    endloop
  endfacet
  facet normal 0.369502 -0.602991 0.707015
    outer loop
      vertex 53.8103 -82.8606 2.2
      vertex 50 -86.6025 1
      vertex 54.4639 -83.8671 1
    endloop
  endfacet
  facet normal 0.68768 0.165101 0.706993
    outer loop
      vertex 97.8148 20.7912 1
      vertex 96.5926 25.8819 1
      vertex 96.641 20.5417 2.2
    endloop
  endfacet
  facet normal 0.0554927 -0.705034 0.706999
    outer loop
      vertex 10.4528 -99.4522 1
      vertex 5.17079 -98.6646 2.2
      vertex 5.23359 -99.863 1
    endloop
  endfacet
  facet normal 0.705034 0.0554927 0.706999
    outer loop
      vertex 99.4522 10.4528 1
      vertex 98.6646 5.17079 2.2
      vertex 99.863 5.23359 1
    endloop
  endfacet
  facet normal -0.537786 -0.459317 0.706975
    outer loop
      vertex -76.782 -62.1769 2.2
      vertex -77.7146 -62.932 1
      vertex -73.4227 -66.1101 2.2
    endloop
  endfacet
  facet normal -0.337461 -0.621511 0.706997
    outer loop
      vertex -44.8543 -88.0314 2.2
      vertex -50 -86.6025 1
      vertex -45.399 -89.1007 1
    endloop
  endfacet
  facet normal -0.561089 0.430539 0.706976
    outer loop
      vertex -77.7146 62.932 1
      vertex -80.9017 58.7785 1
      vertex -76.782 62.1769 2.2
    endloop
  endfacet
  facet normal 0.165101 0.68768 0.706993
    outer loop
      vertex 20.7912 97.8148 1
      vertex 20.5417 96.641 2.2
      vertex 25.8819 96.5926 1
    endloop
  endfacet
  facet normal -0.705057 0.0554845 0.706977
    outer loop
      vertex -98.2588 10.3274 2.2
      vertex -99.4522 10.4528 1
      vertex -98.6646 5.17079 2.2
    endloop
  endfacet
  facet normal -0.337462 -0.621532 0.706978
    outer loop
      vertex -49.4 -85.5633 2.2
      vertex -50 -86.6025 1
      vertex -44.8543 -88.0314 2.2
    endloop
  endfacet
  facet normal -0.701185 -0.0923188 0.706977
    outer loop
      vertex -97.5836 -15.4557 2.2
      vertex -99.4522 -10.4528 1
      vertex -98.7688 -15.6434 1
    endloop
  endfacet
  facet normal 0.701185 -0.0923188 0.706977
    outer loop
      vertex 99.4522 -10.4528 1
      vertex 97.5836 -15.4557 2.2
      vertex 98.7688 -15.6434 1
    endloop
  endfacet
  facet normal -0.602991 -0.369502 0.707015
    outer loop
      vertex -82.8606 -53.8103 2.2
      vertex -86.6025 -50 1
      vertex -83.8671 -54.4639 1
    endloop
  endfacet
  facet normal -0.706973 -0.0185065 0.706999
    outer loop
      vertex -98.6646 -5.17079 2.2
      vertex -100 0 1
      vertex -99.863 -5.23359 1
    endloop
  endfacet
  facet normal 0.602991 -0.369502 0.707015
    outer loop
      vertex 86.6025 -50 1
      vertex 82.8606 -53.8103 2.2
      vertex 83.8671 -54.4639 1
    endloop
  endfacet
  facet normal 0.695381 -0.128869 0.706992
    outer loop
      vertex 98.7688 -15.6434 1
      vertex 96.641 -20.5417 2.2
      vertex 97.8148 -20.7912 1
    endloop
  endfacet
  facet normal 0.0554927 0.705034 0.706999
    outer loop
      vertex 5.23359 99.863 1
      vertex 5.17079 98.6646 2.2
      vertex 10.4528 99.4522 1
    endloop
  endfacet
  facet normal 0.602991 0.369502 0.707015
    outer loop
      vertex 83.8671 54.4639 1
      vertex 82.8606 53.8103 2.2
      vertex 86.6025 50 1
    endloop
  endfacet
  facet normal 0.56109 0.430542 0.706973
    outer loop
      vertex 80.9017 58.7785 1
      vertex 76.782 62.1769 2.2
      vertex 79.9309 58.0732 2.2
    endloop
  endfacet
  facet normal 0.653408 0.270644 0.706972
    outer loop
      vertex 91.3545 40.6737 1
      vertex 90.2583 40.1856 2.2
      vertex 92.2377 35.4068 2.2
    endloop
  endfacet
  facet normal 0.666663 -0.236085 0.706983
    outer loop
      vertex 93.9644 -30.5309 2.2
      vertex 92.2377 -35.4068 2.2
      vertex 93.358 -35.8368 1
    endloop
  endfacet
  facet normal 0.400575 0.582862 0.706973
    outer loop
      vertex 58.7785 80.9017 1
      vertex 53.8103 82.8606 2.2
      vertex 58.0732 79.9309 2.2
    endloop
  endfacet
  facet normal -0.30448 0.638343 0.706973
    outer loop
      vertex -40.6737 91.3545 1
      vertex -44.8543 88.0314 2.2
      vertex -40.1856 90.2583 2.2
    endloop
  endfacet
  facet normal 0.638324 0.304458 0.706999
    outer loop
      vertex 89.1007 45.399 1
      vertex 88.0314 44.8543 2.2
      vertex 91.3545 40.6737 1
    endloop
  endfacet
  facet normal 0.666663 0.236085 0.706983
    outer loop
      vertex 93.358 35.8368 1
      vertex 92.2377 35.4068 2.2
      vertex 93.9644 30.5309 2.2
    endloop
  endfacet
  facet normal -0.165101 0.68768 0.706993
    outer loop
      vertex -20.7912 97.8148 1
      vertex -25.8819 96.5926 1
      vertex -20.5417 96.641 2.2
    endloop
  endfacet
  facet normal -0.638324 0.304458 0.706999
    outer loop
      vertex -89.1007 45.399 1
      vertex -91.3545 40.6737 1
      vertex -88.0314 44.8543 2.2
    endloop
  endfacet
  facet normal 0.695395 -0.128879 0.706977
    outer loop
      vertex 97.5836 -15.4557 2.2
      vertex 96.641 -20.5417 2.2
      vertex 98.7688 -15.6434 1
    endloop
  endfacet
  facet normal 0.0923188 -0.701185 0.706977
    outer loop
      vertex 15.4557 -97.5836 2.2
      vertex 10.4528 -99.4522 1
      vertex 15.6434 -98.7688 1
    endloop
  endfacet
  facet normal 0.128879 -0.695395 0.706977
    outer loop
      vertex 20.5417 -96.641 2.2
      vertex 15.4557 -97.5836 2.2
      vertex 15.6434 -98.7688 1
    endloop
  endfacet
  facet normal 0.537775 0.459292 0.707
    outer loop
      vertex 74.3145 66.9131 1
      vertex 73.4227 66.1101 2.2
      vertex 77.7146 62.932 1
    endloop
  endfacet
  facet normal 0.701186 0.0923192 0.706977
    outer loop
      vertex 99.4522 10.4528 1
      vertex 97.5836 15.4557 2.2
      vertex 98.2588 10.3274 2.2
    endloop
  endfacet
  facet normal 0.486824 0.513021 0.706974
    outer loop
      vertex 70.7107 70.7107 1
      vertex 66.1101 73.4227 2.2
      vertex 69.8622 69.8622 2.2
    endloop
  endfacet
  facet normal -0.687689 0.1651 0.706984
    outer loop
      vertex -96.5926 25.8819 1
      vertex -96.641 20.5417 2.2
      vertex -95.4335 25.5713 2.2
    endloop
  endfacet
  facet normal -0.638324 -0.304458 0.706999
    outer loop
      vertex -88.0314 -44.8543 2.2
      vertex -91.3545 -40.6737 1
      vertex -89.1007 -45.399 1
    endloop
  endfacet
  facet normal -0.459317 -0.537786 0.706975
    outer loop
      vertex -62.1769 -76.782 2.2
      vertex -66.1101 -73.4227 2.2
      vertex -62.932 -77.7146 1
    endloop
  endfacet
  facet normal 0.701186 -0.0923192 0.706977
    outer loop
      vertex 98.2588 -10.3274 2.2
      vertex 97.5836 -15.4557 2.2
      vertex 99.4522 -10.4528 1
    endloop
  endfacet
  facet normal -0.513021 -0.486824 0.706974
    outer loop
      vertex -69.8622 -69.8622 2.2
      vertex -73.4227 -66.1101 2.2
      vertex -70.7107 -70.7107 1
    endloop
  endfacet
  facet normal -0.705057 -0.0554845 0.706977
    outer loop
      vertex -98.6646 -5.17079 2.2
      vertex -99.4522 -10.4528 1
      vertex -98.2588 -10.3274 2.2
    endloop
  endfacet
  facet normal -0.666652 -0.236086 0.706992
    outer loop
      vertex -93.9644 -30.5309 2.2
      vertex -95.1057 -30.9017 1
      vertex -93.358 -35.8368 1
    endloop
  endfacet
  facet normal 0.513021 -0.486824 0.706974
    outer loop
      vertex 73.4227 -66.1101 2.2
      vertex 69.8622 -69.8622 2.2
      vertex 70.7107 -70.7107 1
    endloop
  endfacet
  facet normal -0.236085 -0.666663 0.706983
    outer loop
      vertex -35.4068 -92.2377 2.2
      vertex -35.8368 -93.358 1
      vertex -30.5309 -93.9644 2.2
    endloop
  endfacet
  facet normal 0.304458 -0.638324 0.706999
    outer loop
      vertex 44.8543 -88.0314 2.2
      vertex 40.6737 -91.3545 1
      vertex 45.399 -89.1007 1
    endloop
  endfacet
  facet normal 0.653397 -0.270645 0.706982
    outer loop
      vertex 92.2377 -35.4068 2.2
      vertex 91.3545 -40.6737 1
      vertex 93.358 -35.8368 1
    endloop
  endfacet
  facet normal -0.705034 -0.0554927 0.706999
    outer loop
      vertex -98.6646 -5.17079 2.2
      vertex -99.863 -5.23359 1
      vertex -99.4522 -10.4528 1
    endloop
  endfacet
  facet normal 0.621511 0.337461 0.706997
    outer loop
      vertex 89.1007 45.399 1
      vertex 86.6025 50 1
      vertex 88.0314 44.8543 2.2
    endloop
  endfacet
  facet normal 0.705034 -0.0554927 0.706999
    outer loop
      vertex 99.863 -5.23359 1
      vertex 98.6646 -5.17079 2.2
      vertex 99.4522 -10.4528 1
    endloop
  endfacet
  facet normal -0.128869 -0.695381 0.706992
    outer loop
      vertex -20.5417 -96.641 2.2
      vertex -20.7912 -97.8148 1
      vertex -15.6434 -98.7688 1
    endloop
  endfacet
  facet normal -0.666663 0.236085 0.706983
    outer loop
      vertex -93.358 35.8368 1
      vertex -93.9644 30.5309 2.2
      vertex -92.2377 35.4068 2.2
    endloop
  endfacet
  facet normal 0.459292 0.537775 0.707
    outer loop
      vertex 66.9131 74.3145 1
      vertex 62.932 77.7146 1
      vertex 66.1101 73.4227 2.2
    endloop
  endfacet
  facet normal 0.0185128 -0.706986 0.706986
    outer loop
      vertex 0 -98.8 2.2
      vertex 0 -100 1
      vertex 5.17079 -98.6646 2.2
    endloop
  endfacet
  facet normal 0.582818 -0.400567 0.707014
    outer loop
      vertex 82.8606 -53.8103 2.2
      vertex 80.9017 -58.7785 1
      vertex 83.8671 -54.4639 1
    endloop
  endfacet
  facet normal -0.56109 0.430542 0.706973
    outer loop
      vertex -76.782 62.1769 2.2
      vertex -80.9017 58.7785 1
      vertex -79.9309 58.0732 2.2
    endloop
  endfacet
  facet normal -0.400567 0.582818 0.707014
    outer loop
      vertex -54.4639 83.8671 1
      vertex -58.7785 80.9017 1
      vertex -53.8103 82.8606 2.2
    endloop
  endfacet
  facet normal -0.621511 -0.337461 0.706997
    outer loop
      vertex -88.0314 -44.8543 2.2
      vertex -89.1007 -45.399 1
      vertex -86.6025 -50 1
    endloop
  endfacet
  facet normal 0.582818 0.400567 0.707014
    outer loop
      vertex 83.8671 54.4639 1
      vertex 80.9017 58.7785 1
      vertex 82.8606 53.8103 2.2
    endloop
  endfacet
  facet normal 0.30448 0.638343 0.706973
    outer loop
      vertex 40.6737 91.3545 1
      vertex 40.1856 90.2583 2.2
      vertex 44.8543 88.0314 2.2
    endloop
  endfacet
  facet normal 0.128869 -0.695381 0.706992
    outer loop
      vertex 20.5417 -96.641 2.2
      vertex 15.6434 -98.7688 1
      vertex 20.7912 -97.8148 1
    endloop
  endfacet
  facet normal -0.270644 0.653408 0.706972
    outer loop
      vertex -35.4068 92.2377 2.2
      vertex -40.6737 91.3545 1
      vertex -40.1856 90.2583 2.2
    endloop
  endfacet
  facet normal 0.430542 -0.56109 0.706973
    outer loop
      vertex 62.1769 -76.782 2.2
      vertex 58.0732 -79.9309 2.2
      vertex 58.7785 -80.9017 1
    endloop
  endfacet
  facet normal 0.621511 -0.337461 0.706997
    outer loop
      vertex 88.0314 -44.8543 2.2
      vertex 86.6025 -50 1
      vertex 89.1007 -45.399 1
    endloop
  endfacet
  facet normal -0.638343 -0.30448 0.706973
    outer loop
      vertex -90.2583 -40.1856 2.2
      vertex -91.3545 -40.6737 1
      vertex -88.0314 -44.8543 2.2
    endloop
  endfacet
  facet normal 0.270645 -0.653397 0.706982
    outer loop
      vertex 40.6737 -91.3545 1
      vertex 35.4068 -92.2377 2.2
      vertex 35.8368 -93.358 1
    endloop
  endfacet
  facet normal 0.337461 -0.621511 0.706997
    outer loop
      vertex 50 -86.6025 1
      vertex 44.8543 -88.0314 2.2
      vertex 45.399 -89.1007 1
    endloop
  endfacet
  facet normal 0.430539 0.561089 0.706976
    outer loop
      vertex 62.932 77.7146 1
      vertex 58.7785 80.9017 1
      vertex 62.1769 76.782 2.2
    endloop
  endfacet
  facet normal 0.400567 0.582818 0.707014
    outer loop
      vertex 54.4639 83.8671 1
      vertex 53.8103 82.8606 2.2
      vertex 58.7785 80.9017 1
    endloop
  endfacet
  facet normal 0.512994 0.486815 0.707
    outer loop
      vertex 74.3145 66.9131 1
      vertex 70.7107 70.7107 1
      vertex 73.4227 66.1101 2.2
    endloop
  endfacet
  facet normal 0.128869 0.695381 0.706992
    outer loop
      vertex 20.7912 97.8148 1
      vertex 15.6434 98.7688 1
      vertex 20.5417 96.641 2.2
    endloop
  endfacet
  facet normal 0.200861 0.678097 0.706993
    outer loop
      vertex 30.9017 95.1057 1
      vertex 25.5713 95.4335 2.2
      vertex 30.5309 93.9644 2.2
    endloop
  endfacet
  facet normal -0.653397 -0.270645 0.706982
    outer loop
      vertex -92.2377 -35.4068 2.2
      vertex -93.358 -35.8368 1
      vertex -91.3545 -40.6737 1
    endloop
  endfacet
  facet normal -0.270645 0.653397 0.706982
    outer loop
      vertex -35.8368 93.358 1
      vertex -40.6737 91.3545 1
      vertex -35.4068 92.2377 2.2
    endloop
  endfacet
  facet normal 0.666652 -0.236086 0.706992
    outer loop
      vertex 93.9644 -30.5309 2.2
      vertex 93.358 -35.8368 1
      vertex 95.1057 -30.9017 1
    endloop
  endfacet
  facet normal 0.653408 -0.270644 0.706972
    outer loop
      vertex 92.2377 -35.4068 2.2
      vertex 90.2583 -40.1856 2.2
      vertex 91.3545 -40.6737 1
    endloop
  endfacet
  facet normal 0.706973 -0.0185065 0.706999
    outer loop
      vertex 100 0 1
      vertex 98.6646 -5.17079 2.2
      vertex 99.863 -5.23359 1
    endloop
  endfacet
  facet normal 0.706986 -0.0185128 0.706986
    outer loop
      vertex 98.8 0 2.2
      vertex 98.6646 -5.17079 2.2
      vertex 100 0 1
    endloop
  endfacet
  facet normal 0.653397 0.270645 0.706982
    outer loop
      vertex 93.358 35.8368 1
      vertex 91.3545 40.6737 1
      vertex 92.2377 35.4068 2.2
    endloop
  endfacet
  facet normal -0.695381 -0.128869 0.706992
    outer loop
      vertex -96.641 -20.5417 2.2
      vertex -98.7688 -15.6434 1
      vertex -97.8148 -20.7912 1
    endloop
  endfacet
  facet normal -0.165101 -0.68768 0.706993
    outer loop
      vertex -20.5417 -96.641 2.2
      vertex -25.8819 -96.5926 1
      vertex -20.7912 -97.8148 1
    endloop
  endfacet
  facet normal -0.695395 -0.128879 0.706977
    outer loop
      vertex -97.5836 -15.4557 2.2
      vertex -98.7688 -15.6434 1
      vertex -96.641 -20.5417 2.2
    endloop
  endfacet
  facet normal 0.695381 0.128869 0.706992
    outer loop
      vertex 97.8148 20.7912 1
      vertex 96.641 20.5417 2.2
      vertex 98.7688 15.6434 1
    endloop
  endfacet
  facet normal -0.0185065 0.706973 0.706999
    outer loop
      vertex 0 100 1
      vertex -5.23359 99.863 1
      vertex -5.17079 98.6646 2.2
    endloop
  endfacet
  facet normal 0.337462 -0.621532 0.706978
    outer loop
      vertex 49.4 -85.5633 2.2
      vertex 44.8543 -88.0314 2.2
      vertex 50 -86.6025 1
    endloop
  endfacet
  facet normal 0.687689 0.1651 0.706984
    outer loop
      vertex 96.5926 25.8819 1
      vertex 95.4335 25.5713 2.2
      vertex 96.641 20.5417 2.2
    endloop
  endfacet
  facet normal 0.678107 0.20086 0.706984
    outer loop
      vertex 96.5926 25.8819 1
      vertex 95.1057 30.9017 1
      vertex 95.4335 25.5713 2.2
    endloop
  endfacet
  facet normal 0.537786 0.459317 0.706975
    outer loop
      vertex 77.7146 62.932 1
      vertex 73.4227 66.1101 2.2
      vertex 76.782 62.1769 2.2
    endloop
  endfacet
  facet normal 0.701185 0.0923188 0.706977
    outer loop
      vertex 98.7688 15.6434 1
      vertex 97.5836 15.4557 2.2
      vertex 99.4522 10.4528 1
    endloop
  endfacet
  facet normal 0.369502 0.602991 0.707015
    outer loop
      vertex 54.4639 83.8671 1
      vertex 50 86.6025 1
      vertex 53.8103 82.8606 2.2
    endloop
  endfacet
  facet normal 0.0185128 0.706986 0.706986
    outer loop
      vertex 0 100 1
      vertex 0 98.8 2.2
      vertex 5.17079 98.6646 2.2
    endloop
  endfacet
  facet normal 0.430542 0.56109 0.706973
    outer loop
      vertex 58.7785 80.9017 1
      vertex 58.0732 79.9309 2.2
      vertex 62.1769 76.782 2.2
    endloop
  endfacet
  facet normal 0.68768 -0.165101 0.706993
    outer loop
      vertex 96.641 -20.5417 2.2
      vertex 96.5926 -25.8819 1
      vertex 97.8148 -20.7912 1
    endloop
  endfacet
  facet normal -0.687689 -0.1651 0.706984
    outer loop
      vertex -95.4335 -25.5713 2.2
      vertex -96.641 -20.5417 2.2
      vertex -96.5926 -25.8819 1
    endloop
  endfacet
  facet normal -0.430539 -0.561089 0.706976
    outer loop
      vertex -62.1769 -76.782 2.2
      vertex -62.932 -77.7146 1
      vertex -58.7785 -80.9017 1
    endloop
  endfacet
  facet normal -0.582818 -0.400567 0.707014
    outer loop
      vertex -82.8606 -53.8103 2.2
      vertex -83.8671 -54.4639 1
      vertex -80.9017 -58.7785 1
    endloop
  endfacet
  facet normal 0.459317 0.537786 0.706975
    outer loop
      vertex 62.932 77.7146 1
      vertex 62.1769 76.782 2.2
      vertex 66.1101 73.4227 2.2
    endloop
  endfacet
  facet normal -0.30448 -0.638343 0.706973
    outer loop
      vertex -40.1856 -90.2583 2.2
      vertex -44.8543 -88.0314 2.2
      vertex -40.6737 -91.3545 1
    endloop
  endfacet
  facet normal -0.706986 0.0185128 0.706986
    outer loop
      vertex -98.6646 5.17079 2.2
      vertex -100 0 1
      vertex -98.8 0 2.2
    endloop
  endfacet
  facet normal 0.0185065 -0.706973 0.706999
    outer loop
      vertex 5.17079 -98.6646 2.2
      vertex 0 -100 1
      vertex 5.23359 -99.863 1
    endloop
  endfacet
  facet normal 0.0554845 -0.705057 0.706977
    outer loop
      vertex 10.3274 -98.2588 2.2
      vertex 5.17079 -98.6646 2.2
      vertex 10.4528 -99.4522 1
    endloop
  endfacet
  facet normal -0.678107 -0.20086 0.706984
    outer loop
      vertex -95.4335 -25.5713 2.2
      vertex -96.5926 -25.8819 1
      vertex -95.1057 -30.9017 1
    endloop
  endfacet
  facet normal -0.537775 -0.459292 0.707
    outer loop
      vertex -73.4227 -66.1101 2.2
      vertex -77.7146 -62.932 1
      vertex -74.3145 -66.9131 1
    endloop
  endfacet
  facet normal -0.701186 -0.0923192 0.706977
    outer loop
      vertex -98.2588 -10.3274 2.2
      vertex -99.4522 -10.4528 1
      vertex -97.5836 -15.4557 2.2
    endloop
  endfacet
  facet normal 0.236086 0.666652 0.706992
    outer loop
      vertex 30.9017 95.1057 1
      vertex 30.5309 93.9644 2.2
      vertex 35.8368 93.358 1
    endloop
  endfacet
  facet normal 0.486824 -0.513021 0.706974
    outer loop
      vertex 69.8622 -69.8622 2.2
      vertex 66.1101 -73.4227 2.2
      vertex 70.7107 -70.7107 1
    endloop
  endfacet
  facet normal -0.706986 -0.0185128 0.706986
    outer loop
      vertex -98.8 0 2.2
      vertex -100 0 1
      vertex -98.6646 -5.17079 2.2
    endloop
  endfacet
  facet normal 0.0923188 0.701185 0.706977
    outer loop
      vertex 15.6434 98.7688 1
      vertex 10.4528 99.4522 1
      vertex 15.4557 97.5836 2.2
    endloop
  endfacet
  facet normal 0.0185065 0.706973 0.706999
    outer loop
      vertex 5.23359 99.863 1
      vertex 0 100 1
      vertex 5.17079 98.6646 2.2
    endloop
  endfacet
  facet normal -0.666663 -0.236085 0.706983
    outer loop
      vertex -92.2377 -35.4068 2.2
      vertex -93.9644 -30.5309 2.2
      vertex -93.358 -35.8368 1
    endloop
  endfacet
  facet normal -0.706973 0.0185065 0.706999
    outer loop
      vertex -99.863 5.23359 1
      vertex -100 0 1
      vertex -98.6646 5.17079 2.2
    endloop
  endfacet
  facet normal 0.369536 -0.603014 0.706978
    outer loop
      vertex 53.8103 -82.8606 2.2
      vertex 49.4 -85.5633 2.2
      vertex 50 -86.6025 1
    endloop
  endfacet
  facet normal 0.486815 -0.512994 0.707
    outer loop
      vertex 70.7107 -70.7107 1
      vertex 66.1101 -73.4227 2.2
      vertex 66.9131 -74.3145 1
    endloop
  endfacet
  facet normal -0.653408 0.270644 0.706972
    outer loop
      vertex -91.3545 40.6737 1
      vertex -92.2377 35.4068 2.2
      vertex -90.2583 40.1856 2.2
    endloop
  endfacet
  facet normal -0.304458 -0.638324 0.706999
    outer loop
      vertex -44.8543 -88.0314 2.2
      vertex -45.399 -89.1007 1
      vertex -40.6737 -91.3545 1
    endloop
  endfacet
  facet normal -0.603014 -0.369536 0.706978
    outer loop
      vertex -85.5633 -49.4 2.2
      vertex -86.6025 -50 1
      vertex -82.8606 -53.8103 2.2
    endloop
  endfacet
  facet normal -0.430539 0.561089 0.706976
    outer loop
      vertex -58.7785 80.9017 1
      vertex -62.932 77.7146 1
      vertex -62.1769 76.782 2.2
    endloop
  endfacet
  facet normal -0.236086 0.666652 0.706992
    outer loop
      vertex -30.9017 95.1057 1
      vertex -35.8368 93.358 1
      vertex -30.5309 93.9644 2.2
    endloop
  endfacet
  facet normal -0.56109 -0.430542 0.706973
    outer loop
      vertex -79.9309 -58.0732 2.2
      vertex -80.9017 -58.7785 1
      vertex -76.782 -62.1769 2.2
    endloop
  endfacet
  facet normal -0.486824 -0.513021 0.706974
    outer loop
      vertex -69.8622 -69.8622 2.2
      vertex -70.7107 -70.7107 1
      vertex -66.1101 -73.4227 2.2
    endloop
  endfacet
  facet normal -0.486815 -0.512994 0.707
    outer loop
      vertex -66.1101 -73.4227 2.2
      vertex -70.7107 -70.7107 1
      vertex -66.9131 -74.3145 1
    endloop
  endfacet
  facet normal -0.459292 -0.537775 0.707
    outer loop
      vertex -66.1101 -73.4227 2.2
      vertex -66.9131 -74.3145 1
      vertex -62.932 -77.7146 1
    endloop
  endfacet
  facet normal -0.0554845 -0.705057 0.706977
    outer loop
      vertex -10.3274 -98.2588 2.2
      vertex -10.4528 -99.4522 1
      vertex -5.17079 -98.6646 2.2
    endloop
  endfacet
  facet normal -0.0923188 -0.701185 0.706977
    outer loop
      vertex -15.4557 -97.5836 2.2
      vertex -15.6434 -98.7688 1
      vertex -10.4528 -99.4522 1
    endloop
  endfacet
  facet normal 0.537775 -0.459292 0.707
    outer loop
      vertex 77.7146 -62.932 1
      vertex 73.4227 -66.1101 2.2
      vertex 74.3145 -66.9131 1
    endloop
  endfacet
  facet normal 0.369536 0.603014 0.706978
    outer loop
      vertex 50 86.6025 1
      vertex 49.4 85.5633 2.2
      vertex 53.8103 82.8606 2.2
    endloop
  endfacet
  facet normal -0.537786 0.459317 0.706975
    outer loop
      vertex -73.4227 66.1101 2.2
      vertex -77.7146 62.932 1
      vertex -76.782 62.1769 2.2
    endloop
  endfacet
  facet normal -0.561089 -0.430539 0.706976
    outer loop
      vertex -76.782 -62.1769 2.2
      vertex -80.9017 -58.7785 1
      vertex -77.7146 -62.932 1
    endloop
  endfacet
  facet normal 0.621532 0.337462 0.706978
    outer loop
      vertex 86.6025 50 1
      vertex 85.5633 49.4 2.2
      vertex 88.0314 44.8543 2.2
    endloop
  endfacet
  facet normal -0.400567 -0.582818 0.707014
    outer loop
      vertex -53.8103 -82.8606 2.2
      vertex -58.7785 -80.9017 1
      vertex -54.4639 -83.8671 1
    endloop
  endfacet
  facet normal -0.369536 0.603014 0.706978
    outer loop
      vertex -50 86.6025 1
      vertex -53.8103 82.8606 2.2
      vertex -49.4 85.5633 2.2
    endloop
  endfacet
  facet normal 0.582862 -0.400575 0.706973
    outer loop
      vertex 82.8606 -53.8103 2.2
      vertex 79.9309 -58.0732 2.2
      vertex 80.9017 -58.7785 1
    endloop
  endfacet
  facet normal 0.128879 0.695395 0.706977
    outer loop
      vertex 15.6434 98.7688 1
      vertex 15.4557 97.5836 2.2
      vertex 20.5417 96.641 2.2
    endloop
  endfacet
  facet normal -0.701186 0.0923192 0.706977
    outer loop
      vertex -97.5836 15.4557 2.2
      vertex -99.4522 10.4528 1
      vertex -98.2588 10.3274 2.2
    endloop
  endfacet
  facet normal 0.678097 -0.200861 0.706993
    outer loop
      vertex 95.4335 -25.5713 2.2
      vertex 93.9644 -30.5309 2.2
      vertex 95.1057 -30.9017 1
    endloop
  endfacet
  facet normal 0.1651 0.687689 0.706984
    outer loop
      vertex 25.8819 96.5926 1
      vertex 20.5417 96.641 2.2
      vertex 25.5713 95.4335 2.2
    endloop
  endfacet
  facet normal 0.400575 -0.582862 0.706973
    outer loop
      vertex 58.0732 -79.9309 2.2
      vertex 53.8103 -82.8606 2.2
      vertex 58.7785 -80.9017 1
    endloop
  endfacet
  facet normal 0.337461 0.621511 0.706997
    outer loop
      vertex 45.399 89.1007 1
      vertex 44.8543 88.0314 2.2
      vertex 50 86.6025 1
    endloop
  endfacet
  facet normal 0.165101 -0.68768 0.706993
    outer loop
      vertex 25.8819 -96.5926 1
      vertex 20.5417 -96.641 2.2
      vertex 20.7912 -97.8148 1
    endloop
  endfacet
  facet normal -0.128879 -0.695395 0.706977
    outer loop
      vertex -15.4557 -97.5836 2.2
      vertex -20.5417 -96.641 2.2
      vertex -15.6434 -98.7688 1
    endloop
  endfacet
  facet normal 0.270644 -0.653408 0.706972
    outer loop
      vertex 40.1856 -90.2583 2.2
      vertex 35.4068 -92.2377 2.2
      vertex 40.6737 -91.3545 1
    endloop
  endfacet
  facet normal 0.638343 -0.30448 0.706973
    outer loop
      vertex 90.2583 -40.1856 2.2
      vertex 88.0314 -44.8543 2.2
      vertex 91.3545 -40.6737 1
    endloop
  endfacet
  facet normal -0.695381 0.128869 0.706992
    outer loop
      vertex -97.8148 20.7912 1
      vertex -98.7688 15.6434 1
      vertex -96.641 20.5417 2.2
    endloop
  endfacet
  facet normal 0.705057 -0.0554845 0.706977
    outer loop
      vertex 98.6646 -5.17079 2.2
      vertex 98.2588 -10.3274 2.2
      vertex 99.4522 -10.4528 1
    endloop
  endfacet
  facet normal -0.621532 0.337462 0.706978
    outer loop
      vertex -86.6025 50 1
      vertex -88.0314 44.8543 2.2
      vertex -85.5633 49.4 2.2
    endloop
  endfacet
  facet normal 0.459292 -0.537775 0.707
    outer loop
      vertex 66.1101 -73.4227 2.2
      vertex 62.932 -77.7146 1
      vertex 66.9131 -74.3145 1
    endloop
  endfacet
  facet normal -0.621532 -0.337462 0.706978
    outer loop
      vertex -85.5633 -49.4 2.2
      vertex -88.0314 -44.8543 2.2
      vertex -86.6025 -50 1
    endloop
  endfacet
  facet normal 0.200861 -0.678097 0.706993
    outer loop
      vertex 30.5309 -93.9644 2.2
      vertex 25.5713 -95.4335 2.2
      vertex 30.9017 -95.1057 1
    endloop
  endfacet
  facet normal 0.513021 0.486824 0.706974
    outer loop
      vertex 70.7107 70.7107 1
      vertex 69.8622 69.8622 2.2
      vertex 73.4227 66.1101 2.2
    endloop
  endfacet
  facet normal -0.400575 -0.582862 0.706973
    outer loop
      vertex -58.0732 -79.9309 2.2
      vertex -58.7785 -80.9017 1
      vertex -53.8103 -82.8606 2.2
    endloop
  endfacet
  facet normal -0.602991 0.369502 0.707015
    outer loop
      vertex -83.8671 54.4639 1
      vertex -86.6025 50 1
      vertex -82.8606 53.8103 2.2
    endloop
  endfacet
  facet normal -0.0923188 0.701185 0.706977
    outer loop
      vertex -10.4528 99.4522 1
      vertex -15.6434 98.7688 1
      vertex -15.4557 97.5836 2.2
    endloop
  endfacet
  facet normal -0.128879 0.695395 0.706977
    outer loop
      vertex -15.6434 98.7688 1
      vertex -20.5417 96.641 2.2
      vertex -15.4557 97.5836 2.2
    endloop
  endfacet
  facet normal -0.666652 0.236086 0.706992
    outer loop
      vertex -93.358 35.8368 1
      vertex -95.1057 30.9017 1
      vertex -93.9644 30.5309 2.2
    endloop
  endfacet
  facet normal 0.30448 -0.638343 0.706973
    outer loop
      vertex 44.8543 -88.0314 2.2
      vertex 40.1856 -90.2583 2.2
      vertex 40.6737 -91.3545 1
    endloop
  endfacet
  facet normal -0.0923192 0.701186 0.706977
    outer loop
      vertex -10.4528 99.4522 1
      vertex -15.4557 97.5836 2.2
      vertex -10.3274 98.2588 2.2
    endloop
  endfacet
  facet normal -0.0554927 -0.705034 0.706999
    outer loop
      vertex -5.17079 -98.6646 2.2
      vertex -10.4528 -99.4522 1
      vertex -5.23359 -99.863 1
    endloop
  endfacet
  facet normal -0.128869 0.695381 0.706992
    outer loop
      vertex -15.6434 98.7688 1
      vertex -20.7912 97.8148 1
      vertex -20.5417 96.641 2.2
    endloop
  endfacet
  facet normal -0.0554845 0.705057 0.706977
    outer loop
      vertex -5.17079 98.6646 2.2
      vertex -10.4528 99.4522 1
      vertex -10.3274 98.2588 2.2
    endloop
  endfacet
  facet normal 0.582862 0.400575 0.706973
    outer loop
      vertex 80.9017 58.7785 1
      vertex 79.9309 58.0732 2.2
      vertex 82.8606 53.8103 2.2
    endloop
  endfacet
  facet normal 0.236086 -0.666652 0.706992
    outer loop
      vertex 35.8368 -93.358 1
      vertex 30.5309 -93.9644 2.2
      vertex 30.9017 -95.1057 1
    endloop
  endfacet
  facet normal -0.486815 0.512994 0.707
    outer loop
      vertex -66.9131 74.3145 1
      vertex -70.7107 70.7107 1
      vertex -66.1101 73.4227 2.2
    endloop
  endfacet
  facet normal 0.678107 -0.20086 0.706984
    outer loop
      vertex 95.4335 -25.5713 2.2
      vertex 95.1057 -30.9017 1
      vertex 96.5926 -25.8819 1
    endloop
  endfacet
  facet normal -0.678097 0.200861 0.706993
    outer loop
      vertex -95.1057 30.9017 1
      vertex -95.4335 25.5713 2.2
      vertex -93.9644 30.5309 2.2
    endloop
  endfacet
  facet normal -0.459292 0.537775 0.707
    outer loop
      vertex -62.932 77.7146 1
      vertex -66.9131 74.3145 1
      vertex -66.1101 73.4227 2.2
    endloop
  endfacet
  facet normal -0.304458 0.638324 0.706999
    outer loop
      vertex -40.6737 91.3545 1
      vertex -45.399 89.1007 1
      vertex -44.8543 88.0314 2.2
    endloop
  endfacet
  facet normal -0.638343 0.30448 0.706973
    outer loop
      vertex -88.0314 44.8543 2.2
      vertex -91.3545 40.6737 1
      vertex -90.2583 40.1856 2.2
    endloop
  endfacet
  facet normal -0.337462 0.621532 0.706978
    outer loop
      vertex -44.8543 88.0314 2.2
      vertex -50 86.6025 1
      vertex -49.4 85.5633 2.2
    endloop
  endfacet
  facet normal 0.1651 -0.687689 0.706984
    outer loop
      vertex 25.5713 -95.4335 2.2
      vertex 20.5417 -96.641 2.2
      vertex 25.8819 -96.5926 1
    endloop
  endfacet
  facet normal -0.582862 0.400575 0.706973
    outer loop
      vertex -80.9017 58.7785 1
      vertex -82.8606 53.8103 2.2
      vertex -79.9309 58.0732 2.2
    endloop
  endfacet
  facet normal 0.270644 0.653408 0.706972
    outer loop
      vertex 40.6737 91.3545 1
      vertex 35.4068 92.2377 2.2
      vertex 40.1856 90.2583 2.2
    endloop
  endfacet
  facet normal -0.0185065 -0.706973 0.706999
    outer loop
      vertex -5.17079 -98.6646 2.2
      vertex -5.23359 -99.863 1
      vertex 0 -100 1
    endloop
  endfacet
  facet normal -0.0185128 -0.706986 0.706986
    outer loop
      vertex 0 -98.8 2.2
      vertex -5.17079 -98.6646 2.2
      vertex 0 -100 1
    endloop
  endfacet
  facet normal 0.270645 0.653397 0.706982
    outer loop
      vertex 35.8368 93.358 1
      vertex 35.4068 92.2377 2.2
      vertex 40.6737 91.3545 1
    endloop
  endfacet
  facet normal -0.337461 0.621511 0.706997
    outer loop
      vertex -45.399 89.1007 1
      vertex -50 86.6025 1
      vertex -44.8543 88.0314 2.2
    endloop
  endfacet
  facet normal -0.200861 0.678097 0.706993
    outer loop
      vertex -25.5713 95.4335 2.2
      vertex -30.9017 95.1057 1
      vertex -30.5309 93.9644 2.2
    endloop
  endfacet
  facet normal -0.20086 0.678107 0.706984
    outer loop
      vertex -25.8819 96.5926 1
      vertex -30.9017 95.1057 1
      vertex -25.5713 95.4335 2.2
    endloop
  endfacet
  facet normal 0.0554845 0.705057 0.706977
    outer loop
      vertex 10.4528 99.4522 1
      vertex 5.17079 98.6646 2.2
      vertex 10.3274 98.2588 2.2
    endloop
  endfacet
  facet normal 0.236085 -0.666663 0.706983
    outer loop
      vertex 35.4068 -92.2377 2.2
      vertex 30.5309 -93.9644 2.2
      vertex 35.8368 -93.358 1
    endloop
  endfacet
  facet normal -0.603014 0.369536 0.706978
    outer loop
      vertex -82.8606 53.8103 2.2
      vertex -86.6025 50 1
      vertex -85.5633 49.4 2.2
    endloop
  endfacet
  facet normal -0.512994 0.486815 0.707
    outer loop
      vertex -70.7107 70.7107 1
      vertex -74.3145 66.9131 1
      vertex -73.4227 66.1101 2.2
    endloop
  endfacet
  facet normal -0.0923192 -0.701186 0.706977
    outer loop
      vertex -10.3274 -98.2588 2.2
      vertex -15.4557 -97.5836 2.2
      vertex -10.4528 -99.4522 1
    endloop
  endfacet
  facet normal -0.200861 -0.678097 0.706993
    outer loop
      vertex -30.5309 -93.9644 2.2
      vertex -30.9017 -95.1057 1
      vertex -25.5713 -95.4335 2.2
    endloop
  endfacet
  facet normal 0 0 1
    outer loop
      vertex -25.1861 -3.98908 2.2
      vertex -42.3227 -1.08928 2.2
      vertex -24.9428 -5.30175 2.2
    endloop
  endfacet
  facet normal -0 0 1
    outer loop
      vertex -42.382 -1.17557 2.2
      vertex -24.9428 -5.30175 2.2
      vertex -42.3227 -1.08928 2.2
    endloop
  endfacet
  facet normal -0 0 1
    outer loop
      vertex -42.4457 -1.25864 2.2
      vertex -24.9428 -5.30175 2.2
      vertex -42.382 -1.17557 2.2
    endloop
  endfacet
  facet normal -0 0 1
    outer loop
      vertex -42.5137 -1.33826 2.2
      vertex -24.9428 -5.30175 2.2
      vertex -42.4457 -1.25864 2.2
    endloop
  endfacet
  facet normal 0 0 1
    outer loop
      vertex -24.9428 -5.30175 2.2
      vertex -42.5137 -1.33826 2.2
      vertex -24.6311 -6.59988 2.2
    endloop
  endfacet
  facet normal -0 0 1
    outer loop
      vertex -42.5858 -1.41421 2.2
      vertex -24.6311 -6.59988 2.2
      vertex -42.5137 -1.33826 2.2
    endloop
  endfacet
  facet normal -0 0 1
    outer loop
      vertex -42.6617 -1.48629 2.2
      vertex -24.6311 -6.59988 2.2
      vertex -42.5858 -1.41421 2.2
    endloop
  endfacet
  facet normal -0 0 1
    outer loop
      vertex -42.7414 -1.55429 2.2
      vertex -24.6311 -6.59988 2.2
      vertex -42.6617 -1.48629 2.2
    endloop
  endfacet
  facet normal 0 0 1
    outer loop
      vertex -24.6311 -6.59988 2.2
      vertex -42.7414 -1.55429 2.2
      vertex -24.2519 -7.87993 2.2
    endloop
  endfacet
  facet normal -0 0 1
    outer loop
      vertex -42.8244 -1.61803 2.2
      vertex -24.2519 -7.87993 2.2
      vertex -42.7414 -1.55429 2.2
    endloop
  endfacet
  facet normal -0 0 1
    outer loop
      vertex -42.9107 -1.67734 2.2
      vertex -24.2519 -7.87993 2.2
      vertex -42.8244 -1.61803 2.2
    endloop
  endfacet
  facet normal 0 0 1
    outer loop
      vertex -24.2519 -7.87993 2.2
      vertex -42.9107 -1.67734 2.2
      vertex -23.8063 -9.13838 2.2
    endloop
  endfacet
  facet normal -0 0 1
    outer loop
      vertex -43 -1.73205 2.2
      vertex -23.8063 -9.13838 2.2
      vertex -42.9107 -1.67734 2.2
    endloop
  endfacet
  facet normal -0 0 1
    outer loop
      vertex -43.092 -1.78201 2.2
      vertex -23.8063 -9.13838 2.2
      vertex -43 -1.73205 2.2
    endloop
  endfacet
  facet normal -0 0 1
    outer loop
      vertex -43.1865 -1.82709 2.2
      vertex -23.8063 -9.13838 2.2
      vertex -43.092 -1.78201 2.2
    endloop
  endfacet
  facet normal 0 0 1
    outer loop
      vertex -23.8063 -9.13838 2.2
      vertex -43.1865 -1.82709 2.2
      vertex -23.2954 -10.3718 2.2
    endloop
  endfacet
  facet normal -0 0 1
    outer loop
      vertex -43.2833 -1.86716 2.2
      vertex -23.2954 -10.3718 2.2
      vertex -43.1865 -1.82709 2.2
    endloop
  endfacet
  facet normal -0 0 1
    outer loop
      vertex -43.382 -1.90211 2.2
      vertex -23.2954 -10.3718 2.2
      vertex -43.2833 -1.86716 2.2
    endloop
  endfacet
  facet normal 0 0 1
    outer loop
      vertex -23.2954 -10.3718 2.2
      vertex -43.382 -1.90211 2.2
      vertex -22.7207 -11.5768 2.2
    endloop
  endfacet
  facet normal -0 0 1
    outer loop
      vertex -43.4824 -1.93185 2.2
      vertex -22.7207 -11.5768 2.2
      vertex -43.382 -1.90211 2.2
    endloop
  endfacet
  facet normal -0 0 1
    outer loop
      vertex -43.5842 -1.9563 2.2
      vertex -22.7207 -11.5768 2.2
      vertex -43.4824 -1.93185 2.2
    endloop
  endfacet
  facet normal 0 0 1
    outer loop
      vertex -22.7207 -11.5768 2.2
      vertex -43.5842 -1.9563 2.2
      vertex -22.0836 -12.75 2.2
    endloop
  endfacet
  facet normal -0 0 1
    outer loop
      vertex -43.6871 -1.97538 2.2
      vertex -22.0836 -12.75 2.2
      vertex -43.5842 -1.9563 2.2
    endloop
  endfacet
  facet normal -0 0 1
    outer loop
      vertex -43.7909 -1.98904 2.2
      vertex -22.0836 -12.75 2.2
      vertex -43.6871 -1.97538 2.2
    endloop
  endfacet
  facet normal 0 0 1
    outer loop
      vertex -22.0836 -12.75 2.2
      vertex -43.7909 -1.98904 2.2
      vertex -21.3861 -13.8883 2.2
    endloop
  endfacet
  facet normal -0 0 1
    outer loop
      vertex -43.8953 -1.99726 2.2
      vertex -21.3861 -13.8883 2.2
      vertex -43.7909 -1.98904 2.2
    endloop
  endfacet
  facet normal -0 0 1
    outer loop
      vertex -44 -2 2.2
      vertex -21.3861 -13.8883 2.2
      vertex -43.8953 -1.99726 2.2
    endloop
  endfacet
  facet normal 0 0 1
    outer loop
      vertex -21.3861 -13.8883 2.2
      vertex -44 -2 2.2
      vertex -20.6299 -14.9885 2.2
    endloop
  endfacet
  facet normal 0 0 1
    outer loop
      vertex -44.1047 -1.99726 2.2
      vertex -20.6299 -14.9885 2.2
      vertex -44 -2 2.2
    endloop
  endfacet
  facet normal 0 0 1
    outer loop
      vertex -44.2091 -1.98904 2.2
      vertex -20.6299 -14.9885 2.2
      vertex -44.1047 -1.99726 2.2
    endloop
  endfacet
  facet normal 0 0 1
    outer loop
      vertex -20.6299 -14.9885 2.2
      vertex -44.2091 -1.98904 2.2
      vertex -19.8172 -16.0477 2.2
    endloop
  endfacet
  facet normal 0 0 1
    outer loop
      vertex -19.8172 -16.0477 2.2
      vertex -44.2091 -1.98904 2.2
      vertex -76.782 -62.1769 2.2
    endloop
  endfacet
  facet normal 0 0 1
    outer loop
      vertex -76.782 -62.1769 2.2
      vertex -44.2091 -1.98904 2.2
      vertex -44.3129 -1.97538 2.2
    endloop
  endfacet
  facet normal 0 0 1
    outer loop
      vertex -79.9309 -58.0732 2.2
      vertex -44.3129 -1.97538 2.2
      vertex -44.4158 -1.9563 2.2
    endloop
  endfacet
  facet normal 0 0 1
    outer loop
      vertex -79.9309 -58.0732 2.2
      vertex -44.4158 -1.9563 2.2
      vertex -44.5176 -1.93185 2.2
    endloop
  endfacet
  facet normal 0 0 1
    outer loop
      vertex -82.8606 -53.8103 2.2
      vertex -44.5176 -1.93185 2.2
      vertex -44.618 -1.90211 2.2
    endloop
  endfacet
  facet normal 0 0 1
    outer loop
      vertex -85.5633 -49.4 2.2
      vertex -44.618 -1.90211 2.2
      vertex -44.7167 -1.86716 2.2
    endloop
  endfacet
  facet normal 0 0 1
    outer loop
      vertex -85.5633 -49.4 2.2
      vertex -44.7167 -1.86716 2.2
      vertex -44.8135 -1.82709 2.2
    endloop
  endfacet
  facet normal 0 0 1
    outer loop
      vertex -19.8172 -16.0477 2.2
      vertex -44.8543 -88.0314 2.2
      vertex -40.1856 -90.2583 2.2
    endloop
  endfacet
  facet normal 0 0 1
    outer loop
      vertex -88.0314 -44.8543 2.2
      vertex -44.8135 -1.82709 2.2
      vertex -44.908 -1.78201 2.2
    endloop
  endfacet
  facet normal 0 0 1
    outer loop
      vertex -88.0314 -44.8543 2.2
      vertex -44.908 -1.78201 2.2
      vertex -45 -1.73205 2.2
    endloop
  endfacet
  facet normal 0 0 1
    outer loop
      vertex -90.2583 -40.1856 2.2
      vertex -45 -1.73205 2.2
      vertex -45.0893 -1.67734 2.2
    endloop
  endfacet
  facet normal 0 0 1
    outer loop
      vertex -90.2583 -40.1856 2.2
      vertex -45.0893 -1.67734 2.2
      vertex -45.1756 -1.61803 2.2
    endloop
  endfacet
  facet normal 0 0 1
    outer loop
      vertex -92.2377 -35.4068 2.2
      vertex -45.1756 -1.61803 2.2
      vertex -45.2586 -1.55429 2.2
    endloop
  endfacet
  facet normal 0 0 1
    outer loop
      vertex -92.2377 -35.4068 2.2
      vertex -45.2586 -1.55429 2.2
      vertex -45.3383 -1.48629 2.2
    endloop
  endfacet
  facet normal 0 0 1
    outer loop
      vertex -93.9644 -30.5309 2.2
      vertex -45.3383 -1.48629 2.2
      vertex -45.4142 -1.41421 2.2
    endloop
  endfacet
  facet normal 0 0 1
    outer loop
      vertex -93.9644 -30.5309 2.2
      vertex -45.4142 -1.41421 2.2
      vertex -45.4863 -1.33826 2.2
    endloop
  endfacet
  facet normal 0 0 1
    outer loop
      vertex -93.9644 -30.5309 2.2
      vertex -45.4863 -1.33826 2.2
      vertex -45.5543 -1.25864 2.2
    endloop
  endfacet
  facet normal 0 0 1
    outer loop
      vertex -95.4335 -25.5713 2.2
      vertex -45.5543 -1.25864 2.2
      vertex -45.618 -1.17557 2.2
    endloop
  endfacet
  facet normal 0 0 1
    outer loop
      vertex -95.4335 -25.5713 2.2
      vertex -45.618 -1.17557 2.2
      vertex -45.6773 -1.08928 2.2
    endloop
  endfacet
  facet normal 0 0 1
    outer loop
      vertex -96.641 -20.5417 2.2
      vertex -45.6773 -1.08928 2.2
      vertex -45.732 -1 2.2
    endloop
  endfacet
  facet normal 0 0 1
    outer loop
      vertex -96.641 -20.5417 2.2
      vertex -45.732 -1 2.2
      vertex -45.782 -0.907981 2.2
    endloop
  endfacet
  facet normal 0 0 1
    outer loop
      vertex -97.5836 -15.4557 2.2
      vertex -45.782 -0.907981 2.2
      vertex -45.8271 -0.813473 2.2
    endloop
  endfacet
  facet normal 0 0 1
    outer loop
      vertex -97.5836 -15.4557 2.2
      vertex -45.8271 -0.813473 2.2
      vertex -45.8672 -0.716736 2.2
    endloop
  endfacet
  facet normal 0 0 1
    outer loop
      vertex -97.5836 -15.4557 2.2
      vertex -45.8672 -0.716736 2.2
      vertex -45.9021 -0.618033 2.2
    endloop
  endfacet
  facet normal 0 0 1
    outer loop
      vertex -98.2588 -10.3274 2.2
      vertex -45.9021 -0.618033 2.2
      vertex -45.9319 -0.517637 2.2
    endloop
  endfacet
  facet normal 0 0 1
    outer loop
      vertex -98.2588 -10.3274 2.2
      vertex -45.9319 -0.517637 2.2
      vertex -45.9563 -0.415823 2.2
    endloop
  endfacet
  facet normal 0 0 1
    outer loop
      vertex -98.6646 -5.17079 2.2
      vertex -45.9563 -0.415823 2.2
      vertex -45.9754 -0.312868 2.2
    endloop
  endfacet
  facet normal 0 0 1
    outer loop
      vertex -98.6646 -5.17079 2.2
      vertex -45.9754 -0.312868 2.2
      vertex -45.989 -0.209057 2.2
    endloop
  endfacet
  facet normal 0 0 1
    outer loop
      vertex -98.6646 -5.17079 2.2
      vertex -45.989 -0.209057 2.2
      vertex -45.9973 -0.104671 2.2
    endloop
  endfacet
  facet normal -0 0 1
    outer loop
      vertex -98.8 0 2.2
      vertex -45.9973 -0.104671 2.2
      vertex -46 0 2.2
    endloop
  endfacet
  facet normal 0 0 1
    outer loop
      vertex -45.4863 1.33826 2.2
      vertex -93.9644 30.5309 2.2
      vertex -45.5543 1.25864 2.2
    endloop
  endfacet
  facet normal 0 0 1
    outer loop
      vertex -19.8172 -16.0477 2.2
      vertex -49.4 -85.5633 2.2
      vertex -44.8543 -88.0314 2.2
    endloop
  endfacet
  facet normal -0 0 1
    outer loop
      vertex -95.4335 25.5713 2.2
      vertex -45.5543 1.25864 2.2
      vertex -93.9644 30.5309 2.2
    endloop
  endfacet
  facet normal 0 0 1
    outer loop
      vertex -19.8172 -16.0477 2.2
      vertex -53.8103 -82.8606 2.2
      vertex -49.4 -85.5633 2.2
    endloop
  endfacet
  facet normal 0 0 1
    outer loop
      vertex -45.5543 1.25864 2.2
      vertex -95.4335 25.5713 2.2
      vertex -45.618 1.17557 2.2
    endloop
  endfacet
  facet normal 0 0 1
    outer loop
      vertex -19.8172 -16.0477 2.2
      vertex -58.0732 -79.9309 2.2
      vertex -53.8103 -82.8606 2.2
    endloop
  endfacet
  facet normal 0 0 1
    outer loop
      vertex -45.618 1.17557 2.2
      vertex -95.4335 25.5713 2.2
      vertex -45.6773 1.08928 2.2
    endloop
  endfacet
  facet normal 0 0 1
    outer loop
      vertex -19.8172 -16.0477 2.2
      vertex -62.1769 -76.782 2.2
      vertex -58.0732 -79.9309 2.2
    endloop
  endfacet
  facet normal -0 0 1
    outer loop
      vertex -96.641 20.5417 2.2
      vertex -45.6773 1.08928 2.2
      vertex -95.4335 25.5713 2.2
    endloop
  endfacet
  facet normal 0 0 1
    outer loop
      vertex -19.8172 -16.0477 2.2
      vertex -66.1101 -73.4227 2.2
      vertex -62.1769 -76.782 2.2
    endloop
  endfacet
  facet normal 0 0 1
    outer loop
      vertex -45.6773 1.08928 2.2
      vertex -96.641 20.5417 2.2
      vertex -45.732 1 2.2
    endloop
  endfacet
  facet normal 0 0 1
    outer loop
      vertex -19.8172 -16.0477 2.2
      vertex -69.8622 -69.8622 2.2
      vertex -66.1101 -73.4227 2.2
    endloop
  endfacet
  facet normal 0 0 1
    outer loop
      vertex -45.732 1 2.2
      vertex -96.641 20.5417 2.2
      vertex -45.782 0.907981 2.2
    endloop
  endfacet
  facet normal 0 0 1
    outer loop
      vertex -19.8172 -16.0477 2.2
      vertex -73.4227 -66.1101 2.2
      vertex -69.8622 -69.8622 2.2
    endloop
  endfacet
  facet normal -0 0 1
    outer loop
      vertex -97.5836 15.4557 2.2
      vertex -45.782 0.907981 2.2
      vertex -96.641 20.5417 2.2
    endloop
  endfacet
  facet normal 0 0 1
    outer loop
      vertex -19.8172 -16.0477 2.2
      vertex -76.782 -62.1769 2.2
      vertex -73.4227 -66.1101 2.2
    endloop
  endfacet
  facet normal 0 0 1
    outer loop
      vertex -45.782 0.907981 2.2
      vertex -97.5836 15.4557 2.2
      vertex -45.8271 0.813473 2.2
    endloop
  endfacet
  facet normal 0 0 1
    outer loop
      vertex -44.3129 -1.97538 2.2
      vertex -79.9309 -58.0732 2.2
      vertex -76.782 -62.1769 2.2
    endloop
  endfacet
  facet normal 0 0 1
    outer loop
      vertex -45.8271 0.813473 2.2
      vertex -97.5836 15.4557 2.2
      vertex -45.8672 0.716736 2.2
    endloop
  endfacet
  facet normal 0 0 1
    outer loop
      vertex -44.5176 -1.93185 2.2
      vertex -82.8606 -53.8103 2.2
      vertex -79.9309 -58.0732 2.2
    endloop
  endfacet
  facet normal 0 0 1
    outer loop
      vertex -45.8672 0.716736 2.2
      vertex -97.5836 15.4557 2.2
      vertex -45.9021 0.618033 2.2
    endloop
  endfacet
  facet normal 0 0 1
    outer loop
      vertex -44.618 -1.90211 2.2
      vertex -85.5633 -49.4 2.2
      vertex -82.8606 -53.8103 2.2
    endloop
  endfacet
  facet normal -0 0 1
    outer loop
      vertex -98.2588 10.3274 2.2
      vertex -45.9021 0.618033 2.2
      vertex -97.5836 15.4557 2.2
    endloop
  endfacet
  facet normal 0 0 1
    outer loop
      vertex -44.8135 -1.82709 2.2
      vertex -88.0314 -44.8543 2.2
      vertex -85.5633 -49.4 2.2
    endloop
  endfacet
  facet normal 0 0 1
    outer loop
      vertex -45.9021 0.618033 2.2
      vertex -98.2588 10.3274 2.2
      vertex -45.9319 0.517637 2.2
    endloop
  endfacet
  facet normal 0 0 1
    outer loop
      vertex -45 -1.73205 2.2
      vertex -90.2583 -40.1856 2.2
      vertex -88.0314 -44.8543 2.2
    endloop
  endfacet
  facet normal 0 0 1
    outer loop
      vertex -45.9319 0.517637 2.2
      vertex -98.2588 10.3274 2.2
      vertex -45.9563 0.415823 2.2
    endloop
  endfacet
  facet normal 0 0 1
    outer loop
      vertex -45.1756 -1.61803 2.2
      vertex -92.2377 -35.4068 2.2
      vertex -90.2583 -40.1856 2.2
    endloop
  endfacet
  facet normal -0 0 1
    outer loop
      vertex -98.6646 5.17079 2.2
      vertex -45.9563 0.415823 2.2
      vertex -98.2588 10.3274 2.2
    endloop
  endfacet
  facet normal 0 0 1
    outer loop
      vertex -45.3383 -1.48629 2.2
      vertex -93.9644 -30.5309 2.2
      vertex -92.2377 -35.4068 2.2
    endloop
  endfacet
  facet normal 0 0 1
    outer loop
      vertex -45.9563 0.415823 2.2
      vertex -98.6646 5.17079 2.2
      vertex -45.9754 0.312868 2.2
    endloop
  endfacet
  facet normal 0 0 1
    outer loop
      vertex -45.5543 -1.25864 2.2
      vertex -95.4335 -25.5713 2.2
      vertex -93.9644 -30.5309 2.2
    endloop
  endfacet
  facet normal 0 0 1
    outer loop
      vertex -45.9754 0.312868 2.2
      vertex -98.6646 5.17079 2.2
      vertex -45.989 0.209057 2.2
    endloop
  endfacet
  facet normal 0 0 1
    outer loop
      vertex -45.6773 -1.08928 2.2
      vertex -96.641 -20.5417 2.2
      vertex -95.4335 -25.5713 2.2
    endloop
  endfacet
  facet normal 0 0 1
    outer loop
      vertex -45.989 0.209057 2.2
      vertex -98.6646 5.17079 2.2
      vertex -45.9973 0.104671 2.2
    endloop
  endfacet
  facet normal 0 0 1
    outer loop
      vertex -45.782 -0.907981 2.2
      vertex -97.5836 -15.4557 2.2
      vertex -96.641 -20.5417 2.2
    endloop
  endfacet
  facet normal 0 0 1
    outer loop
      vertex -98.8 0 2.2
      vertex -45.9973 0.104671 2.2
      vertex -98.6646 5.17079 2.2
    endloop
  endfacet
  facet normal 0 0 1
    outer loop
      vertex -45.9021 -0.618033 2.2
      vertex -98.2588 -10.3274 2.2
      vertex -97.5836 -15.4557 2.2
    endloop
  endfacet
  facet normal 0 0 1
    outer loop
      vertex -45.9973 0.104671 2.2
      vertex -98.8 0 2.2
      vertex -46 0 2.2
    endloop
  endfacet
  facet normal 0 0 1
    outer loop
      vertex -45.9563 -0.415823 2.2
      vertex -98.6646 -5.17079 2.2
      vertex -98.2588 -10.3274 2.2
    endloop
  endfacet
  facet normal 0 0 1
    outer loop
      vertex -45.9973 -0.104671 2.2
      vertex -98.8 0 2.2
      vertex -98.6646 -5.17079 2.2
    endloop
  endfacet
  facet normal 0 0 1
    outer loop
      vertex 44.2091 -1.98904 2.2
      vertex 19.8172 -16.0477 2.2
      vertex 76.782 -62.1769 2.2
    endloop
  endfacet
  facet normal 0 0 1
    outer loop
      vertex 76.782 -62.1769 2.2
      vertex 19.8172 -16.0477 2.2
      vertex 73.4227 -66.1101 2.2
    endloop
  endfacet
  facet normal -0 0 1
    outer loop
      vertex 18.9502 -17.0628 2.2
      vertex 73.4227 -66.1101 2.2
      vertex 19.8172 -16.0477 2.2
    endloop
  endfacet
  facet normal 0 0 1
    outer loop
      vertex 73.4227 -66.1101 2.2
      vertex 18.9502 -17.0628 2.2
      vertex 69.8622 -69.8622 2.2
    endloop
  endfacet
  facet normal -0 0 1
    outer loop
      vertex 18.0312 -18.0312 2.2
      vertex 69.8622 -69.8622 2.2
      vertex 18.9502 -17.0628 2.2
    endloop
  endfacet
  facet normal 0 0 1
    outer loop
      vertex 69.8622 -69.8622 2.2
      vertex 18.0312 -18.0312 2.2
      vertex 66.1101 -73.4227 2.2
    endloop
  endfacet
  facet normal -0 0 1
    outer loop
      vertex 17.0628 -18.9502 2.2
      vertex 66.1101 -73.4227 2.2
      vertex 18.0312 -18.0312 2.2
    endloop
  endfacet
  facet normal 0 0 1
    outer loop
      vertex 66.1101 -73.4227 2.2
      vertex 17.0628 -18.9502 2.2
      vertex 62.1769 -76.782 2.2
    endloop
  endfacet
  facet normal -0 0 1
    outer loop
      vertex 16.0477 -19.8172 2.2
      vertex 62.1769 -76.782 2.2
      vertex 17.0628 -18.9502 2.2
    endloop
  endfacet
  facet normal 0 0 1
    outer loop
      vertex 62.1769 -76.782 2.2
      vertex 16.0477 -19.8172 2.2
      vertex 58.0732 -79.9309 2.2
    endloop
  endfacet
  facet normal -0 0 1
    outer loop
      vertex 14.9885 -20.6299 2.2
      vertex 58.0732 -79.9309 2.2
      vertex 16.0477 -19.8172 2.2
    endloop
  endfacet
  facet normal 0 0 1
    outer loop
      vertex 58.0732 -79.9309 2.2
      vertex 14.9885 -20.6299 2.2
      vertex 53.8103 -82.8606 2.2
    endloop
  endfacet
  facet normal -0 0 1
    outer loop
      vertex 13.8883 -21.3861 2.2
      vertex 53.8103 -82.8606 2.2
      vertex 14.9885 -20.6299 2.2
    endloop
  endfacet
  facet normal 0 0 1
    outer loop
      vertex 53.8103 -82.8606 2.2
      vertex 13.8883 -21.3861 2.2
      vertex 49.4 -85.5633 2.2
    endloop
  endfacet
  facet normal -0 0 1
    outer loop
      vertex 12.75 -22.0836 2.2
      vertex 49.4 -85.5633 2.2
      vertex 13.8883 -21.3861 2.2
    endloop
  endfacet
  facet normal 0 0 1
    outer loop
      vertex 49.4 -85.5633 2.2
      vertex 12.75 -22.0836 2.2
      vertex 44.8543 -88.0314 2.2
    endloop
  endfacet
  facet normal -0 0 1
    outer loop
      vertex 11.5768 -22.7207 2.2
      vertex 44.8543 -88.0314 2.2
      vertex 12.75 -22.0836 2.2
    endloop
  endfacet
  facet normal 0 0 1
    outer loop
      vertex 44.8543 -88.0314 2.2
      vertex 11.5768 -22.7207 2.2
      vertex 40.1856 -90.2583 2.2
    endloop
  endfacet
  facet normal -0 0 1
    outer loop
      vertex 10.3718 -23.2954 2.2
      vertex 40.1856 -90.2583 2.2
      vertex 11.5768 -22.7207 2.2
    endloop
  endfacet
  facet normal 0 0 1
    outer loop
      vertex 40.1856 -90.2583 2.2
      vertex 10.3718 -23.2954 2.2
      vertex 35.4068 -92.2377 2.2
    endloop
  endfacet
  facet normal -0 0 1
    outer loop
      vertex 9.13838 -23.8063 2.2
      vertex 35.4068 -92.2377 2.2
      vertex 10.3718 -23.2954 2.2
    endloop
  endfacet
  facet normal 0 0 1
    outer loop
      vertex 35.4068 -92.2377 2.2
      vertex 9.13838 -23.8063 2.2
      vertex 30.5309 -93.9644 2.2
    endloop
  endfacet
  facet normal -0 0 1
    outer loop
      vertex 7.87993 -24.2519 2.2
      vertex 30.5309 -93.9644 2.2
      vertex 9.13838 -23.8063 2.2
    endloop
  endfacet
  facet normal 0 0 1
    outer loop
      vertex 30.5309 -93.9644 2.2
      vertex 7.87993 -24.2519 2.2
      vertex 25.5713 -95.4335 2.2
    endloop
  endfacet
  facet normal -0 0 1
    outer loop
      vertex 6.59988 -24.6311 2.2
      vertex 25.5713 -95.4335 2.2
      vertex 7.87993 -24.2519 2.2
    endloop
  endfacet
  facet normal 0 0 1
    outer loop
      vertex 25.5713 -95.4335 2.2
      vertex 6.59988 -24.6311 2.2
      vertex 20.5417 -96.641 2.2
    endloop
  endfacet
  facet normal -0 0 1
    outer loop
      vertex 5.30175 -24.9428 2.2
      vertex 20.5417 -96.641 2.2
      vertex 6.59988 -24.6311 2.2
    endloop
  endfacet
  facet normal 0 0 1
    outer loop
      vertex 20.5417 -96.641 2.2
      vertex 5.30175 -24.9428 2.2
      vertex 15.4557 -97.5836 2.2
    endloop
  endfacet
  facet normal -0 0 1
    outer loop
      vertex 3.98908 -25.1861 2.2
      vertex 15.4557 -97.5836 2.2
      vertex 5.30175 -24.9428 2.2
    endloop
  endfacet
  facet normal 0 0 1
    outer loop
      vertex 15.4557 -97.5836 2.2
      vertex 3.98908 -25.1861 2.2
      vertex 10.3274 -98.2588 2.2
    endloop
  endfacet
  facet normal -0 0 1
    outer loop
      vertex 2.66547 -25.3603 2.2
      vertex 10.3274 -98.2588 2.2
      vertex 3.98908 -25.1861 2.2
    endloop
  endfacet
  facet normal 0 0 1
    outer loop
      vertex 10.3274 -98.2588 2.2
      vertex 2.66547 -25.3603 2.2
      vertex 5.17079 -98.6646 2.2
    endloop
  endfacet
  facet normal -0 0 1
    outer loop
      vertex 1.33457 -25.4651 2.2
      vertex 5.17079 -98.6646 2.2
      vertex 2.66547 -25.3603 2.2
    endloop
  endfacet
  facet normal -0 0 1
    outer loop
      vertex 0 -25.5 2.2
      vertex 5.17079 -98.6646 2.2
      vertex 1.33457 -25.4651 2.2
    endloop
  endfacet
  facet normal 0 0 1
    outer loop
      vertex 0 -25.5 2.2
      vertex 0 -98.8 2.2
      vertex 5.17079 -98.6646 2.2
    endloop
  endfacet
  facet normal 0 0 1
    outer loop
      vertex -1.33457 -25.4651 2.2
      vertex 0 -98.8 2.2
      vertex 0 -25.5 2.2
    endloop
  endfacet
  facet normal 0 0 1
    outer loop
      vertex -5.17079 -98.6646 2.2
      vertex -1.33457 -25.4651 2.2
      vertex -2.66547 -25.3603 2.2
    endloop
  endfacet
  facet normal 0 0 1
    outer loop
      vertex -10.3274 -98.2588 2.2
      vertex -2.66547 -25.3603 2.2
      vertex -3.98908 -25.1861 2.2
    endloop
  endfacet
  facet normal 0 0 1
    outer loop
      vertex -1.33457 -25.4651 2.2
      vertex -5.17079 -98.6646 2.2
      vertex 0 -98.8 2.2
    endloop
  endfacet
  facet normal 0 0 1
    outer loop
      vertex -15.4557 -97.5836 2.2
      vertex -3.98908 -25.1861 2.2
      vertex -5.30175 -24.9428 2.2
    endloop
  endfacet
  facet normal 0 0 1
    outer loop
      vertex -20.5417 -96.641 2.2
      vertex -5.30175 -24.9428 2.2
      vertex -6.59988 -24.6311 2.2
    endloop
  endfacet
  facet normal 0 0 1
    outer loop
      vertex -25.5713 -95.4335 2.2
      vertex -6.59988 -24.6311 2.2
      vertex -7.87993 -24.2519 2.2
    endloop
  endfacet
  facet normal 0 0 1
    outer loop
      vertex -30.5309 -93.9644 2.2
      vertex -7.87993 -24.2519 2.2
      vertex -9.13838 -23.8063 2.2
    endloop
  endfacet
  facet normal 0 0 1
    outer loop
      vertex -2.66547 -25.3603 2.2
      vertex -10.3274 -98.2588 2.2
      vertex -5.17079 -98.6646 2.2
    endloop
  endfacet
  facet normal 0 0 1
    outer loop
      vertex -35.4068 -92.2377 2.2
      vertex -9.13838 -23.8063 2.2
      vertex -10.3718 -23.2954 2.2
    endloop
  endfacet
  facet normal 0 0 1
    outer loop
      vertex -40.1856 -90.2583 2.2
      vertex -10.3718 -23.2954 2.2
      vertex -11.5768 -22.7207 2.2
    endloop
  endfacet
  facet normal 0 0 1
    outer loop
      vertex -40.1856 -90.2583 2.2
      vertex -11.5768 -22.7207 2.2
      vertex -12.75 -22.0836 2.2
    endloop
  endfacet
  facet normal 0 0 1
    outer loop
      vertex -40.1856 -90.2583 2.2
      vertex -12.75 -22.0836 2.2
      vertex -13.8883 -21.3861 2.2
    endloop
  endfacet
  facet normal 0 0 1
    outer loop
      vertex -40.1856 -90.2583 2.2
      vertex -13.8883 -21.3861 2.2
      vertex -14.9885 -20.6299 2.2
    endloop
  endfacet
  facet normal 0 0 1
    outer loop
      vertex -3.98908 -25.1861 2.2
      vertex -15.4557 -97.5836 2.2
      vertex -10.3274 -98.2588 2.2
    endloop
  endfacet
  facet normal 0 0 1
    outer loop
      vertex -40.1856 -90.2583 2.2
      vertex -14.9885 -20.6299 2.2
      vertex -16.0477 -19.8172 2.2
    endloop
  endfacet
  facet normal 0 0 1
    outer loop
      vertex -40.1856 -90.2583 2.2
      vertex -16.0477 -19.8172 2.2
      vertex -17.0628 -18.9502 2.2
    endloop
  endfacet
  facet normal 0 0 1
    outer loop
      vertex -40.1856 -90.2583 2.2
      vertex -17.0628 -18.9502 2.2
      vertex -18.0312 -18.0312 2.2
    endloop
  endfacet
  facet normal 0 0 1
    outer loop
      vertex -40.1856 -90.2583 2.2
      vertex -18.0312 -18.0312 2.2
      vertex -18.9502 -17.0628 2.2
    endloop
  endfacet
  facet normal 0 0 1
    outer loop
      vertex -40.1856 -90.2583 2.2
      vertex -18.9502 -17.0628 2.2
      vertex -19.8172 -16.0477 2.2
    endloop
  endfacet
  facet normal 0 0 1
    outer loop
      vertex -5.30175 -24.9428 2.2
      vertex -20.5417 -96.641 2.2
      vertex -15.4557 -97.5836 2.2
    endloop
  endfacet
  facet normal -0 0 1
    outer loop
      vertex -42.2679 -1 2.2
      vertex -25.1861 -3.98908 2.2
      vertex -42.218 -0.907981 2.2
    endloop
  endfacet
  facet normal -0 0 1
    outer loop
      vertex -42.218 -0.907981 2.2
      vertex -25.1861 -3.98908 2.2
      vertex -42.1729 -0.813473 2.2
    endloop
  endfacet
  facet normal 0 0 1
    outer loop
      vertex -25.3603 -2.66547 2.2
      vertex -42.1729 -0.813473 2.2
      vertex -25.1861 -3.98908 2.2
    endloop
  endfacet
  facet normal -0 0 1
    outer loop
      vertex -42.1729 -0.813473 2.2
      vertex -25.3603 -2.66547 2.2
      vertex -42.1328 -0.716736 2.2
    endloop
  endfacet
  facet normal -0 0 1
    outer loop
      vertex -42.1328 -0.716736 2.2
      vertex -25.3603 -2.66547 2.2
      vertex -42.0979 -0.618033 2.2
    endloop
  endfacet
  facet normal -0 0 1
    outer loop
      vertex -42.0979 -0.618033 2.2
      vertex -25.3603 -2.66547 2.2
      vertex -42.0681 -0.517637 2.2
    endloop
  endfacet
  facet normal 0 0 1
    outer loop
      vertex -25.4651 -1.33457 2.2
      vertex -42.0681 -0.517637 2.2
      vertex -25.3603 -2.66547 2.2
    endloop
  endfacet
  facet normal -0 0 1
    outer loop
      vertex -42.0681 -0.517637 2.2
      vertex -25.4651 -1.33457 2.2
      vertex -42.0437 -0.415823 2.2
    endloop
  endfacet
  facet normal -0 0 1
    outer loop
      vertex -42.0437 -0.415823 2.2
      vertex -25.4651 -1.33457 2.2
      vertex -42.0246 -0.312868 2.2
    endloop
  endfacet
  facet normal -0 0 1
    outer loop
      vertex -42.0246 -0.312868 2.2
      vertex -25.4651 -1.33457 2.2
      vertex -42.011 -0.209057 2.2
    endloop
  endfacet
  facet normal -0 0 1
    outer loop
      vertex -42.011 -0.209057 2.2
      vertex -25.4651 -1.33457 2.2
      vertex -42.0027 -0.104671 2.2
    endloop
  endfacet
  facet normal 0 0 1
    outer loop
      vertex -25.5 0 2.2
      vertex -42.0027 -0.104671 2.2
      vertex -25.4651 -1.33457 2.2
    endloop
  endfacet
  facet normal 0 0 1
    outer loop
      vertex -6.59988 -24.6311 2.2
      vertex -25.5713 -95.4335 2.2
      vertex -20.5417 -96.641 2.2
    endloop
  endfacet
  facet normal 0 0 1
    outer loop
      vertex -42.0027 -0.104671 2.2
      vertex -25.5 0 2.2
      vertex -42 0 2.2
    endloop
  endfacet
  facet normal 0 -0 1
    outer loop
      vertex -43.5842 1.9563 2.2
      vertex -22.7207 11.5768 2.2
      vertex -43.6871 1.97538 2.2
    endloop
  endfacet
  facet normal 0 0 1
    outer loop
      vertex -22.7207 11.5768 2.2
      vertex -43.4824 1.93185 2.2
      vertex -23.2954 10.3718 2.2
    endloop
  endfacet
  facet normal -0 0 1
    outer loop
      vertex -42.3227 -1.08928 2.2
      vertex -25.1861 -3.98908 2.2
      vertex -42.2679 -1 2.2
    endloop
  endfacet
  facet normal 0 -0 1
    outer loop
      vertex -43.2833 1.86716 2.2
      vertex -23.2954 10.3718 2.2
      vertex -43.382 1.90211 2.2
    endloop
  endfacet
  facet normal 0 0 1
    outer loop
      vertex -7.87993 -24.2519 2.2
      vertex -30.5309 -93.9644 2.2
      vertex -25.5713 -95.4335 2.2
    endloop
  endfacet
  facet normal 0 -0 1
    outer loop
      vertex -43.092 1.78201 2.2
      vertex -23.8063 9.13838 2.2
      vertex -43.1865 1.82709 2.2
    endloop
  endfacet
  facet normal 0 0 1
    outer loop
      vertex -9.13838 -23.8063 2.2
      vertex -35.4068 -92.2377 2.2
      vertex -30.5309 -93.9644 2.2
    endloop
  endfacet
  facet normal 0 0 1
    outer loop
      vertex -10.3718 -23.2954 2.2
      vertex -40.1856 -90.2583 2.2
      vertex -35.4068 -92.2377 2.2
    endloop
  endfacet
  facet normal 0 0 1
    outer loop
      vertex -25.5 0 2.2
      vertex -42.0027 0.104671 2.2
      vertex -42 0 2.2
    endloop
  endfacet
  facet normal 0 0 1
    outer loop
      vertex -25.5 0 2.2
      vertex -42.011 0.209057 2.2
      vertex -42.0027 0.104671 2.2
    endloop
  endfacet
  facet normal 0 0 1
    outer loop
      vertex -25.4651 1.33457 2.2
      vertex -42.011 0.209057 2.2
      vertex -25.5 0 2.2
    endloop
  endfacet
  facet normal 0 -0 1
    outer loop
      vertex -42.011 0.209057 2.2
      vertex -25.4651 1.33457 2.2
      vertex -42.0246 0.312868 2.2
    endloop
  endfacet
  facet normal 0 -0 1
    outer loop
      vertex -42.0246 0.312868 2.2
      vertex -25.4651 1.33457 2.2
      vertex -42.0437 0.415823 2.2
    endloop
  endfacet
  facet normal 0 -0 1
    outer loop
      vertex -42.0437 0.415823 2.2
      vertex -25.4651 1.33457 2.2
      vertex -42.0681 0.517637 2.2
    endloop
  endfacet
  facet normal 0 0 1
    outer loop
      vertex -25.3603 2.66547 2.2
      vertex -42.0681 0.517637 2.2
      vertex -25.4651 1.33457 2.2
    endloop
  endfacet
  facet normal 0 -0 1
    outer loop
      vertex -42.0681 0.517637 2.2
      vertex -25.3603 2.66547 2.2
      vertex -42.0979 0.618033 2.2
    endloop
  endfacet
  facet normal 0 -0 1
    outer loop
      vertex -42.0979 0.618033 2.2
      vertex -25.3603 2.66547 2.2
      vertex -42.1328 0.716736 2.2
    endloop
  endfacet
  facet normal 0 -0 1
    outer loop
      vertex -42.1328 0.716736 2.2
      vertex -25.3603 2.66547 2.2
      vertex -42.1729 0.813473 2.2
    endloop
  endfacet
  facet normal 0 0 1
    outer loop
      vertex -25.1861 3.98908 2.2
      vertex -42.1729 0.813473 2.2
      vertex -25.3603 2.66547 2.2
    endloop
  endfacet
  facet normal 0 -0 1
    outer loop
      vertex -42.1729 0.813473 2.2
      vertex -25.1861 3.98908 2.2
      vertex -42.218 0.907981 2.2
    endloop
  endfacet
  facet normal 0 -0 1
    outer loop
      vertex -42.218 0.907981 2.2
      vertex -25.1861 3.98908 2.2
      vertex -42.2679 1 2.2
    endloop
  endfacet
  facet normal 0 -0 1
    outer loop
      vertex -42.2679 1 2.2
      vertex -25.1861 3.98908 2.2
      vertex -42.3227 1.08928 2.2
    endloop
  endfacet
  facet normal 0 0 1
    outer loop
      vertex -24.9428 5.30175 2.2
      vertex -42.3227 1.08928 2.2
      vertex -25.1861 3.98908 2.2
    endloop
  endfacet
  facet normal 0 -0 1
    outer loop
      vertex -42.3227 1.08928 2.2
      vertex -24.9428 5.30175 2.2
      vertex -42.382 1.17557 2.2
    endloop
  endfacet
  facet normal 0 -0 1
    outer loop
      vertex -42.382 1.17557 2.2
      vertex -24.9428 5.30175 2.2
      vertex -42.4457 1.25864 2.2
    endloop
  endfacet
  facet normal 0 -0 1
    outer loop
      vertex -42.4457 1.25864 2.2
      vertex -24.9428 5.30175 2.2
      vertex -42.5137 1.33826 2.2
    endloop
  endfacet
  facet normal 0 0 1
    outer loop
      vertex -24.6311 6.59988 2.2
      vertex -42.5137 1.33826 2.2
      vertex -24.9428 5.30175 2.2
    endloop
  endfacet
  facet normal 0 -0 1
    outer loop
      vertex -42.5137 1.33826 2.2
      vertex -24.6311 6.59988 2.2
      vertex -42.5858 1.41421 2.2
    endloop
  endfacet
  facet normal 0 -0 1
    outer loop
      vertex -42.5858 1.41421 2.2
      vertex -24.6311 6.59988 2.2
      vertex -42.6617 1.48629 2.2
    endloop
  endfacet
  facet normal 0 0 1
    outer loop
      vertex -23.8063 9.13838 2.2
      vertex -43 1.73205 2.2
      vertex -24.2519 7.87993 2.2
    endloop
  endfacet
  facet normal 0 -0 1
    outer loop
      vertex -42.6617 1.48629 2.2
      vertex -24.6311 6.59988 2.2
      vertex -42.7414 1.55429 2.2
    endloop
  endfacet
  facet normal 0 -0 1
    outer loop
      vertex -42.8244 1.61803 2.2
      vertex -24.2519 7.87993 2.2
      vertex -42.9107 1.67734 2.2
    endloop
  endfacet
  facet normal 0 0 1
    outer loop
      vertex -24.2519 7.87993 2.2
      vertex -42.7414 1.55429 2.2
      vertex -24.6311 6.59988 2.2
    endloop
  endfacet
  facet normal 0 -0 1
    outer loop
      vertex -42.7414 1.55429 2.2
      vertex -24.2519 7.87993 2.2
      vertex -42.8244 1.61803 2.2
    endloop
  endfacet
  facet normal 0 -0 1
    outer loop
      vertex -42.9107 1.67734 2.2
      vertex -24.2519 7.87993 2.2
      vertex -43 1.73205 2.2
    endloop
  endfacet
  facet normal 0 -0 1
    outer loop
      vertex -43 1.73205 2.2
      vertex -23.8063 9.13838 2.2
      vertex -43.092 1.78201 2.2
    endloop
  endfacet
  facet normal 0 0 1
    outer loop
      vertex -23.2954 10.3718 2.2
      vertex -43.1865 1.82709 2.2
      vertex -23.8063 9.13838 2.2
    endloop
  endfacet
  facet normal 0 -0 1
    outer loop
      vertex -43.1865 1.82709 2.2
      vertex -23.2954 10.3718 2.2
      vertex -43.2833 1.86716 2.2
    endloop
  endfacet
  facet normal 0 -0 1
    outer loop
      vertex -43.382 1.90211 2.2
      vertex -23.2954 10.3718 2.2
      vertex -43.4824 1.93185 2.2
    endloop
  endfacet
  facet normal 0 -0 1
    outer loop
      vertex -43.4824 1.93185 2.2
      vertex -22.7207 11.5768 2.2
      vertex -43.5842 1.9563 2.2
    endloop
  endfacet
  facet normal 0 0 1
    outer loop
      vertex -17.0628 18.9502 2.2
      vertex -66.1101 73.4227 2.2
      vertex -18.0312 18.0312 2.2
    endloop
  endfacet
  facet normal 0 0 1
    outer loop
      vertex -19.8172 16.0477 2.2
      vertex -44.1047 1.99726 2.2
      vertex -44 2 2.2
    endloop
  endfacet
  facet normal 0 0 1
    outer loop
      vertex -19.8172 16.0477 2.2
      vertex -44.2091 1.98904 2.2
      vertex -44.1047 1.99726 2.2
    endloop
  endfacet
  facet normal 0 0 1
    outer loop
      vertex -19.8172 16.0477 2.2
      vertex -44.3129 1.97538 2.2
      vertex -44.2091 1.98904 2.2
    endloop
  endfacet
  facet normal -0 0 1
    outer loop
      vertex -69.8622 69.8622 2.2
      vertex -18.0312 18.0312 2.2
      vertex -66.1101 73.4227 2.2
    endloop
  endfacet
  facet normal 0 0 1
    outer loop
      vertex -18.0312 18.0312 2.2
      vertex -69.8622 69.8622 2.2
      vertex -18.9502 17.0628 2.2
    endloop
  endfacet
  facet normal -0 0 1
    outer loop
      vertex -73.4227 66.1101 2.2
      vertex -18.9502 17.0628 2.2
      vertex -69.8622 69.8622 2.2
    endloop
  endfacet
  facet normal 0 0 1
    outer loop
      vertex -18.9502 17.0628 2.2
      vertex -73.4227 66.1101 2.2
      vertex -19.8172 16.0477 2.2
    endloop
  endfacet
  facet normal -0 0 1
    outer loop
      vertex -76.782 62.1769 2.2
      vertex -19.8172 16.0477 2.2
      vertex -73.4227 66.1101 2.2
    endloop
  endfacet
  facet normal 0 0 1
    outer loop
      vertex -19.8172 16.0477 2.2
      vertex -76.782 62.1769 2.2
      vertex -44.3129 1.97538 2.2
    endloop
  endfacet
  facet normal -0 0 1
    outer loop
      vertex -79.9309 58.0732 2.2
      vertex -44.3129 1.97538 2.2
      vertex -76.782 62.1769 2.2
    endloop
  endfacet
  facet normal 0 0 1
    outer loop
      vertex -44.3129 1.97538 2.2
      vertex -79.9309 58.0732 2.2
      vertex -44.4158 1.9563 2.2
    endloop
  endfacet
  facet normal 0 0 1
    outer loop
      vertex -44.4158 1.9563 2.2
      vertex -79.9309 58.0732 2.2
      vertex -44.5176 1.93185 2.2
    endloop
  endfacet
  facet normal -0 0 1
    outer loop
      vertex -82.8606 53.8103 2.2
      vertex -44.5176 1.93185 2.2
      vertex -79.9309 58.0732 2.2
    endloop
  endfacet
  facet normal 0 0 1
    outer loop
      vertex -44.5176 1.93185 2.2
      vertex -82.8606 53.8103 2.2
      vertex -44.618 1.90211 2.2
    endloop
  endfacet
  facet normal -0 0 1
    outer loop
      vertex -85.5633 49.4 2.2
      vertex -44.618 1.90211 2.2
      vertex -82.8606 53.8103 2.2
    endloop
  endfacet
  facet normal 0 0 1
    outer loop
      vertex -44.618 1.90211 2.2
      vertex -85.5633 49.4 2.2
      vertex -44.7167 1.86716 2.2
    endloop
  endfacet
  facet normal 0 0 1
    outer loop
      vertex -44.7167 1.86716 2.2
      vertex -85.5633 49.4 2.2
      vertex -44.8135 1.82709 2.2
    endloop
  endfacet
  facet normal -0 0 1
    outer loop
      vertex -88.0314 44.8543 2.2
      vertex -44.8135 1.82709 2.2
      vertex -85.5633 49.4 2.2
    endloop
  endfacet
  facet normal 0 0 1
    outer loop
      vertex -44.8135 1.82709 2.2
      vertex -88.0314 44.8543 2.2
      vertex -44.908 1.78201 2.2
    endloop
  endfacet
  facet normal 0 0 1
    outer loop
      vertex -44.908 1.78201 2.2
      vertex -88.0314 44.8543 2.2
      vertex -45 1.73205 2.2
    endloop
  endfacet
  facet normal -0 0 1
    outer loop
      vertex -90.2583 40.1856 2.2
      vertex -45 1.73205 2.2
      vertex -88.0314 44.8543 2.2
    endloop
  endfacet
  facet normal 0 0 1
    outer loop
      vertex -45 1.73205 2.2
      vertex -90.2583 40.1856 2.2
      vertex -45.0893 1.67734 2.2
    endloop
  endfacet
  facet normal 0 0 1
    outer loop
      vertex -45.0893 1.67734 2.2
      vertex -90.2583 40.1856 2.2
      vertex -45.1756 1.61803 2.2
    endloop
  endfacet
  facet normal -0 0 1
    outer loop
      vertex -92.2377 35.4068 2.2
      vertex -45.1756 1.61803 2.2
      vertex -90.2583 40.1856 2.2
    endloop
  endfacet
  facet normal 0 0 1
    outer loop
      vertex -45.1756 1.61803 2.2
      vertex -92.2377 35.4068 2.2
      vertex -45.2586 1.55429 2.2
    endloop
  endfacet
  facet normal 0 0 1
    outer loop
      vertex -45.2586 1.55429 2.2
      vertex -92.2377 35.4068 2.2
      vertex -45.3383 1.48629 2.2
    endloop
  endfacet
  facet normal -0 0 1
    outer loop
      vertex -93.9644 30.5309 2.2
      vertex -45.3383 1.48629 2.2
      vertex -92.2377 35.4068 2.2
    endloop
  endfacet
  facet normal 0 0 1
    outer loop
      vertex -45.3383 1.48629 2.2
      vertex -93.9644 30.5309 2.2
      vertex -45.4142 1.41421 2.2
    endloop
  endfacet
  facet normal 0 0 1
    outer loop
      vertex -45.4142 1.41421 2.2
      vertex -93.9644 30.5309 2.2
      vertex -45.4863 1.33826 2.2
    endloop
  endfacet
  facet normal -0 0 1
    outer loop
      vertex 45.9973 0.104671 2.2
      vertex 98.8 0 2.2
      vertex 98.6646 5.17079 2.2
    endloop
  endfacet
  facet normal 0 0 1
    outer loop
      vertex 45.9563 0.415823 2.2
      vertex 98.6646 5.17079 2.2
      vertex 98.2588 10.3274 2.2
    endloop
  endfacet
  facet normal 0 0 1
    outer loop
      vertex 98.8 0 2.2
      vertex 45.9973 0.104671 2.2
      vertex 46 0 2.2
    endloop
  endfacet
  facet normal 0 0 1
    outer loop
      vertex 45.9021 0.618033 2.2
      vertex 98.2588 10.3274 2.2
      vertex 97.5836 15.4557 2.2
    endloop
  endfacet
  facet normal 0 0 1
    outer loop
      vertex 45.9973 -0.104671 2.2
      vertex 98.8 0 2.2
      vertex 46 0 2.2
    endloop
  endfacet
  facet normal 0 0 1
    outer loop
      vertex 45.782 0.907981 2.2
      vertex 97.5836 15.4557 2.2
      vertex 96.641 20.5417 2.2
    endloop
  endfacet
  facet normal 0 0 1
    outer loop
      vertex 98.8 0 2.2
      vertex 45.9973 -0.104671 2.2
      vertex 98.6646 -5.17079 2.2
    endloop
  endfacet
  facet normal 0 0 1
    outer loop
      vertex 45.6773 1.08928 2.2
      vertex 96.641 20.5417 2.2
      vertex 95.4335 25.5713 2.2
    endloop
  endfacet
  facet normal -0 0 1
    outer loop
      vertex 45.989 -0.209057 2.2
      vertex 98.6646 -5.17079 2.2
      vertex 45.9973 -0.104671 2.2
    endloop
  endfacet
  facet normal 0 0 1
    outer loop
      vertex 45.5543 1.25864 2.2
      vertex 95.4335 25.5713 2.2
      vertex 93.9644 30.5309 2.2
    endloop
  endfacet
  facet normal -0 0 1
    outer loop
      vertex 45.9754 -0.312868 2.2
      vertex 98.6646 -5.17079 2.2
      vertex 45.989 -0.209057 2.2
    endloop
  endfacet
  facet normal 0 0 1
    outer loop
      vertex 45.3383 1.48629 2.2
      vertex 93.9644 30.5309 2.2
      vertex 92.2377 35.4068 2.2
    endloop
  endfacet
  facet normal -0 0 1
    outer loop
      vertex 45.9563 -0.415823 2.2
      vertex 98.6646 -5.17079 2.2
      vertex 45.9754 -0.312868 2.2
    endloop
  endfacet
  facet normal 0 0 1
    outer loop
      vertex 45.1756 1.61803 2.2
      vertex 92.2377 35.4068 2.2
      vertex 90.2583 40.1856 2.2
    endloop
  endfacet
  facet normal 0 0 1
    outer loop
      vertex 98.6646 -5.17079 2.2
      vertex 45.9563 -0.415823 2.2
      vertex 98.2588 -10.3274 2.2
    endloop
  endfacet
  facet normal 0 0 1
    outer loop
      vertex 45 1.73205 2.2
      vertex 90.2583 40.1856 2.2
      vertex 88.0314 44.8543 2.2
    endloop
  endfacet
  facet normal -0 0 1
    outer loop
      vertex 45.9319 -0.517637 2.2
      vertex 98.2588 -10.3274 2.2
      vertex 45.9563 -0.415823 2.2
    endloop
  endfacet
  facet normal 0 0 1
    outer loop
      vertex 44.8135 1.82709 2.2
      vertex 88.0314 44.8543 2.2
      vertex 85.5633 49.4 2.2
    endloop
  endfacet
  facet normal -0 0 1
    outer loop
      vertex 45.9021 -0.618033 2.2
      vertex 98.2588 -10.3274 2.2
      vertex 45.9319 -0.517637 2.2
    endloop
  endfacet
  facet normal 0 0 1
    outer loop
      vertex 44.618 1.90211 2.2
      vertex 85.5633 49.4 2.2
      vertex 82.8606 53.8103 2.2
    endloop
  endfacet
  facet normal 0 0 1
    outer loop
      vertex 98.2588 -10.3274 2.2
      vertex 45.9021 -0.618033 2.2
      vertex 97.5836 -15.4557 2.2
    endloop
  endfacet
  facet normal 0 0 1
    outer loop
      vertex 44.5176 1.93185 2.2
      vertex 82.8606 53.8103 2.2
      vertex 79.9309 58.0732 2.2
    endloop
  endfacet
  facet normal -0 0 1
    outer loop
      vertex 45.8672 -0.716736 2.2
      vertex 97.5836 -15.4557 2.2
      vertex 45.9021 -0.618033 2.2
    endloop
  endfacet
  facet normal 0 0 1
    outer loop
      vertex 44.3129 1.97538 2.2
      vertex 79.9309 58.0732 2.2
      vertex 76.782 62.1769 2.2
    endloop
  endfacet
  facet normal -0 0 1
    outer loop
      vertex 45.8271 -0.813473 2.2
      vertex 97.5836 -15.4557 2.2
      vertex 45.8672 -0.716736 2.2
    endloop
  endfacet
  facet normal 0 0 1
    outer loop
      vertex 19.8172 16.0477 2.2
      vertex 76.782 62.1769 2.2
      vertex 73.4227 66.1101 2.2
    endloop
  endfacet
  facet normal -0 0 1
    outer loop
      vertex 45.782 -0.907981 2.2
      vertex 97.5836 -15.4557 2.2
      vertex 45.8271 -0.813473 2.2
    endloop
  endfacet
  facet normal 0 0 1
    outer loop
      vertex 19.8172 16.0477 2.2
      vertex 73.4227 66.1101 2.2
      vertex 69.8622 69.8622 2.2
    endloop
  endfacet
  facet normal 0 0 1
    outer loop
      vertex 97.5836 -15.4557 2.2
      vertex 45.782 -0.907981 2.2
      vertex 96.641 -20.5417 2.2
    endloop
  endfacet
  facet normal 0 0 1
    outer loop
      vertex 19.8172 16.0477 2.2
      vertex 69.8622 69.8622 2.2
      vertex 66.1101 73.4227 2.2
    endloop
  endfacet
  facet normal -0 0 1
    outer loop
      vertex 45.6773 -1.08928 2.2
      vertex 96.641 -20.5417 2.2
      vertex 45.732 -1 2.2
    endloop
  endfacet
  facet normal 0 0 1
    outer loop
      vertex 19.8172 16.0477 2.2
      vertex 66.1101 73.4227 2.2
      vertex 62.1769 76.782 2.2
    endloop
  endfacet
  facet normal 0 0 1
    outer loop
      vertex 96.641 -20.5417 2.2
      vertex 45.6773 -1.08928 2.2
      vertex 95.4335 -25.5713 2.2
    endloop
  endfacet
  facet normal 0 0 1
    outer loop
      vertex 19.8172 16.0477 2.2
      vertex 62.1769 76.782 2.2
      vertex 58.0732 79.9309 2.2
    endloop
  endfacet
  facet normal -0 0 1
    outer loop
      vertex 45.618 -1.17557 2.2
      vertex 95.4335 -25.5713 2.2
      vertex 45.6773 -1.08928 2.2
    endloop
  endfacet
  facet normal 0 0 1
    outer loop
      vertex 19.8172 16.0477 2.2
      vertex 58.0732 79.9309 2.2
      vertex 53.8103 82.8606 2.2
    endloop
  endfacet
  facet normal -0 0 1
    outer loop
      vertex 45.5543 -1.25864 2.2
      vertex 95.4335 -25.5713 2.2
      vertex 45.618 -1.17557 2.2
    endloop
  endfacet
  facet normal 0 0 1
    outer loop
      vertex 19.8172 16.0477 2.2
      vertex 53.8103 82.8606 2.2
      vertex 49.4 85.5633 2.2
    endloop
  endfacet
  facet normal 0 0 1
    outer loop
      vertex 95.4335 -25.5713 2.2
      vertex 45.5543 -1.25864 2.2
      vertex 93.9644 -30.5309 2.2
    endloop
  endfacet
  facet normal -0 0 1
    outer loop
      vertex 45.4863 -1.33826 2.2
      vertex 93.9644 -30.5309 2.2
      vertex 45.5543 -1.25864 2.2
    endloop
  endfacet
  facet normal -0 0 1
    outer loop
      vertex 45.732 -1 2.2
      vertex 96.641 -20.5417 2.2
      vertex 45.782 -0.907981 2.2
    endloop
  endfacet
  facet normal 0 0 1
    outer loop
      vertex 98.6646 5.17079 2.2
      vertex 45.989 0.209057 2.2
      vertex 45.9973 0.104671 2.2
    endloop
  endfacet
  facet normal 0 0 1
    outer loop
      vertex 98.6646 5.17079 2.2
      vertex 45.9754 0.312868 2.2
      vertex 45.989 0.209057 2.2
    endloop
  endfacet
  facet normal 0 0 1
    outer loop
      vertex 98.6646 5.17079 2.2
      vertex 45.9563 0.415823 2.2
      vertex 45.9754 0.312868 2.2
    endloop
  endfacet
  facet normal 0 0 1
    outer loop
      vertex 98.2588 10.3274 2.2
      vertex 45.9319 0.517637 2.2
      vertex 45.9563 0.415823 2.2
    endloop
  endfacet
  facet normal 0 0 1
    outer loop
      vertex 98.2588 10.3274 2.2
      vertex 45.9021 0.618033 2.2
      vertex 45.9319 0.517637 2.2
    endloop
  endfacet
  facet normal 0 0 1
    outer loop
      vertex 97.5836 15.4557 2.2
      vertex 45.8672 0.716736 2.2
      vertex 45.9021 0.618033 2.2
    endloop
  endfacet
  facet normal 0 0 1
    outer loop
      vertex 97.5836 15.4557 2.2
      vertex 45.8271 0.813473 2.2
      vertex 45.8672 0.716736 2.2
    endloop
  endfacet
  facet normal 0 0 1
    outer loop
      vertex 97.5836 15.4557 2.2
      vertex 45.782 0.907981 2.2
      vertex 45.8271 0.813473 2.2
    endloop
  endfacet
  facet normal 0 0 1
    outer loop
      vertex 96.641 20.5417 2.2
      vertex 45.732 1 2.2
      vertex 45.782 0.907981 2.2
    endloop
  endfacet
  facet normal 0 0 1
    outer loop
      vertex 96.641 20.5417 2.2
      vertex 45.6773 1.08928 2.2
      vertex 45.732 1 2.2
    endloop
  endfacet
  facet normal 0 0 1
    outer loop
      vertex 95.4335 25.5713 2.2
      vertex 45.618 1.17557 2.2
      vertex 45.6773 1.08928 2.2
    endloop
  endfacet
  facet normal 0 0 1
    outer loop
      vertex 95.4335 25.5713 2.2
      vertex 45.5543 1.25864 2.2
      vertex 45.618 1.17557 2.2
    endloop
  endfacet
  facet normal 0 0 1
    outer loop
      vertex 93.9644 30.5309 2.2
      vertex 45.4863 1.33826 2.2
      vertex 45.5543 1.25864 2.2
    endloop
  endfacet
  facet normal 0 0 1
    outer loop
      vertex 93.9644 30.5309 2.2
      vertex 45.4142 1.41421 2.2
      vertex 45.4863 1.33826 2.2
    endloop
  endfacet
  facet normal 0 0 1
    outer loop
      vertex 93.9644 30.5309 2.2
      vertex 45.3383 1.48629 2.2
      vertex 45.4142 1.41421 2.2
    endloop
  endfacet
  facet normal 0 0 1
    outer loop
      vertex 92.2377 35.4068 2.2
      vertex 45.2586 1.55429 2.2
      vertex 45.3383 1.48629 2.2
    endloop
  endfacet
  facet normal 0 0 1
    outer loop
      vertex 92.2377 35.4068 2.2
      vertex 45.1756 1.61803 2.2
      vertex 45.2586 1.55429 2.2
    endloop
  endfacet
  facet normal 0 0 1
    outer loop
      vertex 90.2583 40.1856 2.2
      vertex 45.0893 1.67734 2.2
      vertex 45.1756 1.61803 2.2
    endloop
  endfacet
  facet normal 0 0 1
    outer loop
      vertex 90.2583 40.1856 2.2
      vertex 45 1.73205 2.2
      vertex 45.0893 1.67734 2.2
    endloop
  endfacet
  facet normal 0 0 1
    outer loop
      vertex 88.0314 44.8543 2.2
      vertex 44.908 1.78201 2.2
      vertex 45 1.73205 2.2
    endloop
  endfacet
  facet normal 0 0 1
    outer loop
      vertex 19.8172 16.0477 2.2
      vertex 49.4 85.5633 2.2
      vertex 44.8543 88.0314 2.2
    endloop
  endfacet
  facet normal 0 0 1
    outer loop
      vertex 88.0314 44.8543 2.2
      vertex 44.8135 1.82709 2.2
      vertex 44.908 1.78201 2.2
    endloop
  endfacet
  facet normal 0 0 1
    outer loop
      vertex 85.5633 49.4 2.2
      vertex 44.7167 1.86716 2.2
      vertex 44.8135 1.82709 2.2
    endloop
  endfacet
  facet normal 0 0 1
    outer loop
      vertex 85.5633 49.4 2.2
      vertex 44.618 1.90211 2.2
      vertex 44.7167 1.86716 2.2
    endloop
  endfacet
  facet normal 0 0 1
    outer loop
      vertex 82.8606 53.8103 2.2
      vertex 44.5176 1.93185 2.2
      vertex 44.618 1.90211 2.2
    endloop
  endfacet
  facet normal 0 0 1
    outer loop
      vertex 79.9309 58.0732 2.2
      vertex 44.4158 1.9563 2.2
      vertex 44.5176 1.93185 2.2
    endloop
  endfacet
  facet normal 0 0 1
    outer loop
      vertex 79.9309 58.0732 2.2
      vertex 44.3129 1.97538 2.2
      vertex 44.4158 1.9563 2.2
    endloop
  endfacet
  facet normal 0 0 1
    outer loop
      vertex 76.782 62.1769 2.2
      vertex 19.8172 16.0477 2.2
      vertex 44.3129 1.97538 2.2
    endloop
  endfacet
  facet normal 0 0 1
    outer loop
      vertex 44.3129 1.97538 2.2
      vertex 19.8172 16.0477 2.2
      vertex 44.2091 1.98904 2.2
    endloop
  endfacet
  facet normal -0 -0 1
    outer loop
      vertex 20.6299 14.9885 2.2
      vertex 44.2091 1.98904 2.2
      vertex 19.8172 16.0477 2.2
    endloop
  endfacet
  facet normal 0 0 1
    outer loop
      vertex 44.2091 1.98904 2.2
      vertex 20.6299 14.9885 2.2
      vertex 44.1047 1.99726 2.2
    endloop
  endfacet
  facet normal 0 0 1
    outer loop
      vertex 44.1047 1.99726 2.2
      vertex 20.6299 14.9885 2.2
      vertex 44 2 2.2
    endloop
  endfacet
  facet normal -0 -0 1
    outer loop
      vertex 21.3861 13.8883 2.2
      vertex 44 2 2.2
      vertex 20.6299 14.9885 2.2
    endloop
  endfacet
  facet normal 0 0 1
    outer loop
      vertex 44 2 2.2
      vertex 21.3861 13.8883 2.2
      vertex 43.8953 1.99726 2.2
    endloop
  endfacet
  facet normal 0 0 1
    outer loop
      vertex 43.8953 1.99726 2.2
      vertex 21.3861 13.8883 2.2
      vertex 43.7909 1.98904 2.2
    endloop
  endfacet
  facet normal -0 -0 1
    outer loop
      vertex 22.0836 12.75 2.2
      vertex 43.7909 1.98904 2.2
      vertex 21.3861 13.8883 2.2
    endloop
  endfacet
  facet normal 0 0 1
    outer loop
      vertex 43.7909 1.98904 2.2
      vertex 22.0836 12.75 2.2
      vertex 43.6871 1.97538 2.2
    endloop
  endfacet
  facet normal 0 0 1
    outer loop
      vertex 43.6871 1.97538 2.2
      vertex 22.0836 12.75 2.2
      vertex 43.5842 1.9563 2.2
    endloop
  endfacet
  facet normal -0 -0 1
    outer loop
      vertex 22.7207 11.5768 2.2
      vertex 43.5842 1.9563 2.2
      vertex 22.0836 12.75 2.2
    endloop
  endfacet
  facet normal 0 0 1
    outer loop
      vertex 43.5842 1.9563 2.2
      vertex 22.7207 11.5768 2.2
      vertex 43.4824 1.93185 2.2
    endloop
  endfacet
  facet normal 0 0 1
    outer loop
      vertex 43.4824 1.93185 2.2
      vertex 22.7207 11.5768 2.2
      vertex 43.382 1.90211 2.2
    endloop
  endfacet
  facet normal -0 -0 1
    outer loop
      vertex 23.2954 10.3718 2.2
      vertex 43.382 1.90211 2.2
      vertex 22.7207 11.5768 2.2
    endloop
  endfacet
  facet normal 0 0 1
    outer loop
      vertex 43.382 1.90211 2.2
      vertex 23.2954 10.3718 2.2
      vertex 43.2833 1.86716 2.2
    endloop
  endfacet
  facet normal 0 0 1
    outer loop
      vertex 43.2833 1.86716 2.2
      vertex 23.2954 10.3718 2.2
      vertex 43.1865 1.82709 2.2
    endloop
  endfacet
  facet normal -0 -0 1
    outer loop
      vertex 23.8063 9.13838 2.2
      vertex 43.1865 1.82709 2.2
      vertex 23.2954 10.3718 2.2
    endloop
  endfacet
  facet normal 0 0 1
    outer loop
      vertex 43.1865 1.82709 2.2
      vertex 23.8063 9.13838 2.2
      vertex 43.092 1.78201 2.2
    endloop
  endfacet
  facet normal 0 0 1
    outer loop
      vertex 43.092 1.78201 2.2
      vertex 23.8063 9.13838 2.2
      vertex 43 1.73205 2.2
    endloop
  endfacet
  facet normal 0 0 1
    outer loop
      vertex 43 1.73205 2.2
      vertex 23.8063 9.13838 2.2
      vertex 42.9107 1.67734 2.2
    endloop
  endfacet
  facet normal -0 -0 1
    outer loop
      vertex 24.2519 7.87993 2.2
      vertex 42.9107 1.67734 2.2
      vertex 23.8063 9.13838 2.2
    endloop
  endfacet
  facet normal 0 0 1
    outer loop
      vertex 42.9107 1.67734 2.2
      vertex 24.2519 7.87993 2.2
      vertex 42.8244 1.61803 2.2
    endloop
  endfacet
  facet normal 0 0 1
    outer loop
      vertex 42.8244 1.61803 2.2
      vertex 24.2519 7.87993 2.2
      vertex 42.7414 1.55429 2.2
    endloop
  endfacet
  facet normal -0 -0 1
    outer loop
      vertex 24.6311 6.59988 2.2
      vertex 42.7414 1.55429 2.2
      vertex 24.2519 7.87993 2.2
    endloop
  endfacet
  facet normal 0 0 1
    outer loop
      vertex 42.7414 1.55429 2.2
      vertex 24.6311 6.59988 2.2
      vertex 42.6617 1.48629 2.2
    endloop
  endfacet
  facet normal 0 0 1
    outer loop
      vertex 42.6617 1.48629 2.2
      vertex 24.6311 6.59988 2.2
      vertex 42.5858 1.41421 2.2
    endloop
  endfacet
  facet normal 0 0 1
    outer loop
      vertex 42.5858 1.41421 2.2
      vertex 24.6311 6.59988 2.2
      vertex 42.5137 1.33826 2.2
    endloop
  endfacet
  facet normal -0 -0 1
    outer loop
      vertex 24.9428 5.30175 2.2
      vertex 42.5137 1.33826 2.2
      vertex 24.6311 6.59988 2.2
    endloop
  endfacet
  facet normal 0 0 1
    outer loop
      vertex 42.5137 1.33826 2.2
      vertex 24.9428 5.30175 2.2
      vertex 42.4457 1.25864 2.2
    endloop
  endfacet
  facet normal 0 0 1
    outer loop
      vertex 42.4457 1.25864 2.2
      vertex 24.9428 5.30175 2.2
      vertex 42.382 1.17557 2.2
    endloop
  endfacet
  facet normal 0 0 1
    outer loop
      vertex 42.382 1.17557 2.2
      vertex 24.9428 5.30175 2.2
      vertex 42.3227 1.08928 2.2
    endloop
  endfacet
  facet normal -0 -0 1
    outer loop
      vertex 25.1861 3.98908 2.2
      vertex 42.3227 1.08928 2.2
      vertex 24.9428 5.30175 2.2
    endloop
  endfacet
  facet normal 0 0 1
    outer loop
      vertex 19.8172 16.0477 2.2
      vertex 44.8543 88.0314 2.2
      vertex 40.1856 90.2583 2.2
    endloop
  endfacet
  facet normal -0 0 1
    outer loop
      vertex 45.4142 -1.41421 2.2
      vertex 93.9644 -30.5309 2.2
      vertex 45.4863 -1.33826 2.2
    endloop
  endfacet
  facet normal -0 0 1
    outer loop
      vertex 45.3383 -1.48629 2.2
      vertex 93.9644 -30.5309 2.2
      vertex 45.4142 -1.41421 2.2
    endloop
  endfacet
  facet normal 0 0 1
    outer loop
      vertex 93.9644 -30.5309 2.2
      vertex 45.3383 -1.48629 2.2
      vertex 92.2377 -35.4068 2.2
    endloop
  endfacet
  facet normal -0 0 1
    outer loop
      vertex 45.2586 -1.55429 2.2
      vertex 92.2377 -35.4068 2.2
      vertex 45.3383 -1.48629 2.2
    endloop
  endfacet
  facet normal -0 0 1
    outer loop
      vertex 45.1756 -1.61803 2.2
      vertex 92.2377 -35.4068 2.2
      vertex 45.2586 -1.55429 2.2
    endloop
  endfacet
  facet normal 0 0 1
    outer loop
      vertex 92.2377 -35.4068 2.2
      vertex 45.1756 -1.61803 2.2
      vertex 90.2583 -40.1856 2.2
    endloop
  endfacet
  facet normal -0 0 1
    outer loop
      vertex 45.0893 -1.67734 2.2
      vertex 90.2583 -40.1856 2.2
      vertex 45.1756 -1.61803 2.2
    endloop
  endfacet
  facet normal -0 0 1
    outer loop
      vertex 45 -1.73205 2.2
      vertex 90.2583 -40.1856 2.2
      vertex 45.0893 -1.67734 2.2
    endloop
  endfacet
  facet normal 0 0 1
    outer loop
      vertex 90.2583 -40.1856 2.2
      vertex 45 -1.73205 2.2
      vertex 88.0314 -44.8543 2.2
    endloop
  endfacet
  facet normal -0 0 1
    outer loop
      vertex 44.908 -1.78201 2.2
      vertex 88.0314 -44.8543 2.2
      vertex 45 -1.73205 2.2
    endloop
  endfacet
  facet normal -0 0 1
    outer loop
      vertex 44.8135 -1.82709 2.2
      vertex 88.0314 -44.8543 2.2
      vertex 44.908 -1.78201 2.2
    endloop
  endfacet
  facet normal 0 0 1
    outer loop
      vertex 88.0314 -44.8543 2.2
      vertex 44.8135 -1.82709 2.2
      vertex 85.5633 -49.4 2.2
    endloop
  endfacet
  facet normal -0 0 1
    outer loop
      vertex 44.7167 -1.86716 2.2
      vertex 85.5633 -49.4 2.2
      vertex 44.8135 -1.82709 2.2
    endloop
  endfacet
  facet normal -0 0 1
    outer loop
      vertex 44.618 -1.90211 2.2
      vertex 85.5633 -49.4 2.2
      vertex 44.7167 -1.86716 2.2
    endloop
  endfacet
  facet normal 0 0 1
    outer loop
      vertex 85.5633 -49.4 2.2
      vertex 44.618 -1.90211 2.2
      vertex 82.8606 -53.8103 2.2
    endloop
  endfacet
  facet normal -0 0 1
    outer loop
      vertex 44.5176 -1.93185 2.2
      vertex 82.8606 -53.8103 2.2
      vertex 44.618 -1.90211 2.2
    endloop
  endfacet
  facet normal 0 0 1
    outer loop
      vertex 82.8606 -53.8103 2.2
      vertex 44.5176 -1.93185 2.2
      vertex 79.9309 -58.0732 2.2
    endloop
  endfacet
  facet normal -0 0 1
    outer loop
      vertex 44.4158 -1.9563 2.2
      vertex 79.9309 -58.0732 2.2
      vertex 44.5176 -1.93185 2.2
    endloop
  endfacet
  facet normal -0 0 1
    outer loop
      vertex 44.3129 -1.97538 2.2
      vertex 79.9309 -58.0732 2.2
      vertex 44.4158 -1.9563 2.2
    endloop
  endfacet
  facet normal 0 0 1
    outer loop
      vertex 79.9309 -58.0732 2.2
      vertex 44.3129 -1.97538 2.2
      vertex 76.782 -62.1769 2.2
    endloop
  endfacet
  facet normal -0 0 1
    outer loop
      vertex 44.2091 -1.98904 2.2
      vertex 76.782 -62.1769 2.2
      vertex 44.3129 -1.97538 2.2
    endloop
  endfacet
  facet normal 0 0 1
    outer loop
      vertex 43.8953 -1.99726 2.2
      vertex 21.3861 -13.8883 2.2
      vertex 44 -2 2.2
    endloop
  endfacet
  facet normal 0 0 1
    outer loop
      vertex 21.3861 -13.8883 2.2
      vertex 43.8953 -1.99726 2.2
      vertex 22.0836 -12.75 2.2
    endloop
  endfacet
  facet normal 0 0 1
    outer loop
      vertex 43.6871 -1.97538 2.2
      vertex 22.0836 -12.75 2.2
      vertex 43.7909 -1.98904 2.2
    endloop
  endfacet
  facet normal 0 0 1
    outer loop
      vertex 22.0836 -12.75 2.2
      vertex 43.6871 -1.97538 2.2
      vertex 22.7207 -11.5768 2.2
    endloop
  endfacet
  facet normal 0 0 1
    outer loop
      vertex 43.5842 -1.9563 2.2
      vertex 22.7207 -11.5768 2.2
      vertex 43.6871 -1.97538 2.2
    endloop
  endfacet
  facet normal 0 0 1
    outer loop
      vertex 43.382 -1.90211 2.2
      vertex 23.2954 -10.3718 2.2
      vertex 43.4824 -1.93185 2.2
    endloop
  endfacet
  facet normal 0 0 1
    outer loop
      vertex 22.7207 -11.5768 2.2
      vertex 43.4824 -1.93185 2.2
      vertex 23.2954 -10.3718 2.2
    endloop
  endfacet
  facet normal 0 0 1
    outer loop
      vertex 43.2833 -1.86716 2.2
      vertex 23.2954 -10.3718 2.2
      vertex 43.382 -1.90211 2.2
    endloop
  endfacet
  facet normal 0 0 1
    outer loop
      vertex 43.1865 -1.82709 2.2
      vertex 23.2954 -10.3718 2.2
      vertex 43.2833 -1.86716 2.2
    endloop
  endfacet
  facet normal 0 0 1
    outer loop
      vertex 23.2954 -10.3718 2.2
      vertex 43.1865 -1.82709 2.2
      vertex 23.8063 -9.13838 2.2
    endloop
  endfacet
  facet normal 0 0 1
    outer loop
      vertex 43.092 -1.78201 2.2
      vertex 23.8063 -9.13838 2.2
      vertex 43.1865 -1.82709 2.2
    endloop
  endfacet
  facet normal 0 0 1
    outer loop
      vertex 43 -1.73205 2.2
      vertex 23.8063 -9.13838 2.2
      vertex 43.092 -1.78201 2.2
    endloop
  endfacet
  facet normal 0 0 1
    outer loop
      vertex 23.8063 -9.13838 2.2
      vertex 43 -1.73205 2.2
      vertex 24.2519 -7.87993 2.2
    endloop
  endfacet
  facet normal 0 0 1
    outer loop
      vertex 42.9107 -1.67734 2.2
      vertex 24.2519 -7.87993 2.2
      vertex 43 -1.73205 2.2
    endloop
  endfacet
  facet normal 0 0 1
    outer loop
      vertex 42.8244 -1.61803 2.2
      vertex 24.2519 -7.87993 2.2
      vertex 42.9107 -1.67734 2.2
    endloop
  endfacet
  facet normal 0 0 1
    outer loop
      vertex 43.4824 -1.93185 2.2
      vertex 22.7207 -11.5768 2.2
      vertex 43.5842 -1.9563 2.2
    endloop
  endfacet
  facet normal 0 0 1
    outer loop
      vertex 42.7414 -1.55429 2.2
      vertex 24.2519 -7.87993 2.2
      vertex 42.8244 -1.61803 2.2
    endloop
  endfacet
  facet normal 0 0 1
    outer loop
      vertex 24.2519 -7.87993 2.2
      vertex 42.7414 -1.55429 2.2
      vertex 24.6311 -6.59988 2.2
    endloop
  endfacet
  facet normal 0 0 1
    outer loop
      vertex 42.6617 -1.48629 2.2
      vertex 24.6311 -6.59988 2.2
      vertex 42.7414 -1.55429 2.2
    endloop
  endfacet
  facet normal 0 0 1
    outer loop
      vertex 42.5858 -1.41421 2.2
      vertex 24.6311 -6.59988 2.2
      vertex 42.6617 -1.48629 2.2
    endloop
  endfacet
  facet normal 0 0 1
    outer loop
      vertex 42.5137 -1.33826 2.2
      vertex 24.6311 -6.59988 2.2
      vertex 42.5858 -1.41421 2.2
    endloop
  endfacet
  facet normal 0 0 1
    outer loop
      vertex 24.6311 -6.59988 2.2
      vertex 42.5137 -1.33826 2.2
      vertex 24.9428 -5.30175 2.2
    endloop
  endfacet
  facet normal 0 0 1
    outer loop
      vertex 42.4457 -1.25864 2.2
      vertex 24.9428 -5.30175 2.2
      vertex 42.5137 -1.33826 2.2
    endloop
  endfacet
  facet normal 0 0 1
    outer loop
      vertex 42.382 -1.17557 2.2
      vertex 24.9428 -5.30175 2.2
      vertex 42.4457 -1.25864 2.2
    endloop
  endfacet
  facet normal 0 0 1
    outer loop
      vertex 42.3227 -1.08928 2.2
      vertex 24.9428 -5.30175 2.2
      vertex 42.382 -1.17557 2.2
    endloop
  endfacet
  facet normal 0 0 1
    outer loop
      vertex 24.9428 -5.30175 2.2
      vertex 42.3227 -1.08928 2.2
      vertex 25.1861 -3.98908 2.2
    endloop
  endfacet
  facet normal 0 0 1
    outer loop
      vertex 42.2679 -1 2.2
      vertex 25.1861 -3.98908 2.2
      vertex 42.3227 -1.08928 2.2
    endloop
  endfacet
  facet normal 0 0 1
    outer loop
      vertex 42.218 -0.907981 2.2
      vertex 25.1861 -3.98908 2.2
      vertex 42.2679 -1 2.2
    endloop
  endfacet
  facet normal 0 0 1
    outer loop
      vertex 42.1729 -0.813473 2.2
      vertex 25.1861 -3.98908 2.2
      vertex 42.218 -0.907981 2.2
    endloop
  endfacet
  facet normal 0 0 1
    outer loop
      vertex 25.1861 -3.98908 2.2
      vertex 42.1729 -0.813473 2.2
      vertex 25.3603 -2.66547 2.2
    endloop
  endfacet
  facet normal 0 0 1
    outer loop
      vertex 42.1328 -0.716736 2.2
      vertex 25.3603 -2.66547 2.2
      vertex 42.1729 -0.813473 2.2
    endloop
  endfacet
  facet normal 0 0 1
    outer loop
      vertex 42.0979 -0.618033 2.2
      vertex 25.3603 -2.66547 2.2
      vertex 42.1328 -0.716736 2.2
    endloop
  endfacet
  facet normal 0 0 1
    outer loop
      vertex 42.0681 -0.517637 2.2
      vertex 25.3603 -2.66547 2.2
      vertex 42.0979 -0.618033 2.2
    endloop
  endfacet
  facet normal 0 0 1
    outer loop
      vertex 25.3603 -2.66547 2.2
      vertex 42.0681 -0.517637 2.2
      vertex 25.4651 -1.33457 2.2
    endloop
  endfacet
  facet normal 0 0 1
    outer loop
      vertex 42.0437 -0.415823 2.2
      vertex 25.4651 -1.33457 2.2
      vertex 42.0681 -0.517637 2.2
    endloop
  endfacet
  facet normal 0 0 1
    outer loop
      vertex 42.0246 -0.312868 2.2
      vertex 25.4651 -1.33457 2.2
      vertex 42.0437 -0.415823 2.2
    endloop
  endfacet
  facet normal 0 0 1
    outer loop
      vertex 42.011 -0.209057 2.2
      vertex 25.4651 -1.33457 2.2
      vertex 42.0246 -0.312868 2.2
    endloop
  endfacet
  facet normal 0 0 1
    outer loop
      vertex 25.4651 -1.33457 2.2
      vertex 42.011 -0.209057 2.2
      vertex 25.5 0 2.2
    endloop
  endfacet
  facet normal 0 0 1
    outer loop
      vertex 25.5 0 2.2
      vertex 42.011 -0.209057 2.2
      vertex 42.0027 -0.104671 2.2
    endloop
  endfacet
  facet normal 0 0 1
    outer loop
      vertex 43.7909 -1.98904 2.2
      vertex 22.0836 -12.75 2.2
      vertex 43.8953 -1.99726 2.2
    endloop
  endfacet
  facet normal -0 0 1
    outer loop
      vertex 25.5 0 2.2
      vertex 42.0027 -0.104671 2.2
      vertex 42 0 2.2
    endloop
  endfacet
  facet normal 0 0 1
    outer loop
      vertex 42.3227 1.08928 2.2
      vertex 25.1861 3.98908 2.2
      vertex 42.2679 1 2.2
    endloop
  endfacet
  facet normal 0 0 1
    outer loop
      vertex 10.3718 23.2954 2.2
      vertex 40.1856 90.2583 2.2
      vertex 35.4068 92.2377 2.2
    endloop
  endfacet
  facet normal -0 0 1
    outer loop
      vertex 44 -2 2.2
      vertex 21.3861 -13.8883 2.2
      vertex 44.1047 -1.99726 2.2
    endloop
  endfacet
  facet normal 0 0 1
    outer loop
      vertex 9.13838 23.8063 2.2
      vertex 35.4068 92.2377 2.2
      vertex 30.5309 93.9644 2.2
    endloop
  endfacet
  facet normal 0 0 1
    outer loop
      vertex 20.6299 -14.9885 2.2
      vertex 44.1047 -1.99726 2.2
      vertex 21.3861 -13.8883 2.2
    endloop
  endfacet
  facet normal 0 0 1
    outer loop
      vertex 7.87993 24.2519 2.2
      vertex 30.5309 93.9644 2.2
      vertex 25.5713 95.4335 2.2
    endloop
  endfacet
  facet normal -0 0 1
    outer loop
      vertex 44.1047 -1.99726 2.2
      vertex 20.6299 -14.9885 2.2
      vertex 44.2091 -1.98904 2.2
    endloop
  endfacet
  facet normal 0 0 1
    outer loop
      vertex 19.8172 -16.0477 2.2
      vertex 44.2091 -1.98904 2.2
      vertex 20.6299 -14.9885 2.2
    endloop
  endfacet
  facet normal 0 0 1
    outer loop
      vertex 42.0027 0.104671 2.2
      vertex 25.5 0 2.2
      vertex 42 0 2.2
    endloop
  endfacet
  facet normal 0 -0 1
    outer loop
      vertex 25.5 0 2.2
      vertex 42.0027 0.104671 2.2
      vertex 25.4651 1.33457 2.2
    endloop
  endfacet
  facet normal 0 0 1
    outer loop
      vertex 42.011 0.209057 2.2
      vertex 25.4651 1.33457 2.2
      vertex 42.0027 0.104671 2.2
    endloop
  endfacet
  facet normal 0 0 1
    outer loop
      vertex 42.0246 0.312868 2.2
      vertex 25.4651 1.33457 2.2
      vertex 42.011 0.209057 2.2
    endloop
  endfacet
  facet normal 0 0 1
    outer loop
      vertex 42.0437 0.415823 2.2
      vertex 25.4651 1.33457 2.2
      vertex 42.0246 0.312868 2.2
    endloop
  endfacet
  facet normal 0 0 1
    outer loop
      vertex 42.0681 0.517637 2.2
      vertex 25.4651 1.33457 2.2
      vertex 42.0437 0.415823 2.2
    endloop
  endfacet
  facet normal -0 -0 1
    outer loop
      vertex 25.4651 1.33457 2.2
      vertex 42.0681 0.517637 2.2
      vertex 25.3603 2.66547 2.2
    endloop
  endfacet
  facet normal 0 0 1
    outer loop
      vertex 42.0979 0.618033 2.2
      vertex 25.3603 2.66547 2.2
      vertex 42.0681 0.517637 2.2
    endloop
  endfacet
  facet normal 0 0 1
    outer loop
      vertex 42.1328 0.716736 2.2
      vertex 25.3603 2.66547 2.2
      vertex 42.0979 0.618033 2.2
    endloop
  endfacet
  facet normal 0 0 1
    outer loop
      vertex 42.1729 0.813473 2.2
      vertex 25.3603 2.66547 2.2
      vertex 42.1328 0.716736 2.2
    endloop
  endfacet
  facet normal -0 -0 1
    outer loop
      vertex 25.3603 2.66547 2.2
      vertex 42.1729 0.813473 2.2
      vertex 25.1861 3.98908 2.2
    endloop
  endfacet
  facet normal 0 0 1
    outer loop
      vertex 42.218 0.907981 2.2
      vertex 25.1861 3.98908 2.2
      vertex 42.1729 0.813473 2.2
    endloop
  endfacet
  facet normal 0 0 1
    outer loop
      vertex 6.59988 24.6311 2.2
      vertex 25.5713 95.4335 2.2
      vertex 20.5417 96.641 2.2
    endloop
  endfacet
  facet normal 0 0 1
    outer loop
      vertex 42.2679 1 2.2
      vertex 25.1861 3.98908 2.2
      vertex 42.218 0.907981 2.2
    endloop
  endfacet
  facet normal 0 0 1
    outer loop
      vertex 40.1856 90.2583 2.2
      vertex 18.9502 17.0628 2.2
      vertex 19.8172 16.0477 2.2
    endloop
  endfacet
  facet normal 0 0 1
    outer loop
      vertex 40.1856 90.2583 2.2
      vertex 18.0312 18.0312 2.2
      vertex 18.9502 17.0628 2.2
    endloop
  endfacet
  facet normal 0 0 1
    outer loop
      vertex 40.1856 90.2583 2.2
      vertex 17.0628 18.9502 2.2
      vertex 18.0312 18.0312 2.2
    endloop
  endfacet
  facet normal 0 0 1
    outer loop
      vertex 40.1856 90.2583 2.2
      vertex 16.0477 19.8172 2.2
      vertex 17.0628 18.9502 2.2
    endloop
  endfacet
  facet normal 0 0 1
    outer loop
      vertex 5.30175 24.9428 2.2
      vertex 20.5417 96.641 2.2
      vertex 15.4557 97.5836 2.2
    endloop
  endfacet
  facet normal 0 0 1
    outer loop
      vertex 40.1856 90.2583 2.2
      vertex 14.9885 20.6299 2.2
      vertex 16.0477 19.8172 2.2
    endloop
  endfacet
  facet normal 0 0 1
    outer loop
      vertex 40.1856 90.2583 2.2
      vertex 13.8883 21.3861 2.2
      vertex 14.9885 20.6299 2.2
    endloop
  endfacet
  facet normal 0 0 1
    outer loop
      vertex 40.1856 90.2583 2.2
      vertex 12.75 22.0836 2.2
      vertex 13.8883 21.3861 2.2
    endloop
  endfacet
  facet normal 0 0 1
    outer loop
      vertex 40.1856 90.2583 2.2
      vertex 11.5768 22.7207 2.2
      vertex 12.75 22.0836 2.2
    endloop
  endfacet
  facet normal 0 0 1
    outer loop
      vertex 40.1856 90.2583 2.2
      vertex 10.3718 23.2954 2.2
      vertex 11.5768 22.7207 2.2
    endloop
  endfacet
  facet normal 0 0 1
    outer loop
      vertex 3.98908 25.1861 2.2
      vertex 15.4557 97.5836 2.2
      vertex 10.3274 98.2588 2.2
    endloop
  endfacet
  facet normal 0 0 1
    outer loop
      vertex 35.4068 92.2377 2.2
      vertex 9.13838 23.8063 2.2
      vertex 10.3718 23.2954 2.2
    endloop
  endfacet
  facet normal 0 0 1
    outer loop
      vertex 30.5309 93.9644 2.2
      vertex 7.87993 24.2519 2.2
      vertex 9.13838 23.8063 2.2
    endloop
  endfacet
  facet normal 0 0 1
    outer loop
      vertex 25.5713 95.4335 2.2
      vertex 6.59988 24.6311 2.2
      vertex 7.87993 24.2519 2.2
    endloop
  endfacet
  facet normal 0 0 1
    outer loop
      vertex 20.5417 96.641 2.2
      vertex 5.30175 24.9428 2.2
      vertex 6.59988 24.6311 2.2
    endloop
  endfacet
  facet normal 0 0 1
    outer loop
      vertex 2.66547 25.3603 2.2
      vertex 10.3274 98.2588 2.2
      vertex 5.17079 98.6646 2.2
    endloop
  endfacet
  facet normal 0 0 1
    outer loop
      vertex 15.4557 97.5836 2.2
      vertex 3.98908 25.1861 2.2
      vertex 5.30175 24.9428 2.2
    endloop
  endfacet
  facet normal 0 0 1
    outer loop
      vertex 10.3274 98.2588 2.2
      vertex 2.66547 25.3603 2.2
      vertex 3.98908 25.1861 2.2
    endloop
  endfacet
  facet normal 0 0 1
    outer loop
      vertex 5.17079 98.6646 2.2
      vertex 1.33457 25.4651 2.2
      vertex 2.66547 25.3603 2.2
    endloop
  endfacet
  facet normal 0 0 1
    outer loop
      vertex 0 98.8 2.2
      vertex 1.33457 25.4651 2.2
      vertex 5.17079 98.6646 2.2
    endloop
  endfacet
  facet normal 0 0 1
    outer loop
      vertex 0 98.8 2.2
      vertex 0 25.5 2.2
      vertex 1.33457 25.4651 2.2
    endloop
  endfacet
  facet normal 0 0 1
    outer loop
      vertex 0 98.8 2.2
      vertex -1.33457 25.4651 2.2
      vertex 0 25.5 2.2
    endloop
  endfacet
  facet normal -0 0 1
    outer loop
      vertex -5.17079 98.6646 2.2
      vertex -1.33457 25.4651 2.2
      vertex 0 98.8 2.2
    endloop
  endfacet
  facet normal 0 0 1
    outer loop
      vertex -1.33457 25.4651 2.2
      vertex -5.17079 98.6646 2.2
      vertex -2.66547 25.3603 2.2
    endloop
  endfacet
  facet normal -0 0 1
    outer loop
      vertex -10.3274 98.2588 2.2
      vertex -2.66547 25.3603 2.2
      vertex -5.17079 98.6646 2.2
    endloop
  endfacet
  facet normal 0 0 1
    outer loop
      vertex -2.66547 25.3603 2.2
      vertex -10.3274 98.2588 2.2
      vertex -3.98908 25.1861 2.2
    endloop
  endfacet
  facet normal -0 0 1
    outer loop
      vertex -15.4557 97.5836 2.2
      vertex -3.98908 25.1861 2.2
      vertex -10.3274 98.2588 2.2
    endloop
  endfacet
  facet normal 0 0 1
    outer loop
      vertex -3.98908 25.1861 2.2
      vertex -15.4557 97.5836 2.2
      vertex -5.30175 24.9428 2.2
    endloop
  endfacet
  facet normal -0 0 1
    outer loop
      vertex -20.5417 96.641 2.2
      vertex -5.30175 24.9428 2.2
      vertex -15.4557 97.5836 2.2
    endloop
  endfacet
  facet normal 0 0 1
    outer loop
      vertex -5.30175 24.9428 2.2
      vertex -20.5417 96.641 2.2
      vertex -6.59988 24.6311 2.2
    endloop
  endfacet
  facet normal -0 0 1
    outer loop
      vertex -25.5713 95.4335 2.2
      vertex -6.59988 24.6311 2.2
      vertex -20.5417 96.641 2.2
    endloop
  endfacet
  facet normal 0 0 1
    outer loop
      vertex -6.59988 24.6311 2.2
      vertex -25.5713 95.4335 2.2
      vertex -7.87993 24.2519 2.2
    endloop
  endfacet
  facet normal -0 0 1
    outer loop
      vertex -30.5309 93.9644 2.2
      vertex -7.87993 24.2519 2.2
      vertex -25.5713 95.4335 2.2
    endloop
  endfacet
  facet normal 0 0 1
    outer loop
      vertex -7.87993 24.2519 2.2
      vertex -30.5309 93.9644 2.2
      vertex -9.13838 23.8063 2.2
    endloop
  endfacet
  facet normal -0 0 1
    outer loop
      vertex -35.4068 92.2377 2.2
      vertex -9.13838 23.8063 2.2
      vertex -30.5309 93.9644 2.2
    endloop
  endfacet
  facet normal 0 0 1
    outer loop
      vertex -9.13838 23.8063 2.2
      vertex -35.4068 92.2377 2.2
      vertex -10.3718 23.2954 2.2
    endloop
  endfacet
  facet normal -0 0 1
    outer loop
      vertex -40.1856 90.2583 2.2
      vertex -10.3718 23.2954 2.2
      vertex -35.4068 92.2377 2.2
    endloop
  endfacet
  facet normal 0 0 1
    outer loop
      vertex -10.3718 23.2954 2.2
      vertex -40.1856 90.2583 2.2
      vertex -11.5768 22.7207 2.2
    endloop
  endfacet
  facet normal -0 0 1
    outer loop
      vertex -44.8543 88.0314 2.2
      vertex -11.5768 22.7207 2.2
      vertex -40.1856 90.2583 2.2
    endloop
  endfacet
  facet normal 0 0 1
    outer loop
      vertex -11.5768 22.7207 2.2
      vertex -44.8543 88.0314 2.2
      vertex -12.75 22.0836 2.2
    endloop
  endfacet
  facet normal -0 0 1
    outer loop
      vertex -49.4 85.5633 2.2
      vertex -12.75 22.0836 2.2
      vertex -44.8543 88.0314 2.2
    endloop
  endfacet
  facet normal 0 0 1
    outer loop
      vertex -12.75 22.0836 2.2
      vertex -49.4 85.5633 2.2
      vertex -13.8883 21.3861 2.2
    endloop
  endfacet
  facet normal -0 0 1
    outer loop
      vertex -53.8103 82.8606 2.2
      vertex -13.8883 21.3861 2.2
      vertex -49.4 85.5633 2.2
    endloop
  endfacet
  facet normal 0 0 1
    outer loop
      vertex -13.8883 21.3861 2.2
      vertex -53.8103 82.8606 2.2
      vertex -14.9885 20.6299 2.2
    endloop
  endfacet
  facet normal -0 0 1
    outer loop
      vertex -58.0732 79.9309 2.2
      vertex -14.9885 20.6299 2.2
      vertex -53.8103 82.8606 2.2
    endloop
  endfacet
  facet normal 0 0 1
    outer loop
      vertex -14.9885 20.6299 2.2
      vertex -58.0732 79.9309 2.2
      vertex -16.0477 19.8172 2.2
    endloop
  endfacet
  facet normal -0 0 1
    outer loop
      vertex -62.1769 76.782 2.2
      vertex -16.0477 19.8172 2.2
      vertex -58.0732 79.9309 2.2
    endloop
  endfacet
  facet normal 0 0 1
    outer loop
      vertex -16.0477 19.8172 2.2
      vertex -62.1769 76.782 2.2
      vertex -17.0628 18.9502 2.2
    endloop
  endfacet
  facet normal -0 0 1
    outer loop
      vertex -66.1101 73.4227 2.2
      vertex -17.0628 18.9502 2.2
      vertex -62.1769 76.782 2.2
    endloop
  endfacet
  facet normal 0 0 1
    outer loop
      vertex -19.8172 16.0477 2.2
      vertex -44 2 2.2
      vertex -20.6299 14.9885 2.2
    endloop
  endfacet
  facet normal 0 0 1
    outer loop
      vertex -20.6299 14.9885 2.2
      vertex -44 2 2.2
      vertex -21.3861 13.8883 2.2
    endloop
  endfacet
  facet normal 0 -0 1
    outer loop
      vertex -43.8953 1.99726 2.2
      vertex -21.3861 13.8883 2.2
      vertex -44 2 2.2
    endloop
  endfacet
  facet normal 0 0 1
    outer loop
      vertex -21.3861 13.8883 2.2
      vertex -43.8953 1.99726 2.2
      vertex -22.0836 12.75 2.2
    endloop
  endfacet
  facet normal 0 -0 1
    outer loop
      vertex -43.7909 1.98904 2.2
      vertex -22.0836 12.75 2.2
      vertex -43.8953 1.99726 2.2
    endloop
  endfacet
  facet normal 0 0 1
    outer loop
      vertex -22.0836 12.75 2.2
      vertex -43.6871 1.97538 2.2
      vertex -22.7207 11.5768 2.2
    endloop
  endfacet
  facet normal 0 -0 1
    outer loop
      vertex -43.6871 1.97538 2.2
      vertex -22.0836 12.75 2.2
      vertex -43.7909 1.98904 2.2
    endloop
  endfacet
  facet normal -0.513021 0.486824 0.706974
    outer loop
      vertex -70.7107 70.7107 1
      vertex -73.4227 66.1101 2.2
      vertex -69.8622 69.8622 2.2
    endloop
  endfacet
  facet normal -0.705034 0.0554927 0.706999
    outer loop
      vertex -99.4522 10.4528 1
      vertex -99.863 5.23359 1
      vertex -98.6646 5.17079 2.2
    endloop
  endfacet
  facet normal -0.653397 0.270645 0.706982
    outer loop
      vertex -91.3545 40.6737 1
      vertex -93.358 35.8368 1
      vertex -92.2377 35.4068 2.2
    endloop
  endfacet
  facet normal -0.701185 0.0923188 0.706977
    outer loop
      vertex -98.7688 15.6434 1
      vertex -99.4522 10.4528 1
      vertex -97.5836 15.4557 2.2
    endloop
  endfacet
  facet normal -0.236085 0.666663 0.706983
    outer loop
      vertex -30.5309 93.9644 2.2
      vertex -35.8368 93.358 1
      vertex -35.4068 92.2377 2.2
    endloop
  endfacet
  facet normal -0.68768 0.165101 0.706993
    outer loop
      vertex -96.5926 25.8819 1
      vertex -97.8148 20.7912 1
      vertex -96.641 20.5417 2.2
    endloop
  endfacet
  facet normal -0.678107 0.20086 0.706984
    outer loop
      vertex -95.1057 30.9017 1
      vertex -96.5926 25.8819 1
      vertex -95.4335 25.5713 2.2
    endloop
  endfacet
  facet normal 0.20086 0.678107 0.706984
    outer loop
      vertex 25.8819 96.5926 1
      vertex 25.5713 95.4335 2.2
      vertex 30.9017 95.1057 1
    endloop
  endfacet
  facet normal -0.582862 -0.400575 0.706973
    outer loop
      vertex -79.9309 -58.0732 2.2
      vertex -82.8606 -53.8103 2.2
      vertex -80.9017 -58.7785 1
    endloop
  endfacet
  facet normal -0.430542 0.56109 0.706973
    outer loop
      vertex -58.7785 80.9017 1
      vertex -62.1769 76.782 2.2
      vertex -58.0732 79.9309 2.2
    endloop
  endfacet
  facet normal 0.236085 0.666663 0.706983
    outer loop
      vertex 35.8368 93.358 1
      vertex 30.5309 93.9644 2.2
      vertex 35.4068 92.2377 2.2
    endloop
  endfacet
  facet normal -0.236086 -0.666652 0.706992
    outer loop
      vertex -30.5309 -93.9644 2.2
      vertex -35.8368 -93.358 1
      vertex -30.9017 -95.1057 1
    endloop
  endfacet
  facet normal -0.270645 -0.653397 0.706982
    outer loop
      vertex -35.4068 -92.2377 2.2
      vertex -40.6737 -91.3545 1
      vertex -35.8368 -93.358 1
    endloop
  endfacet
  facet normal 0.459317 -0.537786 0.706975
    outer loop
      vertex 66.1101 -73.4227 2.2
      vertex 62.1769 -76.782 2.2
      vertex 62.932 -77.7146 1
    endloop
  endfacet
  facet normal 0.430539 -0.561089 0.706976
    outer loop
      vertex 62.1769 -76.782 2.2
      vertex 58.7785 -80.9017 1
      vertex 62.932 -77.7146 1
    endloop
  endfacet
  facet normal -0.20086 -0.678107 0.706984
    outer loop
      vertex -25.5713 -95.4335 2.2
      vertex -30.9017 -95.1057 1
      vertex -25.8819 -96.5926 1
    endloop
  endfacet
  facet normal -0.1651 -0.687689 0.706984
    outer loop
      vertex -25.5713 -95.4335 2.2
      vertex -25.8819 -96.5926 1
      vertex -20.5417 -96.641 2.2
    endloop
  endfacet
  facet normal -0.983256 -0.182232 0
    outer loop
      vertex -36.1915 -7.69273 4.4
      vertex -36.5445 -5.78807 8.2
      vertex -36.5445 -5.78807 4.4
    endloop
  endfacet
  facet normal -0.983256 -0.182232 0
    outer loop
      vertex -36.5445 -5.78807 8.2
      vertex -36.1915 -7.69273 4.4
      vertex -36.1915 -7.69273 8.2
    endloop
  endfacet
  facet normal 0.688331 0.725396 -0
    outer loop
      vertex 26.163 26.163 2.2
      vertex 24.7578 27.4964 8.2
      vertex 26.163 26.163 8.2
    endloop
  endfacet
  facet normal 0.688331 0.725396 0
    outer loop
      vertex 24.7578 27.4964 8.2
      vertex 26.163 26.163 2.2
      vertex 24.7578 27.4964 2.2
    endloop
  endfacet
  facet normal -0.0261732 0.999657 0
    outer loop
      vertex 0 37 2.2
      vertex -1.93643 36.9493 8.2
      vertex 0 37 8.2
    endloop
  endfacet
  facet normal -0.0261732 0.999657 0
    outer loop
      vertex -1.93643 36.9493 8.2
      vertex 0 37 2.2
      vertex -1.93643 36.9493 2.2
    endloop
  endfacet
  facet normal -0.333797 -0.942645 0
    outer loop
      vertex -13.2596 -34.5425 2.2
      vertex -11.4336 -35.1891 8.2
      vertex -13.2596 -34.5425 8.2
    endloop
  endfacet
  facet normal -0.333797 -0.942645 -0
    outer loop
      vertex -11.4336 -35.1891 8.2
      vertex -13.2596 -34.5425 2.2
      vertex -11.4336 -35.1891 2.2
    endloop
  endfacet
  facet normal 0.0784681 0.996917 -0
    outer loop
      vertex 3.86755 36.7973 2.2
      vertex 1.93643 36.9493 8.2
      vertex 3.86755 36.7973 8.2
    endloop
  endfacet
  facet normal 0.0784681 0.996917 0
    outer loop
      vertex 1.93643 36.9493 8.2
      vertex 3.86755 36.7973 2.2
      vertex 1.93643 36.9493 2.2
    endloop
  endfacet
  facet normal 0.477148 -0.878823 0
    outer loop
      vertex 16.7976 -32.9672 2.2
      vertex 18.5 -32.0429 8.2
      vertex 16.7976 -32.9672 8.2
    endloop
  endfacet
  facet normal 0.477148 -0.878823 0
    outer loop
      vertex 18.5 -32.0429 8.2
      vertex 16.7976 -32.9672 2.2
      vertex 18.5 -32.0429 2.2
    endloop
  endfacet
  facet normal 0.430555 0.902564 -0
    outer loop
      vertex 16.7976 32.9672 2.2
      vertex 15.0493 33.8012 8.2
      vertex 16.7976 32.9672 8.2
    endloop
  endfacet
  facet normal 0.430555 0.902564 0
    outer loop
      vertex 15.0493 33.8012 8.2
      vertex 16.7976 32.9672 2.2
      vertex 15.0493 33.8012 2.2
    endloop
  endfacet
  facet normal 0.999657 -0.0261732 0
    outer loop
      vertex 36.9493 -1.93643 8.2
      vertex 37 0 4.4
      vertex 37 0 8.2
    endloop
  endfacet
  facet normal 0.999657 -0.0261732 0
    outer loop
      vertex 37 0 4.4
      vertex 36.9493 -1.93643 8.2
      vertex 36.9493 -1.93643 4.4
    endloop
  endfacet
  facet normal 0.477148 0.878823 -0
    outer loop
      vertex 18.5 32.0429 2.2
      vertex 16.7976 32.9672 8.2
      vertex 18.5 32.0429 8.2
    endloop
  endfacet
  facet normal 0.477148 0.878823 0
    outer loop
      vertex 16.7976 32.9672 8.2
      vertex 18.5 32.0429 2.2
      vertex 16.7976 32.9672 2.2
    endloop
  endfacet
  facet normal 0.923883 0.382675 0
    outer loop
      vertex 34.5425 13.2596 8.2
      vertex 33.8012 15.0493 2.2
      vertex 33.8012 15.0493 8.2
    endloop
  endfacet
  facet normal 0.923883 0.382675 0
    outer loop
      vertex 33.8012 15.0493 2.2
      vertex 34.5425 13.2596 8.2
      vertex 34.5425 13.2596 2.2
    endloop
  endfacet
  facet normal -0.972382 -0.233395 0
    outer loop
      vertex -35.9417 -8.73305 2.2
      vertex -35.7393 -9.5763 2.2
      vertex -35.9417 -8.73305 4.4
    endloop
  endfacet
  facet normal -0.972361 -0.233482 0
    outer loop
      vertex -35.9417 -8.73305 4.4
      vertex -36.1915 -7.69273 8.2
      vertex -36.1915 -7.69273 4.4
    endloop
  endfacet
  facet normal -0.972382 -0.233395 -0
    outer loop
      vertex -35.7393 -9.5763 8.2
      vertex -35.9417 -8.73305 4.4
      vertex -35.7393 -9.5763 2.2
    endloop
  endfacet
  facet normal -0.972371 -0.233443 -1.12869e-05
    outer loop
      vertex -35.9417 -8.73305 4.4
      vertex -35.7393 -9.5763 8.2
      vertex -36.1915 -7.69273 8.2
    endloop
  endfacet
  facet normal -0.649455 -0.7604 0
    outer loop
      vertex -24.7578 -27.4964 2.2
      vertex -23.2849 -28.7544 8.2
      vertex -24.7578 -27.4964 8.2
    endloop
  endfacet
  facet normal -0.649455 -0.7604 -0
    outer loop
      vertex -23.2849 -28.7544 8.2
      vertex -24.7578 -27.4964 2.2
      vertex -23.2849 -28.7544 2.2
    endloop
  endfacet
  facet normal -0.878823 -0.477148 0
    outer loop
      vertex -32.0429 -18.5 2.2
      vertex -32.9672 -16.7976 8.2
      vertex -32.9672 -16.7976 2.2
    endloop
  endfacet
  facet normal -0.878823 -0.477148 0
    outer loop
      vertex -32.9672 -16.7976 8.2
      vertex -32.0429 -18.5 2.2
      vertex -32.0429 -18.5 8.2
    endloop
  endfacet
  facet normal 0.972382 0.233395 0
    outer loop
      vertex 35.7393 9.5763 8.2
      vertex 35.9417 8.73305 4.4
      vertex 35.7393 9.5763 2.2
    endloop
  endfacet
  facet normal 0.972371 0.233443 -1.12869e-05
    outer loop
      vertex 36.1915 7.69273 8.2
      vertex 35.9417 8.73305 4.4
      vertex 35.7393 9.5763 8.2
    endloop
  endfacet
  facet normal 0.972361 0.233482 0
    outer loop
      vertex 35.9417 8.73305 4.4
      vertex 36.1915 7.69273 8.2
      vertex 36.1915 7.69273 4.4
    endloop
  endfacet
  facet normal 0.972382 0.233395 0
    outer loop
      vertex 35.7393 9.5763 2.2
      vertex 35.9417 8.73305 4.4
      vertex 35.9417 8.73305 2.2
    endloop
  endfacet
  facet normal 0.182232 -0.983256 0
    outer loop
      vertex 5.78807 -36.5445 2.2
      vertex 7.69273 -36.1915 8.2
      vertex 5.78807 -36.5445 8.2
    endloop
  endfacet
  facet normal 0.182232 -0.983256 0
    outer loop
      vertex 7.69273 -36.1915 8.2
      vertex 5.78807 -36.5445 2.2
      vertex 7.69273 -36.1915 2.2
    endloop
  endfacet
  facet normal -0.130505 0.991448 0
    outer loop
      vertex -3.86755 36.7973 2.2
      vertex -5.78807 36.5445 8.2
      vertex -3.86755 36.7973 8.2
    endloop
  endfacet
  facet normal -0.130505 0.991448 0
    outer loop
      vertex -5.78807 36.5445 8.2
      vertex -3.86755 36.7973 2.2
      vertex -5.78807 36.5445 2.2
    endloop
  endfacet
  facet normal 0.382675 0.923883 -0
    outer loop
      vertex 15.0493 33.8012 2.2
      vertex 13.2596 34.5425 8.2
      vertex 15.0493 33.8012 8.2
    endloop
  endfacet
  facet normal 0.382675 0.923883 0
    outer loop
      vertex 13.2596 34.5425 8.2
      vertex 15.0493 33.8012 2.2
      vertex 13.2596 34.5425 2.2
    endloop
  endfacet
  facet normal 0.430555 -0.902564 0
    outer loop
      vertex 15.0493 -33.8012 2.2
      vertex 16.7976 -32.9672 8.2
      vertex 15.0493 -33.8012 8.2
    endloop
  endfacet
  facet normal 0.430555 -0.902564 0
    outer loop
      vertex 16.7976 -32.9672 8.2
      vertex 15.0493 -33.8012 2.2
      vertex 16.7976 -32.9672 2.2
    endloop
  endfacet
  facet normal -0.902564 0.430555 0
    outer loop
      vertex -33.8012 15.0493 2.2
      vertex -32.9672 16.7976 8.2
      vertex -32.9672 16.7976 2.2
    endloop
  endfacet
  facet normal -0.902564 0.430555 0
    outer loop
      vertex -32.9672 16.7976 8.2
      vertex -33.8012 15.0493 2.2
      vertex -33.8012 15.0493 8.2
    endloop
  endfacet
  facet normal -0.284036 0.958814 0
    outer loop
      vertex -9.5763 35.7393 2.2
      vertex -11.4336 35.1891 8.2
      vertex -9.5763 35.7393 8.2
    endloop
  endfacet
  facet normal -0.284036 0.958814 0
    outer loop
      vertex -11.4336 35.1891 8.2
      vertex -9.5763 35.7393 2.2
      vertex -11.4336 35.1891 2.2
    endloop
  endfacet
  facet normal -0.902564 -0.430555 0
    outer loop
      vertex -32.9672 -16.7976 2.2
      vertex -33.8012 -15.0493 8.2
      vertex -33.8012 -15.0493 2.2
    endloop
  endfacet
  facet normal -0.902564 -0.430555 0
    outer loop
      vertex -33.8012 -15.0493 8.2
      vertex -32.9672 -16.7976 2.2
      vertex -32.9672 -16.7976 8.2
    endloop
  endfacet
  facet normal -0.130505 -0.991448 0
    outer loop
      vertex -5.78807 -36.5445 2.2
      vertex -3.86755 -36.7973 8.2
      vertex -5.78807 -36.5445 8.2
    endloop
  endfacet
  facet normal -0.130505 -0.991448 -0
    outer loop
      vertex -3.86755 -36.7973 8.2
      vertex -5.78807 -36.5445 2.2
      vertex -3.86755 -36.7973 2.2
    endloop
  endfacet
  facet normal -0.284036 -0.958814 0
    outer loop
      vertex -11.4336 -35.1891 2.2
      vertex -9.5763 -35.7393 8.2
      vertex -11.4336 -35.1891 8.2
    endloop
  endfacet
  facet normal -0.284036 -0.958814 -0
    outer loop
      vertex -9.5763 -35.7393 8.2
      vertex -11.4336 -35.1891 2.2
      vertex -9.5763 -35.7393 2.2
    endloop
  endfacet
  facet normal 0.130505 -0.991448 0
    outer loop
      vertex 3.86755 -36.7973 2.2
      vertex 5.78807 -36.5445 8.2
      vertex 3.86755 -36.7973 8.2
    endloop
  endfacet
  facet normal 0.130505 -0.991448 0
    outer loop
      vertex 5.78807 -36.5445 8.2
      vertex 3.86755 -36.7973 2.2
      vertex 5.78807 -36.5445 2.2
    endloop
  endfacet
  facet normal 0.902564 0.430555 0
    outer loop
      vertex 33.8012 15.0493 8.2
      vertex 32.9672 16.7976 2.2
      vertex 32.9672 16.7976 8.2
    endloop
  endfacet
  facet normal 0.902564 0.430555 0
    outer loop
      vertex 32.9672 16.7976 2.2
      vertex 33.8012 15.0493 8.2
      vertex 33.8012 15.0493 2.2
    endloop
  endfacet
  facet normal 0.0261732 -0.999657 0
    outer loop
      vertex 0 -37 2.2
      vertex 1.93643 -36.9493 8.2
      vertex 0 -37 8.2
    endloop
  endfacet
  facet normal 0.0261732 -0.999657 0
    outer loop
      vertex 1.93643 -36.9493 8.2
      vertex 0 -37 2.2
      vertex 1.93643 -36.9493 2.2
    endloop
  endfacet
  facet normal -0.991448 0.130505 0
    outer loop
      vertex -36.7973 3.86755 4.4
      vertex -36.5445 5.78807 8.2
      vertex -36.5445 5.78807 4.4
    endloop
  endfacet
  facet normal -0.991448 0.130505 0
    outer loop
      vertex -36.5445 5.78807 8.2
      vertex -36.7973 3.86755 4.4
      vertex -36.7973 3.86755 8.2
    endloop
  endfacet
  facet normal 0.233443 -0.972371 0
    outer loop
      vertex 7.69273 -36.1915 2.2
      vertex 9.5763 -35.7393 8.2
      vertex 7.69273 -36.1915 8.2
    endloop
  endfacet
  facet normal 0.233443 -0.972371 0
    outer loop
      vertex 9.5763 -35.7393 8.2
      vertex 7.69273 -36.1915 2.2
      vertex 9.5763 -35.7393 2.2
    endloop
  endfacet
  facet normal 0.688331 -0.725396 0
    outer loop
      vertex 24.7578 -27.4964 2.2
      vertex 26.163 -26.163 8.2
      vertex 24.7578 -27.4964 8.2
    endloop
  endfacet
  facet normal 0.688331 -0.725396 0
    outer loop
      vertex 26.163 -26.163 8.2
      vertex 24.7578 -27.4964 2.2
      vertex 26.163 -26.163 2.2
    endloop
  endfacet
  facet normal 0.852641 0.522498 0
    outer loop
      vertex 32.0429 18.5 8.2
      vertex 31.0308 20.1516 2.2
      vertex 31.0308 20.1516 8.2
    endloop
  endfacet
  facet normal 0.852641 0.522498 0
    outer loop
      vertex 31.0308 20.1516 2.2
      vertex 32.0429 18.5 8.2
      vertex 32.0429 18.5 2.2
    endloop
  endfacet
  facet normal -0.430555 0.902564 0
    outer loop
      vertex -15.0493 33.8012 2.2
      vertex -16.7976 32.9672 8.2
      vertex -15.0493 33.8012 8.2
    endloop
  endfacet
  facet normal -0.430555 0.902564 0
    outer loop
      vertex -16.7976 32.9672 8.2
      vertex -15.0493 33.8012 2.2
      vertex -16.7976 32.9672 2.2
    endloop
  endfacet
  facet normal -0.983256 0.182232 0
    outer loop
      vertex -36.5445 5.78807 4.4
      vertex -36.1915 7.69273 8.2
      vertex -36.1915 7.69273 4.4
    endloop
  endfacet
  facet normal -0.983256 0.182232 0
    outer loop
      vertex -36.1915 7.69273 8.2
      vertex -36.5445 5.78807 4.4
      vertex -36.5445 5.78807 8.2
    endloop
  endfacet
  facet normal 0.878823 -0.477148 0
    outer loop
      vertex 32.0429 -18.5 8.2
      vertex 32.9672 -16.7976 2.2
      vertex 32.9672 -16.7976 8.2
    endloop
  endfacet
  facet normal 0.878823 -0.477148 0
    outer loop
      vertex 32.9672 -16.7976 2.2
      vertex 32.0429 -18.5 8.2
      vertex 32.0429 -18.5 2.2
    endloop
  endfacet
  facet normal 0.999657 0.0261732 0
    outer loop
      vertex 37 0 8.2
      vertex 36.9493 1.93643 4.4
      vertex 36.9493 1.93643 8.2
    endloop
  endfacet
  facet normal 0.999657 0.0261732 0
    outer loop
      vertex 36.9493 1.93643 4.4
      vertex 37 0 8.2
      vertex 37 0 4.4
    endloop
  endfacet
  facet normal 0.522498 0.852641 -0
    outer loop
      vertex 20.1516 31.0308 2.2
      vertex 18.5 32.0429 8.2
      vertex 20.1516 31.0308 8.2
    endloop
  endfacet
  facet normal 0.522498 0.852641 0
    outer loop
      vertex 18.5 32.0429 8.2
      vertex 20.1516 31.0308 2.2
      vertex 18.5 32.0429 2.2
    endloop
  endfacet
  facet normal 0.991448 0.130505 0
    outer loop
      vertex 36.7973 3.86755 8.2
      vertex 36.5445 5.78807 4.4
      vertex 36.5445 5.78807 8.2
    endloop
  endfacet
  facet normal 0.991448 0.130505 0
    outer loop
      vertex 36.5445 5.78807 4.4
      vertex 36.7973 3.86755 8.2
      vertex 36.7973 3.86755 4.4
    endloop
  endfacet
  facet normal -0.0784681 0.996917 0
    outer loop
      vertex -1.93643 36.9493 2.2
      vertex -3.86755 36.7973 8.2
      vertex -1.93643 36.9493 8.2
    endloop
  endfacet
  facet normal -0.0784681 0.996917 0
    outer loop
      vertex -3.86755 36.7973 8.2
      vertex -1.93643 36.9493 2.2
      vertex -3.86755 36.7973 2.2
    endloop
  endfacet
  facet normal -0.972382 0.233395 0
    outer loop
      vertex -35.9417 8.73305 4.4
      vertex -35.7393 9.5763 2.2
      vertex -35.9417 8.73305 2.2
    endloop
  endfacet
  facet normal -0.972382 0.233395 0
    outer loop
      vertex -35.7393 9.5763 2.2
      vertex -35.9417 8.73305 4.4
      vertex -35.7393 9.5763 8.2
    endloop
  endfacet
  facet normal -0.972361 0.233482 0
    outer loop
      vertex -36.1915 7.69273 8.2
      vertex -35.9417 8.73305 4.4
      vertex -36.1915 7.69273 4.4
    endloop
  endfacet
  facet normal -0.972371 0.233443 -1.12869e-05
    outer loop
      vertex -35.9417 8.73305 4.4
      vertex -36.1915 7.69273 8.2
      vertex -35.7393 9.5763 8.2
    endloop
  endfacet
  facet normal -0.79336 0.608752 0
    outer loop
      vertex -29.9336 21.7481 2.2
      vertex -28.7544 23.2849 8.2
      vertex -28.7544 23.2849 2.2
    endloop
  endfacet
  facet normal -0.79336 0.608752 0
    outer loop
      vertex -28.7544 23.2849 8.2
      vertex -29.9336 21.7481 2.2
      vertex -29.9336 21.7481 8.2
    endloop
  endfacet
  facet normal -0.0261732 -0.999657 0
    outer loop
      vertex -1.93643 -36.9493 2.2
      vertex 0 -37 8.2
      vertex -1.93643 -36.9493 8.2
    endloop
  endfacet
  facet normal -0.0261732 -0.999657 -0
    outer loop
      vertex 0 -37 8.2
      vertex -1.93643 -36.9493 2.2
      vertex 0 -37 2.2
    endloop
  endfacet
  facet normal 0.79336 0.608752 0
    outer loop
      vertex 29.9336 21.7481 8.2
      vertex 28.7544 23.2849 2.2
      vertex 28.7544 23.2849 8.2
    endloop
  endfacet
  facet normal 0.79336 0.608752 0
    outer loop
      vertex 28.7544 23.2849 2.2
      vertex 29.9336 21.7481 8.2
      vertex 29.9336 21.7481 2.2
    endloop
  endfacet
  facet normal 0.996917 0.0784681 0
    outer loop
      vertex 36.9493 1.93643 8.2
      vertex 36.7973 3.86755 4.4
      vertex 36.7973 3.86755 8.2
    endloop
  endfacet
  facet normal 0.996917 0.0784681 0
    outer loop
      vertex 36.7973 3.86755 4.4
      vertex 36.9493 1.93643 8.2
      vertex 36.9493 1.93643 4.4
    endloop
  endfacet
  facet normal -0.382675 -0.923883 0
    outer loop
      vertex -15.0493 -33.8012 2.2
      vertex -13.2596 -34.5425 8.2
      vertex -15.0493 -33.8012 8.2
    endloop
  endfacet
  facet normal -0.382675 -0.923883 -0
    outer loop
      vertex -13.2596 -34.5425 8.2
      vertex -15.0493 -33.8012 2.2
      vertex -13.2596 -34.5425 2.2
    endloop
  endfacet
  facet normal 0.649455 0.7604 -0
    outer loop
      vertex 24.7578 27.4964 2.2
      vertex 23.2849 28.7544 8.2
      vertex 24.7578 27.4964 8.2
    endloop
  endfacet
  facet normal 0.649455 0.7604 0
    outer loop
      vertex 23.2849 28.7544 8.2
      vertex 24.7578 27.4964 2.2
      vertex 23.2849 28.7544 2.2
    endloop
  endfacet
  facet normal -0.382675 0.923883 0
    outer loop
      vertex -13.2596 34.5425 2.2
      vertex -15.0493 33.8012 8.2
      vertex -13.2596 34.5425 8.2
    endloop
  endfacet
  facet normal -0.382675 0.923883 0
    outer loop
      vertex -15.0493 33.8012 8.2
      vertex -13.2596 34.5425 2.2
      vertex -15.0493 33.8012 2.2
    endloop
  endfacet
  facet normal -0.688331 0.725396 0
    outer loop
      vertex -24.7578 27.4964 2.2
      vertex -26.163 26.163 8.2
      vertex -24.7578 27.4964 8.2
    endloop
  endfacet
  facet normal -0.688331 0.725396 0
    outer loop
      vertex -26.163 26.163 8.2
      vertex -24.7578 27.4964 2.2
      vertex -26.163 26.163 2.2
    endloop
  endfacet
  facet normal 0.942645 -0.333797 0
    outer loop
      vertex 34.5425 -13.2596 8.2
      vertex 35.1891 -11.4336 2.2
      vertex 35.1891 -11.4336 8.2
    endloop
  endfacet
  facet normal 0.942645 -0.333797 0
    outer loop
      vertex 35.1891 -11.4336 2.2
      vertex 34.5425 -13.2596 8.2
      vertex 34.5425 -13.2596 2.2
    endloop
  endfacet
  facet normal -0.233443 -0.972371 0
    outer loop
      vertex -9.5763 -35.7393 2.2
      vertex -7.69273 -36.1915 8.2
      vertex -9.5763 -35.7393 8.2
    endloop
  endfacet
  facet normal -0.233443 -0.972371 -0
    outer loop
      vertex -7.69273 -36.1915 8.2
      vertex -9.5763 -35.7393 2.2
      vertex -7.69273 -36.1915 2.2
    endloop
  endfacet
  facet normal 0.878823 0.477148 0
    outer loop
      vertex 32.9672 16.7976 8.2
      vertex 32.0429 18.5 2.2
      vertex 32.0429 18.5 8.2
    endloop
  endfacet
  facet normal 0.878823 0.477148 0
    outer loop
      vertex 32.0429 18.5 2.2
      vertex 32.9672 16.7976 8.2
      vertex 32.9672 16.7976 2.2
    endloop
  endfacet
  facet normal 0.996917 -0.0784681 0
    outer loop
      vertex 36.7973 -3.86755 8.2
      vertex 36.9493 -1.93643 4.4
      vertex 36.9493 -1.93643 8.2
    endloop
  endfacet
  facet normal 0.996917 -0.0784681 0
    outer loop
      vertex 36.9493 -1.93643 4.4
      vertex 36.7973 -3.86755 8.2
      vertex 36.7973 -3.86755 4.4
    endloop
  endfacet
  facet normal 0.958814 0.284036 0
    outer loop
      vertex 35.7393 9.5763 8.2
      vertex 35.1891 11.4336 2.2
      vertex 35.1891 11.4336 8.2
    endloop
  endfacet
  facet normal 0.958814 0.284036 0
    outer loop
      vertex 35.1891 11.4336 2.2
      vertex 35.7393 9.5763 8.2
      vertex 35.7393 9.5763 2.2
    endloop
  endfacet
  facet normal -0.991448 -0.130505 0
    outer loop
      vertex -36.5445 -5.78807 4.4
      vertex -36.7973 -3.86755 8.2
      vertex -36.7973 -3.86755 4.4
    endloop
  endfacet
  facet normal -0.991448 -0.130505 0
    outer loop
      vertex -36.7973 -3.86755 8.2
      vertex -36.5445 -5.78807 4.4
      vertex -36.5445 -5.78807 8.2
    endloop
  endfacet
  facet normal 0.7604 -0.649455 0
    outer loop
      vertex 27.4964 -24.7578 8.2
      vertex 28.7544 -23.2849 2.2
      vertex 28.7544 -23.2849 8.2
    endloop
  endfacet
  facet normal 0.7604 -0.649455 0
    outer loop
      vertex 28.7544 -23.2849 2.2
      vertex 27.4964 -24.7578 8.2
      vertex 27.4964 -24.7578 2.2
    endloop
  endfacet
  facet normal -0.942645 0.333797 0
    outer loop
      vertex -35.1891 11.4336 2.2
      vertex -34.5425 13.2596 8.2
      vertex -34.5425 13.2596 2.2
    endloop
  endfacet
  facet normal -0.942645 0.333797 0
    outer loop
      vertex -34.5425 13.2596 8.2
      vertex -35.1891 11.4336 2.2
      vertex -35.1891 11.4336 8.2
    endloop
  endfacet
  facet normal -0.7604 -0.649455 0
    outer loop
      vertex -27.4964 -24.7578 2.2
      vertex -28.7544 -23.2849 8.2
      vertex -28.7544 -23.2849 2.2
    endloop
  endfacet
  facet normal -0.7604 -0.649455 0
    outer loop
      vertex -28.7544 -23.2849 8.2
      vertex -27.4964 -24.7578 2.2
      vertex -27.4964 -24.7578 8.2
    endloop
  endfacet
  facet normal 0.284036 0.958814 -0
    outer loop
      vertex 11.4336 35.1891 2.2
      vertex 9.5763 35.7393 8.2
      vertex 11.4336 35.1891 8.2
    endloop
  endfacet
  facet normal 0.284036 0.958814 0
    outer loop
      vertex 9.5763 35.7393 8.2
      vertex 11.4336 35.1891 2.2
      vertex 9.5763 35.7393 2.2
    endloop
  endfacet
  facet normal -0.182232 0.983256 0
    outer loop
      vertex -5.78807 36.5445 2.2
      vertex -7.69273 36.1915 8.2
      vertex -5.78807 36.5445 8.2
    endloop
  endfacet
  facet normal -0.182232 0.983256 0
    outer loop
      vertex -7.69273 36.1915 8.2
      vertex -5.78807 36.5445 2.2
      vertex -7.69273 36.1915 2.2
    endloop
  endfacet
  facet normal 0.333797 0.942645 -0
    outer loop
      vertex 13.2596 34.5425 2.2
      vertex 11.4336 35.1891 8.2
      vertex 13.2596 34.5425 8.2
    endloop
  endfacet
  facet normal 0.333797 0.942645 0
    outer loop
      vertex 11.4336 35.1891 8.2
      vertex 13.2596 34.5425 2.2
      vertex 11.4336 35.1891 2.2
    endloop
  endfacet
  facet normal 0.991448 -0.130505 0
    outer loop
      vertex 36.5445 -5.78807 8.2
      vertex 36.7973 -3.86755 4.4
      vertex 36.7973 -3.86755 8.2
    endloop
  endfacet
  facet normal 0.991448 -0.130505 0
    outer loop
      vertex 36.7973 -3.86755 4.4
      vertex 36.5445 -5.78807 8.2
      vertex 36.5445 -5.78807 4.4
    endloop
  endfacet
  facet normal -0.233443 0.972371 0
    outer loop
      vertex -7.69273 36.1915 2.2
      vertex -9.5763 35.7393 8.2
      vertex -7.69273 36.1915 8.2
    endloop
  endfacet
  facet normal -0.233443 0.972371 0
    outer loop
      vertex -9.5763 35.7393 8.2
      vertex -7.69273 36.1915 2.2
      vertex -9.5763 35.7393 2.2
    endloop
  endfacet
  facet normal 0.382675 -0.923883 0
    outer loop
      vertex 13.2596 -34.5425 2.2
      vertex 15.0493 -33.8012 8.2
      vertex 13.2596 -34.5425 8.2
    endloop
  endfacet
  facet normal 0.382675 -0.923883 0
    outer loop
      vertex 15.0493 -33.8012 8.2
      vertex 13.2596 -34.5425 2.2
      vertex 15.0493 -33.8012 2.2
    endloop
  endfacet
  facet normal -0.430555 -0.902564 0
    outer loop
      vertex -16.7976 -32.9672 2.2
      vertex -15.0493 -33.8012 8.2
      vertex -16.7976 -32.9672 8.2
    endloop
  endfacet
  facet normal -0.430555 -0.902564 -0
    outer loop
      vertex -15.0493 -33.8012 8.2
      vertex -16.7976 -32.9672 2.2
      vertex -15.0493 -33.8012 2.2
    endloop
  endfacet
  facet normal 0.566391 0.824137 -0
    outer loop
      vertex 21.7481 29.9336 2.2
      vertex 20.1516 31.0308 8.2
      vertex 21.7481 29.9336 8.2
    endloop
  endfacet
  facet normal 0.566391 0.824137 0
    outer loop
      vertex 20.1516 31.0308 8.2
      vertex 21.7481 29.9336 2.2
      vertex 20.1516 31.0308 2.2
    endloop
  endfacet
  facet normal -0.824137 -0.566391 0
    outer loop
      vertex -29.9336 -21.7481 2.2
      vertex -31.0308 -20.1516 8.2
      vertex -31.0308 -20.1516 2.2
    endloop
  endfacet
  facet normal -0.824137 -0.566391 0
    outer loop
      vertex -31.0308 -20.1516 8.2
      vertex -29.9336 -21.7481 2.2
      vertex -29.9336 -21.7481 8.2
    endloop
  endfacet
  facet normal 0.983256 0.182232 0
    outer loop
      vertex 36.5445 5.78807 8.2
      vertex 36.1915 7.69273 4.4
      vertex 36.1915 7.69273 8.2
    endloop
  endfacet
  facet normal 0.983256 0.182232 0
    outer loop
      vertex 36.1915 7.69273 4.4
      vertex 36.5445 5.78807 8.2
      vertex 36.5445 5.78807 4.4
    endloop
  endfacet
  facet normal 0.725396 0.688331 0
    outer loop
      vertex 27.4964 24.7578 8.2
      vertex 26.163 26.163 2.2
      vertex 26.163 26.163 8.2
    endloop
  endfacet
  facet normal 0.725396 0.688331 0
    outer loop
      vertex 26.163 26.163 2.2
      vertex 27.4964 24.7578 8.2
      vertex 27.4964 24.7578 2.2
    endloop
  endfacet
  facet normal -0.333797 0.942645 0
    outer loop
      vertex -11.4336 35.1891 2.2
      vertex -13.2596 34.5425 8.2
      vertex -11.4336 35.1891 8.2
    endloop
  endfacet
  facet normal -0.333797 0.942645 0
    outer loop
      vertex -13.2596 34.5425 8.2
      vertex -11.4336 35.1891 2.2
      vertex -13.2596 34.5425 2.2
    endloop
  endfacet
  facet normal 0.923883 -0.382675 0
    outer loop
      vertex 33.8012 -15.0493 8.2
      vertex 34.5425 -13.2596 2.2
      vertex 34.5425 -13.2596 8.2
    endloop
  endfacet
  facet normal 0.923883 -0.382675 0
    outer loop
      vertex 34.5425 -13.2596 2.2
      vertex 33.8012 -15.0493 8.2
      vertex 33.8012 -15.0493 2.2
    endloop
  endfacet
  facet normal -0.649455 0.7604 0
    outer loop
      vertex -23.2849 28.7544 2.2
      vertex -24.7578 27.4964 8.2
      vertex -23.2849 28.7544 8.2
    endloop
  endfacet
  facet normal -0.649455 0.7604 0
    outer loop
      vertex -24.7578 27.4964 8.2
      vertex -23.2849 28.7544 2.2
      vertex -24.7578 27.4964 2.2
    endloop
  endfacet
  facet normal -0.522498 0.852641 0
    outer loop
      vertex -18.5 32.0429 2.2
      vertex -20.1516 31.0308 8.2
      vertex -18.5 32.0429 8.2
    endloop
  endfacet
  facet normal -0.522498 0.852641 0
    outer loop
      vertex -20.1516 31.0308 8.2
      vertex -18.5 32.0429 2.2
      vertex -20.1516 31.0308 2.2
    endloop
  endfacet
  facet normal 0.0784681 -0.996917 0
    outer loop
      vertex 1.93643 -36.9493 2.2
      vertex 3.86755 -36.7973 8.2
      vertex 1.93643 -36.9493 8.2
    endloop
  endfacet
  facet normal 0.0784681 -0.996917 0
    outer loop
      vertex 3.86755 -36.7973 8.2
      vertex 1.93643 -36.9493 2.2
      vertex 3.86755 -36.7973 2.2
    endloop
  endfacet
  facet normal 0.983256 -0.182232 0
    outer loop
      vertex 36.1915 -7.69273 8.2
      vertex 36.5445 -5.78807 4.4
      vertex 36.5445 -5.78807 8.2
    endloop
  endfacet
  facet normal 0.983256 -0.182232 0
    outer loop
      vertex 36.5445 -5.78807 4.4
      vertex 36.1915 -7.69273 8.2
      vertex 36.1915 -7.69273 4.4
    endloop
  endfacet
  facet normal 0.972361 -0.233482 0
    outer loop
      vertex 36.1915 -7.69273 8.2
      vertex 35.9417 -8.73305 4.4
      vertex 36.1915 -7.69273 4.4
    endloop
  endfacet
  facet normal 0.972371 -0.233443 -1.12869e-05
    outer loop
      vertex 35.7393 -9.5763 8.2
      vertex 35.9417 -8.73305 4.4
      vertex 36.1915 -7.69273 8.2
    endloop
  endfacet
  facet normal 0.972382 -0.233395 0
    outer loop
      vertex 35.7393 -9.5763 2.2
      vertex 35.9417 -8.73305 4.4
      vertex 35.7393 -9.5763 8.2
    endloop
  endfacet
  facet normal 0.972382 -0.233395 0
    outer loop
      vertex 35.9417 -8.73305 4.4
      vertex 35.7393 -9.5763 2.2
      vertex 35.9417 -8.73305 2.2
    endloop
  endfacet
  facet normal 0.958814 -0.284036 0
    outer loop
      vertex 35.1891 -11.4336 8.2
      vertex 35.7393 -9.5763 2.2
      vertex 35.7393 -9.5763 8.2
    endloop
  endfacet
  facet normal 0.958814 -0.284036 0
    outer loop
      vertex 35.7393 -9.5763 2.2
      vertex 35.1891 -11.4336 8.2
      vertex 35.1891 -11.4336 2.2
    endloop
  endfacet
  facet normal -0.996917 0.0784681 0
    outer loop
      vertex -36.9493 1.93643 4.4
      vertex -36.7973 3.86755 8.2
      vertex -36.7973 3.86755 4.4
    endloop
  endfacet
  facet normal -0.996917 0.0784681 0
    outer loop
      vertex -36.7973 3.86755 8.2
      vertex -36.9493 1.93643 4.4
      vertex -36.9493 1.93643 8.2
    endloop
  endfacet
  facet normal -0.522498 -0.852641 0
    outer loop
      vertex -20.1516 -31.0308 2.2
      vertex -18.5 -32.0429 8.2
      vertex -20.1516 -31.0308 8.2
    endloop
  endfacet
  facet normal -0.522498 -0.852641 -0
    outer loop
      vertex -18.5 -32.0429 8.2
      vertex -20.1516 -31.0308 2.2
      vertex -18.5 -32.0429 2.2
    endloop
  endfacet
  facet normal 0.0261732 0.999657 -0
    outer loop
      vertex 1.93643 36.9493 2.2
      vertex 0 37 8.2
      vertex 1.93643 36.9493 8.2
    endloop
  endfacet
  facet normal 0.0261732 0.999657 0
    outer loop
      vertex 0 37 8.2
      vertex 1.93643 36.9493 2.2
      vertex 0 37 2.2
    endloop
  endfacet
  facet normal 0.942645 0.333797 0
    outer loop
      vertex 35.1891 11.4336 8.2
      vertex 34.5425 13.2596 2.2
      vertex 34.5425 13.2596 8.2
    endloop
  endfacet
  facet normal 0.942645 0.333797 0
    outer loop
      vertex 34.5425 13.2596 2.2
      vertex 35.1891 11.4336 8.2
      vertex 35.1891 11.4336 2.2
    endloop
  endfacet
  facet normal 0.7604 0.649455 0
    outer loop
      vertex 28.7544 23.2849 8.2
      vertex 27.4964 24.7578 2.2
      vertex 27.4964 24.7578 8.2
    endloop
  endfacet
  facet normal 0.7604 0.649455 0
    outer loop
      vertex 27.4964 24.7578 2.2
      vertex 28.7544 23.2849 8.2
      vertex 28.7544 23.2849 2.2
    endloop
  endfacet
  facet normal 0.608752 0.79336 -0
    outer loop
      vertex 23.2849 28.7544 2.2
      vertex 21.7481 29.9336 8.2
      vertex 23.2849 28.7544 8.2
    endloop
  endfacet
  facet normal 0.608752 0.79336 0
    outer loop
      vertex 21.7481 29.9336 8.2
      vertex 23.2849 28.7544 2.2
      vertex 21.7481 29.9336 2.2
    endloop
  endfacet
  facet normal 0 0 -1
    outer loop
      vertex -42.0437 0.415823 2.2
      vertex -35.9417 8.73305 2.2
      vertex -42.0246 0.312868 2.2
    endloop
  endfacet
  facet normal 0 0 -1
    outer loop
      vertex -42.0681 0.517637 2.2
      vertex -35.9417 8.73305 2.2
      vertex -42.0437 0.415823 2.2
    endloop
  endfacet
  facet normal 0 0 -1
    outer loop
      vertex -42.0979 0.618033 2.2
      vertex -35.9417 8.73305 2.2
      vertex -42.0681 0.517637 2.2
    endloop
  endfacet
  facet normal 0 0 -1
    outer loop
      vertex -42.1328 0.716736 2.2
      vertex -35.9417 8.73305 2.2
      vertex -42.0979 0.618033 2.2
    endloop
  endfacet
  facet normal 0 0 -1
    outer loop
      vertex -42.1729 0.813473 2.2
      vertex -35.9417 8.73305 2.2
      vertex -42.1328 0.716736 2.2
    endloop
  endfacet
  facet normal 0 0 -1
    outer loop
      vertex -42.218 0.907981 2.2
      vertex -35.9417 8.73305 2.2
      vertex -42.1729 0.813473 2.2
    endloop
  endfacet
  facet normal -0 0 -1
    outer loop
      vertex -35.9417 8.73305 2.2
      vertex -42.218 0.907981 2.2
      vertex -36.5921 8.88919 2.2
    endloop
  endfacet
  facet normal 0 0 -1
    outer loop
      vertex -42.2679 1 2.2
      vertex -36.5921 8.88919 2.2
      vertex -42.218 0.907981 2.2
    endloop
  endfacet
  facet normal -0 0 -1
    outer loop
      vertex -36.5921 8.88919 2.2
      vertex -42.2679 1 2.2
      vertex -38 9 2.2
    endloop
  endfacet
  facet normal 0 0 -1
    outer loop
      vertex -42.3227 1.08928 2.2
      vertex -38 9 2.2
      vertex -42.2679 1 2.2
    endloop
  endfacet
  facet normal 0 0 -1
    outer loop
      vertex -42.382 1.17557 2.2
      vertex -38 9 2.2
      vertex -42.3227 1.08928 2.2
    endloop
  endfacet
  facet normal 0 0 -1
    outer loop
      vertex -38 9 2.2
      vertex -42.382 1.17557 2.2
      vertex -39.4079 8.88919 2.2
    endloop
  endfacet
  facet normal 0 0 -1
    outer loop
      vertex -42.4457 1.25864 2.2
      vertex -39.4079 8.88919 2.2
      vertex -42.382 1.17557 2.2
    endloop
  endfacet
  facet normal 0 0 -1
    outer loop
      vertex -42.5137 1.33826 2.2
      vertex -39.4079 8.88919 2.2
      vertex -42.4457 1.25864 2.2
    endloop
  endfacet
  facet normal 0 0 -1
    outer loop
      vertex -42.5858 1.41421 2.2
      vertex -39.4079 8.88919 2.2
      vertex -42.5137 1.33826 2.2
    endloop
  endfacet
  facet normal 0 0 -1
    outer loop
      vertex -42.6617 1.48629 2.2
      vertex -39.4079 8.88919 2.2
      vertex -42.5858 1.41421 2.2
    endloop
  endfacet
  facet normal 0 0 -1
    outer loop
      vertex -42.7414 1.55429 2.2
      vertex -39.4079 8.88919 2.2
      vertex -42.6617 1.48629 2.2
    endloop
  endfacet
  facet normal 0 0 -1
    outer loop
      vertex -42.8244 1.61803 2.2
      vertex -39.4079 8.88919 2.2
      vertex -42.7414 1.55429 2.2
    endloop
  endfacet
  facet normal 0 0 -1
    outer loop
      vertex -42.9107 1.67734 2.2
      vertex -39.4079 8.88919 2.2
      vertex -42.8244 1.61803 2.2
    endloop
  endfacet
  facet normal 0 0 -1
    outer loop
      vertex -43 1.73205 2.2
      vertex -39.4079 8.88919 2.2
      vertex -42.9107 1.67734 2.2
    endloop
  endfacet
  facet normal 0 0 -1
    outer loop
      vertex -43.092 1.78201 2.2
      vertex -39.4079 8.88919 2.2
      vertex -43 1.73205 2.2
    endloop
  endfacet
  facet normal 0 0 -1
    outer loop
      vertex -43.1865 1.82709 2.2
      vertex -39.4079 8.88919 2.2
      vertex -43.092 1.78201 2.2
    endloop
  endfacet
  facet normal 0 0 -1
    outer loop
      vertex -43.2833 1.86716 2.2
      vertex -39.4079 8.88919 2.2
      vertex -43.1865 1.82709 2.2
    endloop
  endfacet
  facet normal 0 0 -1
    outer loop
      vertex -43.382 1.90211 2.2
      vertex -39.4079 8.88919 2.2
      vertex -43.2833 1.86716 2.2
    endloop
  endfacet
  facet normal 0 0 -1
    outer loop
      vertex -43.4824 1.93185 2.2
      vertex -39.4079 8.88919 2.2
      vertex -43.382 1.90211 2.2
    endloop
  endfacet
  facet normal 0 0 -1
    outer loop
      vertex -43.5842 1.9563 2.2
      vertex -39.4079 8.88919 2.2
      vertex -43.4824 1.93185 2.2
    endloop
  endfacet
  facet normal 0 0 -1
    outer loop
      vertex -43.6871 1.97538 2.2
      vertex -39.4079 8.88919 2.2
      vertex -43.5842 1.9563 2.2
    endloop
  endfacet
  facet normal 0 0 -1
    outer loop
      vertex -43.7909 1.98904 2.2
      vertex -39.4079 8.88919 2.2
      vertex -43.6871 1.97538 2.2
    endloop
  endfacet
  facet normal 0 0 -1
    outer loop
      vertex -43.8953 1.99726 2.2
      vertex -39.4079 8.88919 2.2
      vertex -43.7909 1.98904 2.2
    endloop
  endfacet
  facet normal 0 0 -1
    outer loop
      vertex -44 2 2.2
      vertex -39.4079 8.88919 2.2
      vertex -43.8953 1.99726 2.2
    endloop
  endfacet
  facet normal 0 0 -1
    outer loop
      vertex -44.1047 1.99726 2.2
      vertex -39.4079 8.88919 2.2
      vertex -44 2 2.2
    endloop
  endfacet
  facet normal 0 0 -1
    outer loop
      vertex -44.2091 1.98904 2.2
      vertex -39.4079 8.88919 2.2
      vertex -44.1047 1.99726 2.2
    endloop
  endfacet
  facet normal 0 0 -1
    outer loop
      vertex -44.3129 1.97538 2.2
      vertex -39.4079 8.88919 2.2
      vertex -44.2091 1.98904 2.2
    endloop
  endfacet
  facet normal 0 0 -1
    outer loop
      vertex -44.4158 1.9563 2.2
      vertex -39.4079 8.88919 2.2
      vertex -44.3129 1.97538 2.2
    endloop
  endfacet
  facet normal 0 0 -1
    outer loop
      vertex -44.5176 1.93185 2.2
      vertex -39.4079 8.88919 2.2
      vertex -44.4158 1.9563 2.2
    endloop
  endfacet
  facet normal 0 0 -1
    outer loop
      vertex -44.618 1.90211 2.2
      vertex -39.4079 8.88919 2.2
      vertex -44.5176 1.93185 2.2
    endloop
  endfacet
  facet normal 0 0 -1
    outer loop
      vertex -44.7167 1.86716 2.2
      vertex -39.4079 8.88919 2.2
      vertex -44.618 1.90211 2.2
    endloop
  endfacet
  facet normal 0 0 -1
    outer loop
      vertex -44.8135 1.82709 2.2
      vertex -39.4079 8.88919 2.2
      vertex -44.7167 1.86716 2.2
    endloop
  endfacet
  facet normal 0 0 -1
    outer loop
      vertex -44.908 1.78201 2.2
      vertex -39.4079 8.88919 2.2
      vertex -44.8135 1.82709 2.2
    endloop
  endfacet
  facet normal 0 0 -1
    outer loop
      vertex -45 1.73205 2.2
      vertex -39.4079 8.88919 2.2
      vertex -44.908 1.78201 2.2
    endloop
  endfacet
  facet normal 0 0 -1
    outer loop
      vertex -45.0893 1.67734 2.2
      vertex -39.4079 8.88919 2.2
      vertex -45 1.73205 2.2
    endloop
  endfacet
  facet normal 0 0 -1
    outer loop
      vertex -45.1756 1.61803 2.2
      vertex -39.4079 8.88919 2.2
      vertex -45.0893 1.67734 2.2
    endloop
  endfacet
  facet normal 0 0 -1
    outer loop
      vertex -45.2586 1.55429 2.2
      vertex -39.4079 8.88919 2.2
      vertex -45.1756 1.61803 2.2
    endloop
  endfacet
  facet normal 0 0 -1
    outer loop
      vertex -45.3383 1.48629 2.2
      vertex -39.4079 8.88919 2.2
      vertex -45.2586 1.55429 2.2
    endloop
  endfacet
  facet normal 0 0 -1
    outer loop
      vertex -45.4142 1.41421 2.2
      vertex -39.4079 8.88919 2.2
      vertex -45.3383 1.48629 2.2
    endloop
  endfacet
  facet normal 0 0 -1
    outer loop
      vertex -92 1.5 2.2
      vertex -45.4142 1.41421 2.2
      vertex -45.4863 1.33826 2.2
    endloop
  endfacet
  facet normal 0 0 -1
    outer loop
      vertex -92 1.5 2.2
      vertex -45.4863 1.33826 2.2
      vertex -45.5543 1.25864 2.2
    endloop
  endfacet
  facet normal 0 0 -1
    outer loop
      vertex -92 1.5 2.2
      vertex -46 0 2.2
      vertex -92 -1.5 2.2
    endloop
  endfacet
  facet normal 0 0 -1
    outer loop
      vertex -46 0 2.2
      vertex -92 1.5 2.2
      vertex -45.9973 0.104671 2.2
    endloop
  endfacet
  facet normal 0 0 -1
    outer loop
      vertex -45.9973 0.104671 2.2
      vertex -92 1.5 2.2
      vertex -45.989 0.209057 2.2
    endloop
  endfacet
  facet normal 0 0 -1
    outer loop
      vertex -45.989 0.209057 2.2
      vertex -92 1.5 2.2
      vertex -45.9754 0.312868 2.2
    endloop
  endfacet
  facet normal 0 0 -1
    outer loop
      vertex -45.9754 0.312868 2.2
      vertex -92 1.5 2.2
      vertex -45.9563 0.415823 2.2
    endloop
  endfacet
  facet normal 0 0 -1
    outer loop
      vertex -45.9563 0.415823 2.2
      vertex -92 1.5 2.2
      vertex -45.9319 0.517637 2.2
    endloop
  endfacet
  facet normal 0 0 -1
    outer loop
      vertex -45.9319 0.517637 2.2
      vertex -92 1.5 2.2
      vertex -45.9021 0.618033 2.2
    endloop
  endfacet
  facet normal 0 0 -1
    outer loop
      vertex -45.9021 0.618033 2.2
      vertex -92 1.5 2.2
      vertex -45.8672 0.716736 2.2
    endloop
  endfacet
  facet normal 0 0 -1
    outer loop
      vertex -45.8672 0.716736 2.2
      vertex -92 1.5 2.2
      vertex -45.8271 0.813473 2.2
    endloop
  endfacet
  facet normal 0 0 -1
    outer loop
      vertex -45.8271 0.813473 2.2
      vertex -92 1.5 2.2
      vertex -45.782 0.907981 2.2
    endloop
  endfacet
  facet normal 0 0 -1
    outer loop
      vertex -45.782 0.907981 2.2
      vertex -92 1.5 2.2
      vertex -45.732 1 2.2
    endloop
  endfacet
  facet normal 0 0 -1
    outer loop
      vertex -45.732 1 2.2
      vertex -92 1.5 2.2
      vertex -45.6773 1.08928 2.2
    endloop
  endfacet
  facet normal 0 0 -1
    outer loop
      vertex -45.6773 1.08928 2.2
      vertex -92 1.5 2.2
      vertex -45.618 1.17557 2.2
    endloop
  endfacet
  facet normal 0 0 -1
    outer loop
      vertex -45.618 1.17557 2.2
      vertex -92 1.5 2.2
      vertex -45.5543 1.25864 2.2
    endloop
  endfacet
  facet normal 0 0 -1
    outer loop
      vertex -45.4142 1.41421 2.2
      vertex -92 1.5 2.2
      vertex -39.4079 8.88919 2.2
    endloop
  endfacet
  facet normal 0 0 -1
    outer loop
      vertex -92.4635 -1.42658 2.2
      vertex -92 1.5 2.2
      vertex -92 -1.5 2.2
    endloop
  endfacet
  facet normal 0 0 -1
    outer loop
      vertex -92.4635 -1.42658 2.2
      vertex -92.4635 1.42658 2.2
      vertex -92 1.5 2.2
    endloop
  endfacet
  facet normal 0 0 -1
    outer loop
      vertex -92.8817 -1.21352 2.2
      vertex -92.4635 1.42658 2.2
      vertex -92.4635 -1.42658 2.2
    endloop
  endfacet
  facet normal 0 0 -1
    outer loop
      vertex -92.8817 -1.21352 2.2
      vertex -92.8817 1.21352 2.2
      vertex -92.4635 1.42658 2.2
    endloop
  endfacet
  facet normal 0 0 -1
    outer loop
      vertex -93.2135 -0.881678 2.2
      vertex -92.8817 1.21352 2.2
      vertex -92.8817 -1.21352 2.2
    endloop
  endfacet
  facet normal 0 0 -1
    outer loop
      vertex -93.2135 -0.881678 2.2
      vertex -93.2135 0.881678 2.2
      vertex -92.8817 1.21352 2.2
    endloop
  endfacet
  facet normal 0 0 -1
    outer loop
      vertex -93.4266 -0.463525 2.2
      vertex -93.2135 0.881678 2.2
      vertex -93.2135 -0.881678 2.2
    endloop
  endfacet
  facet normal 0 0 -1
    outer loop
      vertex -93.4266 -0.463525 2.2
      vertex -93.4266 0.463525 2.2
      vertex -93.2135 0.881678 2.2
    endloop
  endfacet
  facet normal 0 -0 -1
    outer loop
      vertex -93.4266 0.463525 2.2
      vertex -93.4266 -0.463525 2.2
      vertex -93.5 0 2.2
    endloop
  endfacet
  facet normal 0 0 -1
    outer loop
      vertex 23.2954 10.3718 2.2
      vertex 33.8012 15.0493 2.2
      vertex 23.8063 9.13838 2.2
    endloop
  endfacet
  facet normal -0 0 -1
    outer loop
      vertex 33.8012 15.0493 2.2
      vertex 23.2954 10.3718 2.2
      vertex 32.9672 16.7976 2.2
    endloop
  endfacet
  facet normal 0 0 -1
    outer loop
      vertex 22.7207 11.5768 2.2
      vertex 32.9672 16.7976 2.2
      vertex 23.2954 10.3718 2.2
    endloop
  endfacet
  facet normal -0 0 -1
    outer loop
      vertex 32.9672 16.7976 2.2
      vertex 22.7207 11.5768 2.2
      vertex 32.0429 18.5 2.2
    endloop
  endfacet
  facet normal 0 0 -1
    outer loop
      vertex 22.0836 12.75 2.2
      vertex 32.0429 18.5 2.2
      vertex 22.7207 11.5768 2.2
    endloop
  endfacet
  facet normal -0 0 -1
    outer loop
      vertex 32.0429 18.5 2.2
      vertex 22.0836 12.75 2.2
      vertex 31.0308 20.1516 2.2
    endloop
  endfacet
  facet normal 0 0 -1
    outer loop
      vertex 21.3861 13.8883 2.2
      vertex 31.0308 20.1516 2.2
      vertex 22.0836 12.75 2.2
    endloop
  endfacet
  facet normal -0 0 -1
    outer loop
      vertex 31.0308 20.1516 2.2
      vertex 21.3861 13.8883 2.2
      vertex 29.9336 21.7481 2.2
    endloop
  endfacet
  facet normal 0 0 -1
    outer loop
      vertex 20.6299 14.9885 2.2
      vertex 29.9336 21.7481 2.2
      vertex 21.3861 13.8883 2.2
    endloop
  endfacet
  facet normal -0 0 -1
    outer loop
      vertex 29.9336 21.7481 2.2
      vertex 20.6299 14.9885 2.2
      vertex 28.7544 23.2849 2.2
    endloop
  endfacet
  facet normal 0 0 -1
    outer loop
      vertex 19.8172 16.0477 2.2
      vertex 28.7544 23.2849 2.2
      vertex 20.6299 14.9885 2.2
    endloop
  endfacet
  facet normal -0 0 -1
    outer loop
      vertex 28.7544 23.2849 2.2
      vertex 19.8172 16.0477 2.2
      vertex 27.4964 24.7578 2.2
    endloop
  endfacet
  facet normal 0 0 -1
    outer loop
      vertex 18.9502 17.0628 2.2
      vertex 27.4964 24.7578 2.2
      vertex 19.8172 16.0477 2.2
    endloop
  endfacet
  facet normal -0 0 -1
    outer loop
      vertex 27.4964 24.7578 2.2
      vertex 18.9502 17.0628 2.2
      vertex 26.163 26.163 2.2
    endloop
  endfacet
  facet normal 0 0 -1
    outer loop
      vertex 18.0312 18.0312 2.2
      vertex 26.163 26.163 2.2
      vertex 18.9502 17.0628 2.2
    endloop
  endfacet
  facet normal -0 0 -1
    outer loop
      vertex 26.163 26.163 2.2
      vertex 18.0312 18.0312 2.2
      vertex 24.7578 27.4964 2.2
    endloop
  endfacet
  facet normal 0 0 -1
    outer loop
      vertex 17.0628 18.9502 2.2
      vertex 24.7578 27.4964 2.2
      vertex 18.0312 18.0312 2.2
    endloop
  endfacet
  facet normal -0 0 -1
    outer loop
      vertex 24.7578 27.4964 2.2
      vertex 17.0628 18.9502 2.2
      vertex 23.2849 28.7544 2.2
    endloop
  endfacet
  facet normal 0 0 -1
    outer loop
      vertex 16.0477 19.8172 2.2
      vertex 23.2849 28.7544 2.2
      vertex 17.0628 18.9502 2.2
    endloop
  endfacet
  facet normal -0 0 -1
    outer loop
      vertex 23.2849 28.7544 2.2
      vertex 16.0477 19.8172 2.2
      vertex 21.7481 29.9336 2.2
    endloop
  endfacet
  facet normal 0 0 -1
    outer loop
      vertex 14.9885 20.6299 2.2
      vertex 21.7481 29.9336 2.2
      vertex 16.0477 19.8172 2.2
    endloop
  endfacet
  facet normal -0 0 -1
    outer loop
      vertex 21.7481 29.9336 2.2
      vertex 14.9885 20.6299 2.2
      vertex 20.1516 31.0308 2.2
    endloop
  endfacet
  facet normal 0 0 -1
    outer loop
      vertex 13.8883 21.3861 2.2
      vertex 20.1516 31.0308 2.2
      vertex 14.9885 20.6299 2.2
    endloop
  endfacet
  facet normal -0 0 -1
    outer loop
      vertex 20.1516 31.0308 2.2
      vertex 13.8883 21.3861 2.2
      vertex 18.5 32.0429 2.2
    endloop
  endfacet
  facet normal 0 0 -1
    outer loop
      vertex 12.75 22.0836 2.2
      vertex 18.5 32.0429 2.2
      vertex 13.8883 21.3861 2.2
    endloop
  endfacet
  facet normal -0 0 -1
    outer loop
      vertex 18.5 32.0429 2.2
      vertex 12.75 22.0836 2.2
      vertex 16.7976 32.9672 2.2
    endloop
  endfacet
  facet normal 0 0 -1
    outer loop
      vertex 11.5768 22.7207 2.2
      vertex 16.7976 32.9672 2.2
      vertex 12.75 22.0836 2.2
    endloop
  endfacet
  facet normal -0 0 -1
    outer loop
      vertex 16.7976 32.9672 2.2
      vertex 11.5768 22.7207 2.2
      vertex 15.0493 33.8012 2.2
    endloop
  endfacet
  facet normal 0 0 -1
    outer loop
      vertex 10.3718 23.2954 2.2
      vertex 15.0493 33.8012 2.2
      vertex 11.5768 22.7207 2.2
    endloop
  endfacet
  facet normal -0 0 -1
    outer loop
      vertex 15.0493 33.8012 2.2
      vertex 10.3718 23.2954 2.2
      vertex 13.2596 34.5425 2.2
    endloop
  endfacet
  facet normal 0 0 -1
    outer loop
      vertex 9.13838 23.8063 2.2
      vertex 13.2596 34.5425 2.2
      vertex 10.3718 23.2954 2.2
    endloop
  endfacet
  facet normal -0 0 -1
    outer loop
      vertex 13.2596 34.5425 2.2
      vertex 9.13838 23.8063 2.2
      vertex 11.4336 35.1891 2.2
    endloop
  endfacet
  facet normal 0 0 -1
    outer loop
      vertex 7.87993 24.2519 2.2
      vertex 11.4336 35.1891 2.2
      vertex 9.13838 23.8063 2.2
    endloop
  endfacet
  facet normal -0 0 -1
    outer loop
      vertex 11.4336 35.1891 2.2
      vertex 7.87993 24.2519 2.2
      vertex 9.5763 35.7393 2.2
    endloop
  endfacet
  facet normal 0 0 -1
    outer loop
      vertex 6.59988 24.6311 2.2
      vertex 9.5763 35.7393 2.2
      vertex 7.87993 24.2519 2.2
    endloop
  endfacet
  facet normal -0 0 -1
    outer loop
      vertex 9.5763 35.7393 2.2
      vertex 6.59988 24.6311 2.2
      vertex 7.69273 36.1915 2.2
    endloop
  endfacet
  facet normal 0 0 -1
    outer loop
      vertex 5.30175 24.9428 2.2
      vertex 7.69273 36.1915 2.2
      vertex 6.59988 24.6311 2.2
    endloop
  endfacet
  facet normal -0 0 -1
    outer loop
      vertex 7.69273 36.1915 2.2
      vertex 5.30175 24.9428 2.2
      vertex 5.78807 36.5445 2.2
    endloop
  endfacet
  facet normal 0 0 -1
    outer loop
      vertex 3.98908 25.1861 2.2
      vertex 5.78807 36.5445 2.2
      vertex 5.30175 24.9428 2.2
    endloop
  endfacet
  facet normal 0 0 -1
    outer loop
      vertex 3.98908 25.1861 2.2
      vertex 3.86755 36.7973 2.2
      vertex 5.78807 36.5445 2.2
    endloop
  endfacet
  facet normal 0 0 -1
    outer loop
      vertex 2.66547 25.3603 2.2
      vertex 3.86755 36.7973 2.2
      vertex 3.98908 25.1861 2.2
    endloop
  endfacet
  facet normal 0 0 -1
    outer loop
      vertex 2.66547 25.3603 2.2
      vertex 1.93643 36.9493 2.2
      vertex 3.86755 36.7973 2.2
    endloop
  endfacet
  facet normal 0 0 -1
    outer loop
      vertex 1.33457 25.4651 2.2
      vertex 1.93643 36.9493 2.2
      vertex 2.66547 25.3603 2.2
    endloop
  endfacet
  facet normal 0 0 -1
    outer loop
      vertex 0 25.5 2.2
      vertex 1.93643 36.9493 2.2
      vertex 1.33457 25.4651 2.2
    endloop
  endfacet
  facet normal 0 0 -1
    outer loop
      vertex 0 25.5 2.2
      vertex 0 37 2.2
      vertex 1.93643 36.9493 2.2
    endloop
  endfacet
  facet normal 0 0 -1
    outer loop
      vertex -1.33457 25.4651 2.2
      vertex 0 37 2.2
      vertex 0 25.5 2.2
    endloop
  endfacet
  facet normal 0 0 -1
    outer loop
      vertex -1.33457 25.4651 2.2
      vertex -1.93643 36.9493 2.2
      vertex 0 37 2.2
    endloop
  endfacet
  facet normal 0 0 -1
    outer loop
      vertex -2.66547 25.3603 2.2
      vertex -1.93643 36.9493 2.2
      vertex -1.33457 25.4651 2.2
    endloop
  endfacet
  facet normal 0 0 -1
    outer loop
      vertex -2.66547 25.3603 2.2
      vertex -3.86755 36.7973 2.2
      vertex -1.93643 36.9493 2.2
    endloop
  endfacet
  facet normal 0 0 -1
    outer loop
      vertex -3.98908 25.1861 2.2
      vertex -3.86755 36.7973 2.2
      vertex -2.66547 25.3603 2.2
    endloop
  endfacet
  facet normal 0 0 -1
    outer loop
      vertex -5.78807 36.5445 2.2
      vertex -3.98908 25.1861 2.2
      vertex -5.30175 24.9428 2.2
    endloop
  endfacet
  facet normal 0 0 -1
    outer loop
      vertex -3.98908 25.1861 2.2
      vertex -5.78807 36.5445 2.2
      vertex -3.86755 36.7973 2.2
    endloop
  endfacet
  facet normal 0 0 -1
    outer loop
      vertex -7.69273 36.1915 2.2
      vertex -5.30175 24.9428 2.2
      vertex -6.59988 24.6311 2.2
    endloop
  endfacet
  facet normal 0 0 -1
    outer loop
      vertex -5.30175 24.9428 2.2
      vertex -7.69273 36.1915 2.2
      vertex -5.78807 36.5445 2.2
    endloop
  endfacet
  facet normal 0 0 -1
    outer loop
      vertex -9.5763 35.7393 2.2
      vertex -6.59988 24.6311 2.2
      vertex -7.87993 24.2519 2.2
    endloop
  endfacet
  facet normal 0 0 -1
    outer loop
      vertex -11.4336 35.1891 2.2
      vertex -7.87993 24.2519 2.2
      vertex -9.13838 23.8063 2.2
    endloop
  endfacet
  facet normal 0 0 -1
    outer loop
      vertex -6.59988 24.6311 2.2
      vertex -9.5763 35.7393 2.2
      vertex -7.69273 36.1915 2.2
    endloop
  endfacet
  facet normal 0 0 -1
    outer loop
      vertex -13.2596 34.5425 2.2
      vertex -9.13838 23.8063 2.2
      vertex -10.3718 23.2954 2.2
    endloop
  endfacet
  facet normal 0 0 -1
    outer loop
      vertex -7.87993 24.2519 2.2
      vertex -11.4336 35.1891 2.2
      vertex -9.5763 35.7393 2.2
    endloop
  endfacet
  facet normal 0 0 -1
    outer loop
      vertex -15.0493 33.8012 2.2
      vertex -10.3718 23.2954 2.2
      vertex -11.5768 22.7207 2.2
    endloop
  endfacet
  facet normal 0 0 -1
    outer loop
      vertex -16.7976 32.9672 2.2
      vertex -11.5768 22.7207 2.2
      vertex -12.75 22.0836 2.2
    endloop
  endfacet
  facet normal 0 0 -1
    outer loop
      vertex -9.13838 23.8063 2.2
      vertex -13.2596 34.5425 2.2
      vertex -11.4336 35.1891 2.2
    endloop
  endfacet
  facet normal 0 0 -1
    outer loop
      vertex -18.5 32.0429 2.2
      vertex -12.75 22.0836 2.2
      vertex -13.8883 21.3861 2.2
    endloop
  endfacet
  facet normal 0 0 -1
    outer loop
      vertex -20.1516 31.0308 2.2
      vertex -13.8883 21.3861 2.2
      vertex -14.9885 20.6299 2.2
    endloop
  endfacet
  facet normal 0 0 -1
    outer loop
      vertex -10.3718 23.2954 2.2
      vertex -15.0493 33.8012 2.2
      vertex -13.2596 34.5425 2.2
    endloop
  endfacet
  facet normal 0 0 -1
    outer loop
      vertex -21.7481 29.9336 2.2
      vertex -14.9885 20.6299 2.2
      vertex -16.0477 19.8172 2.2
    endloop
  endfacet
  facet normal 0 0 -1
    outer loop
      vertex -11.5768 22.7207 2.2
      vertex -16.7976 32.9672 2.2
      vertex -15.0493 33.8012 2.2
    endloop
  endfacet
  facet normal 0 0 -1
    outer loop
      vertex -23.2849 28.7544 2.2
      vertex -16.0477 19.8172 2.2
      vertex -17.0628 18.9502 2.2
    endloop
  endfacet
  facet normal 0 0 -1
    outer loop
      vertex -24.7578 27.4964 2.2
      vertex -17.0628 18.9502 2.2
      vertex -18.0312 18.0312 2.2
    endloop
  endfacet
  facet normal 0 0 -1
    outer loop
      vertex -12.75 22.0836 2.2
      vertex -18.5 32.0429 2.2
      vertex -16.7976 32.9672 2.2
    endloop
  endfacet
  facet normal 0 0 -1
    outer loop
      vertex -26.163 26.163 2.2
      vertex -18.0312 18.0312 2.2
      vertex -18.9502 17.0628 2.2
    endloop
  endfacet
  facet normal 0 0 -1
    outer loop
      vertex -27.4964 24.7578 2.2
      vertex -18.9502 17.0628 2.2
      vertex -19.8172 16.0477 2.2
    endloop
  endfacet
  facet normal 0 0 -1
    outer loop
      vertex -13.8883 21.3861 2.2
      vertex -20.1516 31.0308 2.2
      vertex -18.5 32.0429 2.2
    endloop
  endfacet
  facet normal 0 0 -1
    outer loop
      vertex -28.7544 23.2849 2.2
      vertex -19.8172 16.0477 2.2
      vertex -20.6299 14.9885 2.2
    endloop
  endfacet
  facet normal 0 0 -1
    outer loop
      vertex -29.9336 21.7481 2.2
      vertex -20.6299 14.9885 2.2
      vertex -21.3861 13.8883 2.2
    endloop
  endfacet
  facet normal 0 0 -1
    outer loop
      vertex -14.9885 20.6299 2.2
      vertex -21.7481 29.9336 2.2
      vertex -20.1516 31.0308 2.2
    endloop
  endfacet
  facet normal 0 0 -1
    outer loop
      vertex -31.0308 20.1516 2.2
      vertex -21.3861 13.8883 2.2
      vertex -22.0836 12.75 2.2
    endloop
  endfacet
  facet normal 0 0 -1
    outer loop
      vertex -32.0429 18.5 2.2
      vertex -22.0836 12.75 2.2
      vertex -22.7207 11.5768 2.2
    endloop
  endfacet
  facet normal 0 0 -1
    outer loop
      vertex -16.0477 19.8172 2.2
      vertex -23.2849 28.7544 2.2
      vertex -21.7481 29.9336 2.2
    endloop
  endfacet
  facet normal 0 0 -1
    outer loop
      vertex -32.9672 16.7976 2.2
      vertex -22.7207 11.5768 2.2
      vertex -23.2954 10.3718 2.2
    endloop
  endfacet
  facet normal 0 0 -1
    outer loop
      vertex -33.8012 15.0493 2.2
      vertex -23.2954 10.3718 2.2
      vertex -23.8063 9.13838 2.2
    endloop
  endfacet
  facet normal 0 0 -1
    outer loop
      vertex -34.5425 13.2596 2.2
      vertex -23.8063 9.13838 2.2
      vertex -24.2519 7.87993 2.2
    endloop
  endfacet
  facet normal 0 0 -1
    outer loop
      vertex -35.1891 11.4336 2.2
      vertex -24.2519 7.87993 2.2
      vertex -24.6311 6.59988 2.2
    endloop
  endfacet
  facet normal 0 0 -1
    outer loop
      vertex -17.0628 18.9502 2.2
      vertex -24.7578 27.4964 2.2
      vertex -23.2849 28.7544 2.2
    endloop
  endfacet
  facet normal 0 0 -1
    outer loop
      vertex -35.9417 8.73305 2.2
      vertex -24.6311 6.59988 2.2
      vertex -24.9428 5.30175 2.2
    endloop
  endfacet
  facet normal 0 0 -1
    outer loop
      vertex -35.9417 8.73305 2.2
      vertex -24.9428 5.30175 2.2
      vertex -25.1861 3.98908 2.2
    endloop
  endfacet
  facet normal 0 0 -1
    outer loop
      vertex -35.9417 8.73305 2.2
      vertex -25.1861 3.98908 2.2
      vertex -25.3603 2.66547 2.2
    endloop
  endfacet
  facet normal 0 0 -1
    outer loop
      vertex -35.9417 8.73305 2.2
      vertex -25.3603 2.66547 2.2
      vertex -25.4651 1.33457 2.2
    endloop
  endfacet
  facet normal 0 0 -1
    outer loop
      vertex -18.0312 18.0312 2.2
      vertex -26.163 26.163 2.2
      vertex -24.7578 27.4964 2.2
    endloop
  endfacet
  facet normal 0 0 -1
    outer loop
      vertex -35.9417 8.73305 2.2
      vertex -25.4651 1.33457 2.2
      vertex -25.5 0 2.2
    endloop
  endfacet
  facet normal 0 0 -1
    outer loop
      vertex -34.5425 -13.2596 2.2
      vertex -23.8063 -9.13838 2.2
      vertex -33.8012 -15.0493 2.2
    endloop
  endfacet
  facet normal -0 0 -1
    outer loop
      vertex -23.8063 -9.13838 2.2
      vertex -34.5425 -13.2596 2.2
      vertex -24.2519 -7.87993 2.2
    endloop
  endfacet
  facet normal 0 0 -1
    outer loop
      vertex -18.9502 17.0628 2.2
      vertex -27.4964 24.7578 2.2
      vertex -26.163 26.163 2.2
    endloop
  endfacet
  facet normal 0 0 -1
    outer loop
      vertex -35.1891 -11.4336 2.2
      vertex -24.2519 -7.87993 2.2
      vertex -34.5425 -13.2596 2.2
    endloop
  endfacet
  facet normal 0 0 -1
    outer loop
      vertex -19.8172 16.0477 2.2
      vertex -28.7544 23.2849 2.2
      vertex -27.4964 24.7578 2.2
    endloop
  endfacet
  facet normal -0 0 -1
    outer loop
      vertex -24.2519 -7.87993 2.2
      vertex -35.1891 -11.4336 2.2
      vertex -24.6311 -6.59988 2.2
    endloop
  endfacet
  facet normal 0 0 -1
    outer loop
      vertex -20.6299 14.9885 2.2
      vertex -29.9336 21.7481 2.2
      vertex -28.7544 23.2849 2.2
    endloop
  endfacet
  facet normal 0 0 -1
    outer loop
      vertex -35.7393 -9.5763 2.2
      vertex -24.6311 -6.59988 2.2
      vertex -35.1891 -11.4336 2.2
    endloop
  endfacet
  facet normal 0 0 -1
    outer loop
      vertex -21.3861 13.8883 2.2
      vertex -31.0308 20.1516 2.2
      vertex -29.9336 21.7481 2.2
    endloop
  endfacet
  facet normal 0 0 -1
    outer loop
      vertex -35.9417 -8.73305 2.2
      vertex -24.6311 -6.59988 2.2
      vertex -35.7393 -9.5763 2.2
    endloop
  endfacet
  facet normal 0 0 -1
    outer loop
      vertex -22.0836 12.75 2.2
      vertex -32.0429 18.5 2.2
      vertex -31.0308 20.1516 2.2
    endloop
  endfacet
  facet normal -0 0 -1
    outer loop
      vertex -24.6311 -6.59988 2.2
      vertex -35.9417 -8.73305 2.2
      vertex -24.9428 -5.30175 2.2
    endloop
  endfacet
  facet normal 0 0 -1
    outer loop
      vertex -22.7207 11.5768 2.2
      vertex -32.9672 16.7976 2.2
      vertex -32.0429 18.5 2.2
    endloop
  endfacet
  facet normal -0 0 -1
    outer loop
      vertex -24.9428 -5.30175 2.2
      vertex -35.9417 -8.73305 2.2
      vertex -25.1861 -3.98908 2.2
    endloop
  endfacet
  facet normal 0 0 -1
    outer loop
      vertex -23.2954 10.3718 2.2
      vertex -33.8012 15.0493 2.2
      vertex -32.9672 16.7976 2.2
    endloop
  endfacet
  facet normal -0 0 -1
    outer loop
      vertex -25.1861 -3.98908 2.2
      vertex -35.9417 -8.73305 2.2
      vertex -25.3603 -2.66547 2.2
    endloop
  endfacet
  facet normal 0 0 -1
    outer loop
      vertex -23.8063 9.13838 2.2
      vertex -34.5425 13.2596 2.2
      vertex -33.8012 15.0493 2.2
    endloop
  endfacet
  facet normal -0 0 -1
    outer loop
      vertex -25.3603 -2.66547 2.2
      vertex -35.9417 -8.73305 2.2
      vertex -25.4651 -1.33457 2.2
    endloop
  endfacet
  facet normal 0 0 -1
    outer loop
      vertex -24.2519 7.87993 2.2
      vertex -35.1891 11.4336 2.2
      vertex -34.5425 13.2596 2.2
    endloop
  endfacet
  facet normal -0 0 -1
    outer loop
      vertex -25.4651 -1.33457 2.2
      vertex -35.9417 -8.73305 2.2
      vertex -25.5 0 2.2
    endloop
  endfacet
  facet normal 0 0 -1
    outer loop
      vertex -42.0027 -0.104671 2.2
      vertex -25.5 0 2.2
      vertex -35.9417 -8.73305 2.2
    endloop
  endfacet
  facet normal 0 0 -1
    outer loop
      vertex -24.6311 6.59988 2.2
      vertex -35.9417 8.73305 2.2
      vertex -35.7393 9.5763 2.2
    endloop
  endfacet
  facet normal 0 0 -1
    outer loop
      vertex -24.6311 6.59988 2.2
      vertex -35.7393 9.5763 2.2
      vertex -35.1891 11.4336 2.2
    endloop
  endfacet
  facet normal 0 0 -1
    outer loop
      vertex -42.218 -0.907981 2.2
      vertex -35.9417 -8.73305 2.2
      vertex -36.5921 -8.88919 2.2
    endloop
  endfacet
  facet normal 0 0 -1
    outer loop
      vertex -42.0027 0.104671 2.2
      vertex -25.5 0 2.2
      vertex -42 0 2.2
    endloop
  endfacet
  facet normal 0 0 -1
    outer loop
      vertex -42.2679 -1 2.2
      vertex -36.5921 -8.88919 2.2
      vertex -38 -9 2.2
    endloop
  endfacet
  facet normal -0 0 -1
    outer loop
      vertex -25.5 0 2.2
      vertex -42.0027 -0.104671 2.2
      vertex -42 0 2.2
    endloop
  endfacet
  facet normal 0 0 -1
    outer loop
      vertex -42.382 -1.17557 2.2
      vertex -38 -9 2.2
      vertex -39.4079 -8.88919 2.2
    endloop
  endfacet
  facet normal 0 0 -1
    outer loop
      vertex -25.5 0 2.2
      vertex -42.0027 0.104671 2.2
      vertex -35.9417 8.73305 2.2
    endloop
  endfacet
  facet normal 0 0 -1
    outer loop
      vertex -42.0246 0.312868 2.2
      vertex -35.9417 8.73305 2.2
      vertex -42.011 0.209057 2.2
    endloop
  endfacet
  facet normal 0 0 -1
    outer loop
      vertex -42.011 0.209057 2.2
      vertex -35.9417 8.73305 2.2
      vertex -42.0027 0.104671 2.2
    endloop
  endfacet
  facet normal 0 0 -1
    outer loop
      vertex -35.9417 -8.73305 2.2
      vertex -42.011 -0.209057 2.2
      vertex -42.0027 -0.104671 2.2
    endloop
  endfacet
  facet normal 0 0 -1
    outer loop
      vertex -35.9417 -8.73305 2.2
      vertex -42.0246 -0.312868 2.2
      vertex -42.011 -0.209057 2.2
    endloop
  endfacet
  facet normal 0 0 -1
    outer loop
      vertex -35.9417 -8.73305 2.2
      vertex -42.0437 -0.415823 2.2
      vertex -42.0246 -0.312868 2.2
    endloop
  endfacet
  facet normal 0 0 -1
    outer loop
      vertex -35.9417 -8.73305 2.2
      vertex -42.0681 -0.517637 2.2
      vertex -42.0437 -0.415823 2.2
    endloop
  endfacet
  facet normal 0 0 -1
    outer loop
      vertex -35.9417 -8.73305 2.2
      vertex -42.0979 -0.618033 2.2
      vertex -42.0681 -0.517637 2.2
    endloop
  endfacet
  facet normal 0 0 -1
    outer loop
      vertex -35.9417 -8.73305 2.2
      vertex -42.1328 -0.716736 2.2
      vertex -42.0979 -0.618033 2.2
    endloop
  endfacet
  facet normal 0 0 -1
    outer loop
      vertex -35.9417 -8.73305 2.2
      vertex -42.1729 -0.813473 2.2
      vertex -42.1328 -0.716736 2.2
    endloop
  endfacet
  facet normal 0 0 -1
    outer loop
      vertex -35.9417 -8.73305 2.2
      vertex -42.218 -0.907981 2.2
      vertex -42.1729 -0.813473 2.2
    endloop
  endfacet
  facet normal 0 0 -1
    outer loop
      vertex -36.5921 -8.88919 2.2
      vertex -42.2679 -1 2.2
      vertex -42.218 -0.907981 2.2
    endloop
  endfacet
  facet normal 0 0 -1
    outer loop
      vertex -38 -9 2.2
      vertex -42.3227 -1.08928 2.2
      vertex -42.2679 -1 2.2
    endloop
  endfacet
  facet normal 0 0 -1
    outer loop
      vertex -38 -9 2.2
      vertex -42.382 -1.17557 2.2
      vertex -42.3227 -1.08928 2.2
    endloop
  endfacet
  facet normal 0 0 -1
    outer loop
      vertex -39.4079 -8.88919 2.2
      vertex -42.4457 -1.25864 2.2
      vertex -42.382 -1.17557 2.2
    endloop
  endfacet
  facet normal 0 0 -1
    outer loop
      vertex -39.4079 -8.88919 2.2
      vertex -42.5137 -1.33826 2.2
      vertex -42.4457 -1.25864 2.2
    endloop
  endfacet
  facet normal 0 0 -1
    outer loop
      vertex -39.4079 -8.88919 2.2
      vertex -42.5858 -1.41421 2.2
      vertex -42.5137 -1.33826 2.2
    endloop
  endfacet
  facet normal 0 0 -1
    outer loop
      vertex -39.4079 -8.88919 2.2
      vertex -42.6617 -1.48629 2.2
      vertex -42.5858 -1.41421 2.2
    endloop
  endfacet
  facet normal 0 0 -1
    outer loop
      vertex -39.4079 -8.88919 2.2
      vertex -42.7414 -1.55429 2.2
      vertex -42.6617 -1.48629 2.2
    endloop
  endfacet
  facet normal 0 0 -1
    outer loop
      vertex -39.4079 -8.88919 2.2
      vertex -42.8244 -1.61803 2.2
      vertex -42.7414 -1.55429 2.2
    endloop
  endfacet
  facet normal 0 0 -1
    outer loop
      vertex -39.4079 -8.88919 2.2
      vertex -42.9107 -1.67734 2.2
      vertex -42.8244 -1.61803 2.2
    endloop
  endfacet
  facet normal 0 0 -1
    outer loop
      vertex -39.4079 -8.88919 2.2
      vertex -43 -1.73205 2.2
      vertex -42.9107 -1.67734 2.2
    endloop
  endfacet
  facet normal 0 0 -1
    outer loop
      vertex -39.4079 -8.88919 2.2
      vertex -43.092 -1.78201 2.2
      vertex -43 -1.73205 2.2
    endloop
  endfacet
  facet normal 0 0 -1
    outer loop
      vertex -39.4079 -8.88919 2.2
      vertex -43.1865 -1.82709 2.2
      vertex -43.092 -1.78201 2.2
    endloop
  endfacet
  facet normal 0 0 -1
    outer loop
      vertex -39.4079 -8.88919 2.2
      vertex -43.2833 -1.86716 2.2
      vertex -43.1865 -1.82709 2.2
    endloop
  endfacet
  facet normal 0 0 -1
    outer loop
      vertex -39.4079 -8.88919 2.2
      vertex -43.382 -1.90211 2.2
      vertex -43.2833 -1.86716 2.2
    endloop
  endfacet
  facet normal 0 0 -1
    outer loop
      vertex -39.4079 -8.88919 2.2
      vertex -43.4824 -1.93185 2.2
      vertex -43.382 -1.90211 2.2
    endloop
  endfacet
  facet normal 0 0 -1
    outer loop
      vertex -39.4079 -8.88919 2.2
      vertex -43.5842 -1.9563 2.2
      vertex -43.4824 -1.93185 2.2
    endloop
  endfacet
  facet normal 0 0 -1
    outer loop
      vertex -39.4079 -8.88919 2.2
      vertex -43.6871 -1.97538 2.2
      vertex -43.5842 -1.9563 2.2
    endloop
  endfacet
  facet normal 0 0 -1
    outer loop
      vertex -39.4079 -8.88919 2.2
      vertex -43.7909 -1.98904 2.2
      vertex -43.6871 -1.97538 2.2
    endloop
  endfacet
  facet normal 0 0 -1
    outer loop
      vertex -39.4079 -8.88919 2.2
      vertex -43.8953 -1.99726 2.2
      vertex -43.7909 -1.98904 2.2
    endloop
  endfacet
  facet normal 0 0 -1
    outer loop
      vertex -39.4079 -8.88919 2.2
      vertex -44 -2 2.2
      vertex -43.8953 -1.99726 2.2
    endloop
  endfacet
  facet normal 0 0 -1
    outer loop
      vertex -39.4079 -8.88919 2.2
      vertex -44.1047 -1.99726 2.2
      vertex -44 -2 2.2
    endloop
  endfacet
  facet normal 0 0 -1
    outer loop
      vertex -39.4079 -8.88919 2.2
      vertex -44.2091 -1.98904 2.2
      vertex -44.1047 -1.99726 2.2
    endloop
  endfacet
  facet normal 0 0 -1
    outer loop
      vertex -39.4079 -8.88919 2.2
      vertex -44.3129 -1.97538 2.2
      vertex -44.2091 -1.98904 2.2
    endloop
  endfacet
  facet normal 0 0 -1
    outer loop
      vertex -39.4079 -8.88919 2.2
      vertex -44.4158 -1.9563 2.2
      vertex -44.3129 -1.97538 2.2
    endloop
  endfacet
  facet normal 0 0 -1
    outer loop
      vertex -39.4079 -8.88919 2.2
      vertex -44.5176 -1.93185 2.2
      vertex -44.4158 -1.9563 2.2
    endloop
  endfacet
  facet normal 0 0 -1
    outer loop
      vertex -39.4079 -8.88919 2.2
      vertex -44.618 -1.90211 2.2
      vertex -44.5176 -1.93185 2.2
    endloop
  endfacet
  facet normal 0 0 -1
    outer loop
      vertex -39.4079 -8.88919 2.2
      vertex -44.7167 -1.86716 2.2
      vertex -44.618 -1.90211 2.2
    endloop
  endfacet
  facet normal 0 0 -1
    outer loop
      vertex -39.4079 -8.88919 2.2
      vertex -44.8135 -1.82709 2.2
      vertex -44.7167 -1.86716 2.2
    endloop
  endfacet
  facet normal 0 0 -1
    outer loop
      vertex -39.4079 -8.88919 2.2
      vertex -44.908 -1.78201 2.2
      vertex -44.8135 -1.82709 2.2
    endloop
  endfacet
  facet normal 0 0 -1
    outer loop
      vertex -39.4079 -8.88919 2.2
      vertex -45 -1.73205 2.2
      vertex -44.908 -1.78201 2.2
    endloop
  endfacet
  facet normal 0 0 -1
    outer loop
      vertex -39.4079 -8.88919 2.2
      vertex -45.0893 -1.67734 2.2
      vertex -45 -1.73205 2.2
    endloop
  endfacet
  facet normal 0 0 -1
    outer loop
      vertex -39.4079 -8.88919 2.2
      vertex -45.1756 -1.61803 2.2
      vertex -45.0893 -1.67734 2.2
    endloop
  endfacet
  facet normal 0 0 -1
    outer loop
      vertex -39.4079 -8.88919 2.2
      vertex -45.2586 -1.55429 2.2
      vertex -45.1756 -1.61803 2.2
    endloop
  endfacet
  facet normal 0 0 -1
    outer loop
      vertex -39.4079 -8.88919 2.2
      vertex -45.3383 -1.48629 2.2
      vertex -45.2586 -1.55429 2.2
    endloop
  endfacet
  facet normal 0 0 -1
    outer loop
      vertex -39.4079 -8.88919 2.2
      vertex -45.4142 -1.41421 2.2
      vertex -45.3383 -1.48629 2.2
    endloop
  endfacet
  facet normal 0 0 -1
    outer loop
      vertex -92 -1.5 2.2
      vertex -45.4142 -1.41421 2.2
      vertex -39.4079 -8.88919 2.2
    endloop
  endfacet
  facet normal -0 0 -1
    outer loop
      vertex -45.4142 -1.41421 2.2
      vertex -92 -1.5 2.2
      vertex -45.4863 -1.33826 2.2
    endloop
  endfacet
  facet normal -0 0 -1
    outer loop
      vertex -45.9973 -0.104671 2.2
      vertex -92 -1.5 2.2
      vertex -46 0 2.2
    endloop
  endfacet
  facet normal -0 0 -1
    outer loop
      vertex -45.989 -0.209057 2.2
      vertex -92 -1.5 2.2
      vertex -45.9973 -0.104671 2.2
    endloop
  endfacet
  facet normal -0 0 -1
    outer loop
      vertex -45.9754 -0.312868 2.2
      vertex -92 -1.5 2.2
      vertex -45.989 -0.209057 2.2
    endloop
  endfacet
  facet normal -0 0 -1
    outer loop
      vertex -45.9563 -0.415823 2.2
      vertex -92 -1.5 2.2
      vertex -45.9754 -0.312868 2.2
    endloop
  endfacet
  facet normal -0 0 -1
    outer loop
      vertex -45.9319 -0.517637 2.2
      vertex -92 -1.5 2.2
      vertex -45.9563 -0.415823 2.2
    endloop
  endfacet
  facet normal -0 0 -1
    outer loop
      vertex -45.9021 -0.618033 2.2
      vertex -92 -1.5 2.2
      vertex -45.9319 -0.517637 2.2
    endloop
  endfacet
  facet normal -0 0 -1
    outer loop
      vertex -45.8672 -0.716736 2.2
      vertex -92 -1.5 2.2
      vertex -45.9021 -0.618033 2.2
    endloop
  endfacet
  facet normal -0 0 -1
    outer loop
      vertex -45.8271 -0.813473 2.2
      vertex -92 -1.5 2.2
      vertex -45.8672 -0.716736 2.2
    endloop
  endfacet
  facet normal -0 0 -1
    outer loop
      vertex -45.782 -0.907981 2.2
      vertex -92 -1.5 2.2
      vertex -45.8271 -0.813473 2.2
    endloop
  endfacet
  facet normal -0 0 -1
    outer loop
      vertex -45.732 -1 2.2
      vertex -92 -1.5 2.2
      vertex -45.782 -0.907981 2.2
    endloop
  endfacet
  facet normal -0 0 -1
    outer loop
      vertex -45.6773 -1.08928 2.2
      vertex -92 -1.5 2.2
      vertex -45.732 -1 2.2
    endloop
  endfacet
  facet normal -0 0 -1
    outer loop
      vertex -45.618 -1.17557 2.2
      vertex -92 -1.5 2.2
      vertex -45.6773 -1.08928 2.2
    endloop
  endfacet
  facet normal -0 0 -1
    outer loop
      vertex -45.5543 -1.25864 2.2
      vertex -92 -1.5 2.2
      vertex -45.618 -1.17557 2.2
    endloop
  endfacet
  facet normal -0 0 -1
    outer loop
      vertex -45.4863 -1.33826 2.2
      vertex -92 -1.5 2.2
      vertex -45.5543 -1.25864 2.2
    endloop
  endfacet
  facet normal 0 0 -1
    outer loop
      vertex 93.4266 -0.463525 2.2
      vertex 93.4266 0.463525 2.2
      vertex 93.5 0 2.2
    endloop
  endfacet
  facet normal 0 0 -1
    outer loop
      vertex 93.2135 -0.881678 2.2
      vertex 93.4266 0.463525 2.2
      vertex 93.4266 -0.463525 2.2
    endloop
  endfacet
  facet normal 0 0 -1
    outer loop
      vertex 93.2135 -0.881678 2.2
      vertex 93.2135 0.881678 2.2
      vertex 93.4266 0.463525 2.2
    endloop
  endfacet
  facet normal 0 0 -1
    outer loop
      vertex 92.8817 -1.21352 2.2
      vertex 93.2135 0.881678 2.2
      vertex 93.2135 -0.881678 2.2
    endloop
  endfacet
  facet normal 0 0 -1
    outer loop
      vertex 92.8817 -1.21352 2.2
      vertex 92.8817 1.21352 2.2
      vertex 93.2135 0.881678 2.2
    endloop
  endfacet
  facet normal 0 0 -1
    outer loop
      vertex 92.4635 -1.42658 2.2
      vertex 92.8817 1.21352 2.2
      vertex 92.8817 -1.21352 2.2
    endloop
  endfacet
  facet normal 0 0 -1
    outer loop
      vertex 92.4635 -1.42658 2.2
      vertex 92.4635 1.42658 2.2
      vertex 92.8817 1.21352 2.2
    endloop
  endfacet
  facet normal 0 0 -1
    outer loop
      vertex 92 -1.5 2.2
      vertex 92.4635 1.42658 2.2
      vertex 92.4635 -1.42658 2.2
    endloop
  endfacet
  facet normal 0 0 -1
    outer loop
      vertex 92 -1.5 2.2
      vertex 92 1.5 2.2
      vertex 92.4635 1.42658 2.2
    endloop
  endfacet
  facet normal 0 0 -1
    outer loop
      vertex 92 -1.5 2.2
      vertex 46 0 2.2
      vertex 92 1.5 2.2
    endloop
  endfacet
  facet normal 0 0 -1
    outer loop
      vertex 92 -1.5 2.2
      vertex 45.9973 -0.104671 2.2
      vertex 46 0 2.2
    endloop
  endfacet
  facet normal 0 0 -1
    outer loop
      vertex 92 -1.5 2.2
      vertex 45.989 -0.209057 2.2
      vertex 45.9973 -0.104671 2.2
    endloop
  endfacet
  facet normal 0 0 -1
    outer loop
      vertex 92 -1.5 2.2
      vertex 45.9754 -0.312868 2.2
      vertex 45.989 -0.209057 2.2
    endloop
  endfacet
  facet normal 0 0 -1
    outer loop
      vertex 92 -1.5 2.2
      vertex 45.9563 -0.415823 2.2
      vertex 45.9754 -0.312868 2.2
    endloop
  endfacet
  facet normal 0 0 -1
    outer loop
      vertex 92 -1.5 2.2
      vertex 45.9319 -0.517637 2.2
      vertex 45.9563 -0.415823 2.2
    endloop
  endfacet
  facet normal 0 0 -1
    outer loop
      vertex 92 -1.5 2.2
      vertex 45.9021 -0.618033 2.2
      vertex 45.9319 -0.517637 2.2
    endloop
  endfacet
  facet normal 0 0 -1
    outer loop
      vertex 92 -1.5 2.2
      vertex 45.8672 -0.716736 2.2
      vertex 45.9021 -0.618033 2.2
    endloop
  endfacet
  facet normal 0 0 -1
    outer loop
      vertex 92 -1.5 2.2
      vertex 45.8271 -0.813473 2.2
      vertex 45.8672 -0.716736 2.2
    endloop
  endfacet
  facet normal 0 0 -1
    outer loop
      vertex 92 -1.5 2.2
      vertex 45.782 -0.907981 2.2
      vertex 45.8271 -0.813473 2.2
    endloop
  endfacet
  facet normal 0 0 -1
    outer loop
      vertex 92 -1.5 2.2
      vertex 45.732 -1 2.2
      vertex 45.782 -0.907981 2.2
    endloop
  endfacet
  facet normal 0 0 -1
    outer loop
      vertex 92 -1.5 2.2
      vertex 45.6773 -1.08928 2.2
      vertex 45.732 -1 2.2
    endloop
  endfacet
  facet normal 0 0 -1
    outer loop
      vertex 92 -1.5 2.2
      vertex 45.618 -1.17557 2.2
      vertex 45.6773 -1.08928 2.2
    endloop
  endfacet
  facet normal 0 0 -1
    outer loop
      vertex 92 -1.5 2.2
      vertex 45.5543 -1.25864 2.2
      vertex 45.618 -1.17557 2.2
    endloop
  endfacet
  facet normal 0 0 -1
    outer loop
      vertex 92 -1.5 2.2
      vertex 45.4863 -1.33826 2.2
      vertex 45.5543 -1.25864 2.2
    endloop
  endfacet
  facet normal 0 0 -1
    outer loop
      vertex 92 -1.5 2.2
      vertex 45.4142 -1.41421 2.2
      vertex 45.4863 -1.33826 2.2
    endloop
  endfacet
  facet normal 0 0 -1
    outer loop
      vertex 92 -1.5 2.2
      vertex 45.3383 -1.48629 2.2
      vertex 45.4142 -1.41421 2.2
    endloop
  endfacet
  facet normal 0 0 -1
    outer loop
      vertex 39.4079 -8.88919 2.2
      vertex 45.3383 -1.48629 2.2
      vertex 92 -1.5 2.2
    endloop
  endfacet
  facet normal 0 0 -1
    outer loop
      vertex 45.3383 -1.48629 2.2
      vertex 39.4079 -8.88919 2.2
      vertex 45.2586 -1.55429 2.2
    endloop
  endfacet
  facet normal 0 0 -1
    outer loop
      vertex 45.2586 -1.55429 2.2
      vertex 39.4079 -8.88919 2.2
      vertex 45.1756 -1.61803 2.2
    endloop
  endfacet
  facet normal 0 0 -1
    outer loop
      vertex 45.1756 -1.61803 2.2
      vertex 39.4079 -8.88919 2.2
      vertex 45.0893 -1.67734 2.2
    endloop
  endfacet
  facet normal 0 0 -1
    outer loop
      vertex 45.0893 -1.67734 2.2
      vertex 39.4079 -8.88919 2.2
      vertex 45 -1.73205 2.2
    endloop
  endfacet
  facet normal 0 0 -1
    outer loop
      vertex 45 -1.73205 2.2
      vertex 39.4079 -8.88919 2.2
      vertex 44.908 -1.78201 2.2
    endloop
  endfacet
  facet normal 0 0 -1
    outer loop
      vertex 44.908 -1.78201 2.2
      vertex 39.4079 -8.88919 2.2
      vertex 44.8135 -1.82709 2.2
    endloop
  endfacet
  facet normal 0 0 -1
    outer loop
      vertex 44.8135 -1.82709 2.2
      vertex 39.4079 -8.88919 2.2
      vertex 44.7167 -1.86716 2.2
    endloop
  endfacet
  facet normal 0 0 -1
    outer loop
      vertex 44.7167 -1.86716 2.2
      vertex 39.4079 -8.88919 2.2
      vertex 44.618 -1.90211 2.2
    endloop
  endfacet
  facet normal 0 0 -1
    outer loop
      vertex 44.618 -1.90211 2.2
      vertex 39.4079 -8.88919 2.2
      vertex 44.5176 -1.93185 2.2
    endloop
  endfacet
  facet normal 0 0 -1
    outer loop
      vertex 44.5176 -1.93185 2.2
      vertex 39.4079 -8.88919 2.2
      vertex 44.4158 -1.9563 2.2
    endloop
  endfacet
  facet normal 0 0 -1
    outer loop
      vertex 44.4158 -1.9563 2.2
      vertex 39.4079 -8.88919 2.2
      vertex 44.3129 -1.97538 2.2
    endloop
  endfacet
  facet normal 0 0 -1
    outer loop
      vertex 44.3129 -1.97538 2.2
      vertex 39.4079 -8.88919 2.2
      vertex 44.2091 -1.98904 2.2
    endloop
  endfacet
  facet normal 0 0 -1
    outer loop
      vertex 44.2091 -1.98904 2.2
      vertex 39.4079 -8.88919 2.2
      vertex 44.1047 -1.99726 2.2
    endloop
  endfacet
  facet normal -0 0 -1
    outer loop
      vertex 42.0437 -0.415823 2.2
      vertex 35.9417 -8.73305 2.2
      vertex 42.0246 -0.312868 2.2
    endloop
  endfacet
  facet normal -0 0 -1
    outer loop
      vertex 42.0681 -0.517637 2.2
      vertex 35.9417 -8.73305 2.2
      vertex 42.0437 -0.415823 2.2
    endloop
  endfacet
  facet normal -0 0 -1
    outer loop
      vertex 42.0979 -0.618033 2.2
      vertex 35.9417 -8.73305 2.2
      vertex 42.0681 -0.517637 2.2
    endloop
  endfacet
  facet normal -0 0 -1
    outer loop
      vertex 42.1328 -0.716736 2.2
      vertex 35.9417 -8.73305 2.2
      vertex 42.0979 -0.618033 2.2
    endloop
  endfacet
  facet normal -0 0 -1
    outer loop
      vertex 42.1729 -0.813473 2.2
      vertex 35.9417 -8.73305 2.2
      vertex 42.1328 -0.716736 2.2
    endloop
  endfacet
  facet normal -0 0 -1
    outer loop
      vertex 42.218 -0.907981 2.2
      vertex 35.9417 -8.73305 2.2
      vertex 42.1729 -0.813473 2.2
    endloop
  endfacet
  facet normal 0 0 -1
    outer loop
      vertex 35.9417 -8.73305 2.2
      vertex 42.218 -0.907981 2.2
      vertex 36.5921 -8.88919 2.2
    endloop
  endfacet
  facet normal -0 0 -1
    outer loop
      vertex 42.2679 -1 2.2
      vertex 36.5921 -8.88919 2.2
      vertex 42.218 -0.907981 2.2
    endloop
  endfacet
  facet normal 0 0 -1
    outer loop
      vertex 36.5921 -8.88919 2.2
      vertex 42.2679 -1 2.2
      vertex 38 -9 2.2
    endloop
  endfacet
  facet normal -0 0 -1
    outer loop
      vertex 42.3227 -1.08928 2.2
      vertex 38 -9 2.2
      vertex 42.2679 -1 2.2
    endloop
  endfacet
  facet normal -0 0 -1
    outer loop
      vertex 42.382 -1.17557 2.2
      vertex 38 -9 2.2
      vertex 42.3227 -1.08928 2.2
    endloop
  endfacet
  facet normal 0 0 -1
    outer loop
      vertex 38 -9 2.2
      vertex 42.382 -1.17557 2.2
      vertex 39.4079 -8.88919 2.2
    endloop
  endfacet
  facet normal -0 0 -1
    outer loop
      vertex 42.4457 -1.25864 2.2
      vertex 39.4079 -8.88919 2.2
      vertex 42.382 -1.17557 2.2
    endloop
  endfacet
  facet normal -0 0 -1
    outer loop
      vertex 42.5137 -1.33826 2.2
      vertex 39.4079 -8.88919 2.2
      vertex 42.4457 -1.25864 2.2
    endloop
  endfacet
  facet normal -0 0 -1
    outer loop
      vertex 42.5858 -1.41421 2.2
      vertex 39.4079 -8.88919 2.2
      vertex 42.5137 -1.33826 2.2
    endloop
  endfacet
  facet normal -0 0 -1
    outer loop
      vertex 42.6617 -1.48629 2.2
      vertex 39.4079 -8.88919 2.2
      vertex 42.5858 -1.41421 2.2
    endloop
  endfacet
  facet normal -0 0 -1
    outer loop
      vertex 42.7414 -1.55429 2.2
      vertex 39.4079 -8.88919 2.2
      vertex 42.6617 -1.48629 2.2
    endloop
  endfacet
  facet normal -0 0 -1
    outer loop
      vertex 42.8244 -1.61803 2.2
      vertex 39.4079 -8.88919 2.2
      vertex 42.7414 -1.55429 2.2
    endloop
  endfacet
  facet normal -0 0 -1
    outer loop
      vertex 42.9107 -1.67734 2.2
      vertex 39.4079 -8.88919 2.2
      vertex 42.8244 -1.61803 2.2
    endloop
  endfacet
  facet normal -0 0 -1
    outer loop
      vertex 43 -1.73205 2.2
      vertex 39.4079 -8.88919 2.2
      vertex 42.9107 -1.67734 2.2
    endloop
  endfacet
  facet normal -0 0 -1
    outer loop
      vertex 43.092 -1.78201 2.2
      vertex 39.4079 -8.88919 2.2
      vertex 43 -1.73205 2.2
    endloop
  endfacet
  facet normal -0 0 -1
    outer loop
      vertex 43.1865 -1.82709 2.2
      vertex 39.4079 -8.88919 2.2
      vertex 43.092 -1.78201 2.2
    endloop
  endfacet
  facet normal -0 0 -1
    outer loop
      vertex 43.2833 -1.86716 2.2
      vertex 39.4079 -8.88919 2.2
      vertex 43.1865 -1.82709 2.2
    endloop
  endfacet
  facet normal -0 0 -1
    outer loop
      vertex 43.382 -1.90211 2.2
      vertex 39.4079 -8.88919 2.2
      vertex 43.2833 -1.86716 2.2
    endloop
  endfacet
  facet normal -0 0 -1
    outer loop
      vertex 43.4824 -1.93185 2.2
      vertex 39.4079 -8.88919 2.2
      vertex 43.382 -1.90211 2.2
    endloop
  endfacet
  facet normal -0 0 -1
    outer loop
      vertex 43.5842 -1.9563 2.2
      vertex 39.4079 -8.88919 2.2
      vertex 43.4824 -1.93185 2.2
    endloop
  endfacet
  facet normal -0 0 -1
    outer loop
      vertex 43.6871 -1.97538 2.2
      vertex 39.4079 -8.88919 2.2
      vertex 43.5842 -1.9563 2.2
    endloop
  endfacet
  facet normal -0 0 -1
    outer loop
      vertex 43.7909 -1.98904 2.2
      vertex 39.4079 -8.88919 2.2
      vertex 43.6871 -1.97538 2.2
    endloop
  endfacet
  facet normal -0 0 -1
    outer loop
      vertex 43.8953 -1.99726 2.2
      vertex 39.4079 -8.88919 2.2
      vertex 43.7909 -1.98904 2.2
    endloop
  endfacet
  facet normal -0 0 -1
    outer loop
      vertex 44 -2 2.2
      vertex 39.4079 -8.88919 2.2
      vertex 43.8953 -1.99726 2.2
    endloop
  endfacet
  facet normal 0 0 -1
    outer loop
      vertex 44.1047 -1.99726 2.2
      vertex 39.4079 -8.88919 2.2
      vertex 44 -2 2.2
    endloop
  endfacet
  facet normal 0 0 -1
    outer loop
      vertex 45.9973 0.104671 2.2
      vertex 92 1.5 2.2
      vertex 46 0 2.2
    endloop
  endfacet
  facet normal 0 0 -1
    outer loop
      vertex 45.989 0.209057 2.2
      vertex 92 1.5 2.2
      vertex 45.9973 0.104671 2.2
    endloop
  endfacet
  facet normal 0 0 -1
    outer loop
      vertex 45.9754 0.312868 2.2
      vertex 92 1.5 2.2
      vertex 45.989 0.209057 2.2
    endloop
  endfacet
  facet normal 0 0 -1
    outer loop
      vertex 45.9563 0.415823 2.2
      vertex 92 1.5 2.2
      vertex 45.9754 0.312868 2.2
    endloop
  endfacet
  facet normal 0 0 -1
    outer loop
      vertex 45.9319 0.517637 2.2
      vertex 92 1.5 2.2
      vertex 45.9563 0.415823 2.2
    endloop
  endfacet
  facet normal 0 0 -1
    outer loop
      vertex 45.9021 0.618033 2.2
      vertex 92 1.5 2.2
      vertex 45.9319 0.517637 2.2
    endloop
  endfacet
  facet normal 0 0 -1
    outer loop
      vertex 45.8672 0.716736 2.2
      vertex 92 1.5 2.2
      vertex 45.9021 0.618033 2.2
    endloop
  endfacet
  facet normal 0 0 -1
    outer loop
      vertex 45.8271 0.813473 2.2
      vertex 92 1.5 2.2
      vertex 45.8672 0.716736 2.2
    endloop
  endfacet
  facet normal 0 0 -1
    outer loop
      vertex 45.782 0.907981 2.2
      vertex 92 1.5 2.2
      vertex 45.8271 0.813473 2.2
    endloop
  endfacet
  facet normal 0 0 -1
    outer loop
      vertex 45.732 1 2.2
      vertex 92 1.5 2.2
      vertex 45.782 0.907981 2.2
    endloop
  endfacet
  facet normal 0 0 -1
    outer loop
      vertex 45.6773 1.08928 2.2
      vertex 92 1.5 2.2
      vertex 45.732 1 2.2
    endloop
  endfacet
  facet normal 0 0 -1
    outer loop
      vertex 45.618 1.17557 2.2
      vertex 92 1.5 2.2
      vertex 45.6773 1.08928 2.2
    endloop
  endfacet
  facet normal 0 0 -1
    outer loop
      vertex 45.5543 1.25864 2.2
      vertex 92 1.5 2.2
      vertex 45.618 1.17557 2.2
    endloop
  endfacet
  facet normal 0 0 -1
    outer loop
      vertex 45.4863 1.33826 2.2
      vertex 92 1.5 2.2
      vertex 45.5543 1.25864 2.2
    endloop
  endfacet
  facet normal 0 0 -1
    outer loop
      vertex 45.4142 1.41421 2.2
      vertex 92 1.5 2.2
      vertex 45.4863 1.33826 2.2
    endloop
  endfacet
  facet normal 0 0 -1
    outer loop
      vertex 45.3383 1.48629 2.2
      vertex 92 1.5 2.2
      vertex 45.4142 1.41421 2.2
    endloop
  endfacet
  facet normal 0 0 -1
    outer loop
      vertex 39.4079 8.88919 2.2
      vertex 45.3383 1.48629 2.2
      vertex 45.2586 1.55429 2.2
    endloop
  endfacet
  facet normal 0 0 -1
    outer loop
      vertex 39.4079 8.88919 2.2
      vertex 45.2586 1.55429 2.2
      vertex 45.1756 1.61803 2.2
    endloop
  endfacet
  facet normal 0 0 -1
    outer loop
      vertex 39.4079 8.88919 2.2
      vertex 45.1756 1.61803 2.2
      vertex 45.0893 1.67734 2.2
    endloop
  endfacet
  facet normal 0 0 -1
    outer loop
      vertex 39.4079 8.88919 2.2
      vertex 45.0893 1.67734 2.2
      vertex 45 1.73205 2.2
    endloop
  endfacet
  facet normal 0 0 -1
    outer loop
      vertex 39.4079 8.88919 2.2
      vertex 45 1.73205 2.2
      vertex 44.908 1.78201 2.2
    endloop
  endfacet
  facet normal 0 0 -1
    outer loop
      vertex 39.4079 8.88919 2.2
      vertex 44.908 1.78201 2.2
      vertex 44.8135 1.82709 2.2
    endloop
  endfacet
  facet normal 0 0 -1
    outer loop
      vertex 39.4079 8.88919 2.2
      vertex 44.8135 1.82709 2.2
      vertex 44.7167 1.86716 2.2
    endloop
  endfacet
  facet normal 0 0 -1
    outer loop
      vertex 39.4079 8.88919 2.2
      vertex 44.7167 1.86716 2.2
      vertex 44.618 1.90211 2.2
    endloop
  endfacet
  facet normal 0 0 -1
    outer loop
      vertex 39.4079 8.88919 2.2
      vertex 44.618 1.90211 2.2
      vertex 44.5176 1.93185 2.2
    endloop
  endfacet
  facet normal 0 0 -1
    outer loop
      vertex 39.4079 8.88919 2.2
      vertex 44.5176 1.93185 2.2
      vertex 44.4158 1.9563 2.2
    endloop
  endfacet
  facet normal 0 0 -1
    outer loop
      vertex 39.4079 8.88919 2.2
      vertex 44.4158 1.9563 2.2
      vertex 44.3129 1.97538 2.2
    endloop
  endfacet
  facet normal 0 0 -1
    outer loop
      vertex 39.4079 8.88919 2.2
      vertex 44.3129 1.97538 2.2
      vertex 44.2091 1.98904 2.2
    endloop
  endfacet
  facet normal 0 0 -1
    outer loop
      vertex 39.4079 8.88919 2.2
      vertex 44.2091 1.98904 2.2
      vertex 44.1047 1.99726 2.2
    endloop
  endfacet
  facet normal 0 0 -1
    outer loop
      vertex 39.4079 8.88919 2.2
      vertex 44.1047 1.99726 2.2
      vertex 44 2 2.2
    endloop
  endfacet
  facet normal -0 0 -1
    outer loop
      vertex 42.0246 -0.312868 2.2
      vertex 35.9417 -8.73305 2.2
      vertex 42.011 -0.209057 2.2
    endloop
  endfacet
  facet normal -0 0 -1
    outer loop
      vertex 42.011 -0.209057 2.2
      vertex 35.9417 -8.73305 2.2
      vertex 42.0027 -0.104671 2.2
    endloop
  endfacet
  facet normal 0 0 -1
    outer loop
      vertex 25.5 0 2.2
      vertex 42.0027 -0.104671 2.2
      vertex 35.9417 -8.73305 2.2
    endloop
  endfacet
  facet normal 0 0 -1
    outer loop
      vertex 42.0027 -0.104671 2.2
      vertex 25.5 0 2.2
      vertex 42 0 2.2
    endloop
  endfacet
  facet normal 0 0 -1
    outer loop
      vertex 42 0 2.2
      vertex 25.5 0 2.2
      vertex 42.0027 0.104671 2.2
    endloop
  endfacet
  facet normal 0 0 -1
    outer loop
      vertex 45.3383 1.48629 2.2
      vertex 39.4079 8.88919 2.2
      vertex 92 1.5 2.2
    endloop
  endfacet
  facet normal 0 0 -1
    outer loop
      vertex 43.8953 1.99726 2.2
      vertex 39.4079 8.88919 2.2
      vertex 44 2 2.2
    endloop
  endfacet
  facet normal 0 0 -1
    outer loop
      vertex 43.7909 1.98904 2.2
      vertex 39.4079 8.88919 2.2
      vertex 43.8953 1.99726 2.2
    endloop
  endfacet
  facet normal 0 0 -1
    outer loop
      vertex 43.6871 1.97538 2.2
      vertex 39.4079 8.88919 2.2
      vertex 43.7909 1.98904 2.2
    endloop
  endfacet
  facet normal 0 0 -1
    outer loop
      vertex 43.5842 1.9563 2.2
      vertex 39.4079 8.88919 2.2
      vertex 43.6871 1.97538 2.2
    endloop
  endfacet
  facet normal 0 0 -1
    outer loop
      vertex 43.4824 1.93185 2.2
      vertex 39.4079 8.88919 2.2
      vertex 43.5842 1.9563 2.2
    endloop
  endfacet
  facet normal 0 0 -1
    outer loop
      vertex 43.382 1.90211 2.2
      vertex 39.4079 8.88919 2.2
      vertex 43.4824 1.93185 2.2
    endloop
  endfacet
  facet normal 0 0 -1
    outer loop
      vertex 43.2833 1.86716 2.2
      vertex 39.4079 8.88919 2.2
      vertex 43.382 1.90211 2.2
    endloop
  endfacet
  facet normal 0 0 -1
    outer loop
      vertex 43.1865 1.82709 2.2
      vertex 39.4079 8.88919 2.2
      vertex 43.2833 1.86716 2.2
    endloop
  endfacet
  facet normal 0 0 -1
    outer loop
      vertex 43.092 1.78201 2.2
      vertex 39.4079 8.88919 2.2
      vertex 43.1865 1.82709 2.2
    endloop
  endfacet
  facet normal 0 0 -1
    outer loop
      vertex 43 1.73205 2.2
      vertex 39.4079 8.88919 2.2
      vertex 43.092 1.78201 2.2
    endloop
  endfacet
  facet normal 0 0 -1
    outer loop
      vertex 42.9107 1.67734 2.2
      vertex 39.4079 8.88919 2.2
      vertex 43 1.73205 2.2
    endloop
  endfacet
  facet normal 0 0 -1
    outer loop
      vertex 42.8244 1.61803 2.2
      vertex 39.4079 8.88919 2.2
      vertex 42.9107 1.67734 2.2
    endloop
  endfacet
  facet normal 0 0 -1
    outer loop
      vertex 42.7414 1.55429 2.2
      vertex 39.4079 8.88919 2.2
      vertex 42.8244 1.61803 2.2
    endloop
  endfacet
  facet normal 0 0 -1
    outer loop
      vertex 42.6617 1.48629 2.2
      vertex 39.4079 8.88919 2.2
      vertex 42.7414 1.55429 2.2
    endloop
  endfacet
  facet normal 0 0 -1
    outer loop
      vertex 42.5858 1.41421 2.2
      vertex 39.4079 8.88919 2.2
      vertex 42.6617 1.48629 2.2
    endloop
  endfacet
  facet normal 0 0 -1
    outer loop
      vertex 42.5137 1.33826 2.2
      vertex 39.4079 8.88919 2.2
      vertex 42.5858 1.41421 2.2
    endloop
  endfacet
  facet normal 0 0 -1
    outer loop
      vertex 42.4457 1.25864 2.2
      vertex 39.4079 8.88919 2.2
      vertex 42.5137 1.33826 2.2
    endloop
  endfacet
  facet normal 0 0 -1
    outer loop
      vertex 42.382 1.17557 2.2
      vertex 39.4079 8.88919 2.2
      vertex 42.4457 1.25864 2.2
    endloop
  endfacet
  facet normal 0 0 -1
    outer loop
      vertex 38 9 2.2
      vertex 42.382 1.17557 2.2
      vertex 42.3227 1.08928 2.2
    endloop
  endfacet
  facet normal 0 0 -1
    outer loop
      vertex 38 9 2.2
      vertex 42.3227 1.08928 2.2
      vertex 42.2679 1 2.2
    endloop
  endfacet
  facet normal 0 0 -1
    outer loop
      vertex 36.5921 8.88919 2.2
      vertex 42.2679 1 2.2
      vertex 42.218 0.907981 2.2
    endloop
  endfacet
  facet normal 0 0 -1
    outer loop
      vertex 35.9417 8.73305 2.2
      vertex 42.218 0.907981 2.2
      vertex 42.1729 0.813473 2.2
    endloop
  endfacet
  facet normal 0 0 -1
    outer loop
      vertex 35.9417 8.73305 2.2
      vertex 42.1729 0.813473 2.2
      vertex 42.1328 0.716736 2.2
    endloop
  endfacet
  facet normal 0 0 -1
    outer loop
      vertex 35.9417 8.73305 2.2
      vertex 42.1328 0.716736 2.2
      vertex 42.0979 0.618033 2.2
    endloop
  endfacet
  facet normal 0 0 -1
    outer loop
      vertex 35.9417 8.73305 2.2
      vertex 42.0979 0.618033 2.2
      vertex 42.0681 0.517637 2.2
    endloop
  endfacet
  facet normal -0 0 -1
    outer loop
      vertex 42.0027 0.104671 2.2
      vertex 25.5 0 2.2
      vertex 42.011 0.209057 2.2
    endloop
  endfacet
  facet normal 0 -0 -1
    outer loop
      vertex 35.9417 8.73305 2.2
      vertex 42.011 0.209057 2.2
      vertex 25.5 0 2.2
    endloop
  endfacet
  facet normal 0 0 -1
    outer loop
      vertex 42.0246 0.312868 2.2
      vertex 35.9417 8.73305 2.2
      vertex 42.0437 0.415823 2.2
    endloop
  endfacet
  facet normal 0 0 -1
    outer loop
      vertex 42.011 0.209057 2.2
      vertex 35.9417 8.73305 2.2
      vertex 42.0246 0.312868 2.2
    endloop
  endfacet
  facet normal 0 0 -1
    outer loop
      vertex 42.218 0.907981 2.2
      vertex 35.9417 8.73305 2.2
      vertex 36.5921 8.88919 2.2
    endloop
  endfacet
  facet normal 0 0 -1
    outer loop
      vertex 42.382 1.17557 2.2
      vertex 38 9 2.2
      vertex 39.4079 8.88919 2.2
    endloop
  endfacet
  facet normal 0 0 -1
    outer loop
      vertex 42.2679 1 2.2
      vertex 36.5921 8.88919 2.2
      vertex 38 9 2.2
    endloop
  endfacet
  facet normal 0 0 -1
    outer loop
      vertex 24.6311 -6.59988 2.2
      vertex 35.9417 -8.73305 2.2
      vertex 35.7393 -9.5763 2.2
    endloop
  endfacet
  facet normal 0 0 -1
    outer loop
      vertex 42.0437 0.415823 2.2
      vertex 35.9417 8.73305 2.2
      vertex 42.0681 0.517637 2.2
    endloop
  endfacet
  facet normal 0 0 -1
    outer loop
      vertex 24.6311 -6.59988 2.2
      vertex 35.7393 -9.5763 2.2
      vertex 35.1891 -11.4336 2.2
    endloop
  endfacet
  facet normal 0 0 -1
    outer loop
      vertex 25.4651 1.33457 2.2
      vertex 35.9417 8.73305 2.2
      vertex 25.5 0 2.2
    endloop
  endfacet
  facet normal 0 0 -1
    outer loop
      vertex 24.2519 -7.87993 2.2
      vertex 35.1891 -11.4336 2.2
      vertex 34.5425 -13.2596 2.2
    endloop
  endfacet
  facet normal 0 0 -1
    outer loop
      vertex 25.3603 2.66547 2.2
      vertex 35.9417 8.73305 2.2
      vertex 25.4651 1.33457 2.2
    endloop
  endfacet
  facet normal 0 0 -1
    outer loop
      vertex 23.8063 -9.13838 2.2
      vertex 34.5425 -13.2596 2.2
      vertex 33.8012 -15.0493 2.2
    endloop
  endfacet
  facet normal 0 0 -1
    outer loop
      vertex 25.1861 3.98908 2.2
      vertex 35.9417 8.73305 2.2
      vertex 25.3603 2.66547 2.2
    endloop
  endfacet
  facet normal 0 0 -1
    outer loop
      vertex 23.2954 -10.3718 2.2
      vertex 33.8012 -15.0493 2.2
      vertex 32.9672 -16.7976 2.2
    endloop
  endfacet
  facet normal 0 0 -1
    outer loop
      vertex 24.9428 5.30175 2.2
      vertex 35.9417 8.73305 2.2
      vertex 25.1861 3.98908 2.2
    endloop
  endfacet
  facet normal 0 0 -1
    outer loop
      vertex 22.7207 -11.5768 2.2
      vertex 32.9672 -16.7976 2.2
      vertex 32.0429 -18.5 2.2
    endloop
  endfacet
  facet normal 0 0 -1
    outer loop
      vertex 24.6311 6.59988 2.2
      vertex 35.9417 8.73305 2.2
      vertex 24.9428 5.30175 2.2
    endloop
  endfacet
  facet normal 0 0 -1
    outer loop
      vertex 22.0836 -12.75 2.2
      vertex 32.0429 -18.5 2.2
      vertex 31.0308 -20.1516 2.2
    endloop
  endfacet
  facet normal -0 0 -1
    outer loop
      vertex 35.9417 8.73305 2.2
      vertex 24.6311 6.59988 2.2
      vertex 35.7393 9.5763 2.2
    endloop
  endfacet
  facet normal 0 0 -1
    outer loop
      vertex 21.3861 -13.8883 2.2
      vertex 31.0308 -20.1516 2.2
      vertex 29.9336 -21.7481 2.2
    endloop
  endfacet
  facet normal -0 0 -1
    outer loop
      vertex 35.7393 9.5763 2.2
      vertex 24.6311 6.59988 2.2
      vertex 35.1891 11.4336 2.2
    endloop
  endfacet
  facet normal 0 0 -1
    outer loop
      vertex 20.6299 -14.9885 2.2
      vertex 29.9336 -21.7481 2.2
      vertex 28.7544 -23.2849 2.2
    endloop
  endfacet
  facet normal 0 0 -1
    outer loop
      vertex 24.2519 7.87993 2.2
      vertex 35.1891 11.4336 2.2
      vertex 24.6311 6.59988 2.2
    endloop
  endfacet
  facet normal 0 0 -1
    outer loop
      vertex 19.8172 -16.0477 2.2
      vertex 28.7544 -23.2849 2.2
      vertex 27.4964 -24.7578 2.2
    endloop
  endfacet
  facet normal -0 0 -1
    outer loop
      vertex 35.1891 11.4336 2.2
      vertex 24.2519 7.87993 2.2
      vertex 34.5425 13.2596 2.2
    endloop
  endfacet
  facet normal 0 0 -1
    outer loop
      vertex 18.9502 -17.0628 2.2
      vertex 27.4964 -24.7578 2.2
      vertex 26.163 -26.163 2.2
    endloop
  endfacet
  facet normal 0 0 -1
    outer loop
      vertex 23.8063 9.13838 2.2
      vertex 34.5425 13.2596 2.2
      vertex 24.2519 7.87993 2.2
    endloop
  endfacet
  facet normal -0 0 -1
    outer loop
      vertex 34.5425 13.2596 2.2
      vertex 23.8063 9.13838 2.2
      vertex 33.8012 15.0493 2.2
    endloop
  endfacet
  facet normal 0 0 -1
    outer loop
      vertex 35.9417 -8.73305 2.2
      vertex 25.4651 -1.33457 2.2
      vertex 25.5 0 2.2
    endloop
  endfacet
  facet normal 0 0 -1
    outer loop
      vertex 35.9417 -8.73305 2.2
      vertex 25.3603 -2.66547 2.2
      vertex 25.4651 -1.33457 2.2
    endloop
  endfacet
  facet normal 0 0 -1
    outer loop
      vertex 35.9417 -8.73305 2.2
      vertex 25.1861 -3.98908 2.2
      vertex 25.3603 -2.66547 2.2
    endloop
  endfacet
  facet normal 0 0 -1
    outer loop
      vertex 35.9417 -8.73305 2.2
      vertex 24.9428 -5.30175 2.2
      vertex 25.1861 -3.98908 2.2
    endloop
  endfacet
  facet normal 0 0 -1
    outer loop
      vertex 18.0312 -18.0312 2.2
      vertex 26.163 -26.163 2.2
      vertex 24.7578 -27.4964 2.2
    endloop
  endfacet
  facet normal 0 0 -1
    outer loop
      vertex 35.9417 -8.73305 2.2
      vertex 24.6311 -6.59988 2.2
      vertex 24.9428 -5.30175 2.2
    endloop
  endfacet
  facet normal 0 0 -1
    outer loop
      vertex 35.1891 -11.4336 2.2
      vertex 24.2519 -7.87993 2.2
      vertex 24.6311 -6.59988 2.2
    endloop
  endfacet
  facet normal 0 0 -1
    outer loop
      vertex 34.5425 -13.2596 2.2
      vertex 23.8063 -9.13838 2.2
      vertex 24.2519 -7.87993 2.2
    endloop
  endfacet
  facet normal 0 0 -1
    outer loop
      vertex 33.8012 -15.0493 2.2
      vertex 23.2954 -10.3718 2.2
      vertex 23.8063 -9.13838 2.2
    endloop
  endfacet
  facet normal 0 0 -1
    outer loop
      vertex 17.0628 -18.9502 2.2
      vertex 24.7578 -27.4964 2.2
      vertex 23.2849 -28.7544 2.2
    endloop
  endfacet
  facet normal 0 0 -1
    outer loop
      vertex 32.9672 -16.7976 2.2
      vertex 22.7207 -11.5768 2.2
      vertex 23.2954 -10.3718 2.2
    endloop
  endfacet
  facet normal 0 0 -1
    outer loop
      vertex 32.0429 -18.5 2.2
      vertex 22.0836 -12.75 2.2
      vertex 22.7207 -11.5768 2.2
    endloop
  endfacet
  facet normal 0 0 -1
    outer loop
      vertex 16.0477 -19.8172 2.2
      vertex 23.2849 -28.7544 2.2
      vertex 21.7481 -29.9336 2.2
    endloop
  endfacet
  facet normal 0 0 -1
    outer loop
      vertex 31.0308 -20.1516 2.2
      vertex 21.3861 -13.8883 2.2
      vertex 22.0836 -12.75 2.2
    endloop
  endfacet
  facet normal 0 0 -1
    outer loop
      vertex 29.9336 -21.7481 2.2
      vertex 20.6299 -14.9885 2.2
      vertex 21.3861 -13.8883 2.2
    endloop
  endfacet
  facet normal 0 0 -1
    outer loop
      vertex 14.9885 -20.6299 2.2
      vertex 21.7481 -29.9336 2.2
      vertex 20.1516 -31.0308 2.2
    endloop
  endfacet
  facet normal 0 0 -1
    outer loop
      vertex 28.7544 -23.2849 2.2
      vertex 19.8172 -16.0477 2.2
      vertex 20.6299 -14.9885 2.2
    endloop
  endfacet
  facet normal 0 0 -1
    outer loop
      vertex 27.4964 -24.7578 2.2
      vertex 18.9502 -17.0628 2.2
      vertex 19.8172 -16.0477 2.2
    endloop
  endfacet
  facet normal 0 0 -1
    outer loop
      vertex 13.8883 -21.3861 2.2
      vertex 20.1516 -31.0308 2.2
      vertex 18.5 -32.0429 2.2
    endloop
  endfacet
  facet normal 0 0 -1
    outer loop
      vertex 26.163 -26.163 2.2
      vertex 18.0312 -18.0312 2.2
      vertex 18.9502 -17.0628 2.2
    endloop
  endfacet
  facet normal 0 0 -1
    outer loop
      vertex 24.7578 -27.4964 2.2
      vertex 17.0628 -18.9502 2.2
      vertex 18.0312 -18.0312 2.2
    endloop
  endfacet
  facet normal 0 0 -1
    outer loop
      vertex 12.75 -22.0836 2.2
      vertex 18.5 -32.0429 2.2
      vertex 16.7976 -32.9672 2.2
    endloop
  endfacet
  facet normal 0 0 -1
    outer loop
      vertex 23.2849 -28.7544 2.2
      vertex 16.0477 -19.8172 2.2
      vertex 17.0628 -18.9502 2.2
    endloop
  endfacet
  facet normal 0 0 -1
    outer loop
      vertex 11.5768 -22.7207 2.2
      vertex 16.7976 -32.9672 2.2
      vertex 15.0493 -33.8012 2.2
    endloop
  endfacet
  facet normal 0 0 -1
    outer loop
      vertex 21.7481 -29.9336 2.2
      vertex 14.9885 -20.6299 2.2
      vertex 16.0477 -19.8172 2.2
    endloop
  endfacet
  facet normal 0 0 -1
    outer loop
      vertex 20.1516 -31.0308 2.2
      vertex 13.8883 -21.3861 2.2
      vertex 14.9885 -20.6299 2.2
    endloop
  endfacet
  facet normal 0 0 -1
    outer loop
      vertex 10.3718 -23.2954 2.2
      vertex 15.0493 -33.8012 2.2
      vertex 13.2596 -34.5425 2.2
    endloop
  endfacet
  facet normal 0 0 -1
    outer loop
      vertex 18.5 -32.0429 2.2
      vertex 12.75 -22.0836 2.2
      vertex 13.8883 -21.3861 2.2
    endloop
  endfacet
  facet normal 0 0 -1
    outer loop
      vertex 16.7976 -32.9672 2.2
      vertex 11.5768 -22.7207 2.2
      vertex 12.75 -22.0836 2.2
    endloop
  endfacet
  facet normal 0 0 -1
    outer loop
      vertex 9.13838 -23.8063 2.2
      vertex 13.2596 -34.5425 2.2
      vertex 11.4336 -35.1891 2.2
    endloop
  endfacet
  facet normal 0 0 -1
    outer loop
      vertex 15.0493 -33.8012 2.2
      vertex 10.3718 -23.2954 2.2
      vertex 11.5768 -22.7207 2.2
    endloop
  endfacet
  facet normal 0 0 -1
    outer loop
      vertex 7.87993 -24.2519 2.2
      vertex 11.4336 -35.1891 2.2
      vertex 9.5763 -35.7393 2.2
    endloop
  endfacet
  facet normal 0 0 -1
    outer loop
      vertex 13.2596 -34.5425 2.2
      vertex 9.13838 -23.8063 2.2
      vertex 10.3718 -23.2954 2.2
    endloop
  endfacet
  facet normal 0 0 -1
    outer loop
      vertex 11.4336 -35.1891 2.2
      vertex 7.87993 -24.2519 2.2
      vertex 9.13838 -23.8063 2.2
    endloop
  endfacet
  facet normal 0 0 -1
    outer loop
      vertex 6.59988 -24.6311 2.2
      vertex 9.5763 -35.7393 2.2
      vertex 7.69273 -36.1915 2.2
    endloop
  endfacet
  facet normal 0 0 -1
    outer loop
      vertex 9.5763 -35.7393 2.2
      vertex 6.59988 -24.6311 2.2
      vertex 7.87993 -24.2519 2.2
    endloop
  endfacet
  facet normal 0 0 -1
    outer loop
      vertex 5.30175 -24.9428 2.2
      vertex 7.69273 -36.1915 2.2
      vertex 5.78807 -36.5445 2.2
    endloop
  endfacet
  facet normal 0 0 -1
    outer loop
      vertex 7.69273 -36.1915 2.2
      vertex 5.30175 -24.9428 2.2
      vertex 6.59988 -24.6311 2.2
    endloop
  endfacet
  facet normal 0 0 -1
    outer loop
      vertex 5.78807 -36.5445 2.2
      vertex 3.98908 -25.1861 2.2
      vertex 5.30175 -24.9428 2.2
    endloop
  endfacet
  facet normal 0 0 -1
    outer loop
      vertex 3.86755 -36.7973 2.2
      vertex 3.98908 -25.1861 2.2
      vertex 5.78807 -36.5445 2.2
    endloop
  endfacet
  facet normal 0 0 -1
    outer loop
      vertex 3.86755 -36.7973 2.2
      vertex 2.66547 -25.3603 2.2
      vertex 3.98908 -25.1861 2.2
    endloop
  endfacet
  facet normal 0 0 -1
    outer loop
      vertex 1.93643 -36.9493 2.2
      vertex 2.66547 -25.3603 2.2
      vertex 3.86755 -36.7973 2.2
    endloop
  endfacet
  facet normal 0 0 -1
    outer loop
      vertex 1.93643 -36.9493 2.2
      vertex 1.33457 -25.4651 2.2
      vertex 2.66547 -25.3603 2.2
    endloop
  endfacet
  facet normal 0 0 -1
    outer loop
      vertex 0 -37 2.2
      vertex 1.33457 -25.4651 2.2
      vertex 1.93643 -36.9493 2.2
    endloop
  endfacet
  facet normal 0 0 -1
    outer loop
      vertex 0 -37 2.2
      vertex 0 -25.5 2.2
      vertex 1.33457 -25.4651 2.2
    endloop
  endfacet
  facet normal 0 0 -1
    outer loop
      vertex 0 -37 2.2
      vertex -1.33457 -25.4651 2.2
      vertex 0 -25.5 2.2
    endloop
  endfacet
  facet normal 0 0 -1
    outer loop
      vertex -1.93643 -36.9493 2.2
      vertex -1.33457 -25.4651 2.2
      vertex 0 -37 2.2
    endloop
  endfacet
  facet normal 0 0 -1
    outer loop
      vertex -1.93643 -36.9493 2.2
      vertex -2.66547 -25.3603 2.2
      vertex -1.33457 -25.4651 2.2
    endloop
  endfacet
  facet normal 0 0 -1
    outer loop
      vertex -3.86755 -36.7973 2.2
      vertex -2.66547 -25.3603 2.2
      vertex -1.93643 -36.9493 2.2
    endloop
  endfacet
  facet normal 0 0 -1
    outer loop
      vertex -3.86755 -36.7973 2.2
      vertex -3.98908 -25.1861 2.2
      vertex -2.66547 -25.3603 2.2
    endloop
  endfacet
  facet normal 0 0 -1
    outer loop
      vertex -5.78807 -36.5445 2.2
      vertex -3.98908 -25.1861 2.2
      vertex -3.86755 -36.7973 2.2
    endloop
  endfacet
  facet normal -0 0 -1
    outer loop
      vertex -3.98908 -25.1861 2.2
      vertex -5.78807 -36.5445 2.2
      vertex -5.30175 -24.9428 2.2
    endloop
  endfacet
  facet normal 0 0 -1
    outer loop
      vertex -7.69273 -36.1915 2.2
      vertex -5.30175 -24.9428 2.2
      vertex -5.78807 -36.5445 2.2
    endloop
  endfacet
  facet normal -0 0 -1
    outer loop
      vertex -5.30175 -24.9428 2.2
      vertex -7.69273 -36.1915 2.2
      vertex -6.59988 -24.6311 2.2
    endloop
  endfacet
  facet normal 0 0 -1
    outer loop
      vertex -9.5763 -35.7393 2.2
      vertex -6.59988 -24.6311 2.2
      vertex -7.69273 -36.1915 2.2
    endloop
  endfacet
  facet normal -0 0 -1
    outer loop
      vertex -6.59988 -24.6311 2.2
      vertex -9.5763 -35.7393 2.2
      vertex -7.87993 -24.2519 2.2
    endloop
  endfacet
  facet normal 0 0 -1
    outer loop
      vertex -11.4336 -35.1891 2.2
      vertex -7.87993 -24.2519 2.2
      vertex -9.5763 -35.7393 2.2
    endloop
  endfacet
  facet normal -0 0 -1
    outer loop
      vertex -7.87993 -24.2519 2.2
      vertex -11.4336 -35.1891 2.2
      vertex -9.13838 -23.8063 2.2
    endloop
  endfacet
  facet normal 0 0 -1
    outer loop
      vertex -13.2596 -34.5425 2.2
      vertex -9.13838 -23.8063 2.2
      vertex -11.4336 -35.1891 2.2
    endloop
  endfacet
  facet normal -0 0 -1
    outer loop
      vertex -9.13838 -23.8063 2.2
      vertex -13.2596 -34.5425 2.2
      vertex -10.3718 -23.2954 2.2
    endloop
  endfacet
  facet normal 0 0 -1
    outer loop
      vertex -15.0493 -33.8012 2.2
      vertex -10.3718 -23.2954 2.2
      vertex -13.2596 -34.5425 2.2
    endloop
  endfacet
  facet normal -0 0 -1
    outer loop
      vertex -10.3718 -23.2954 2.2
      vertex -15.0493 -33.8012 2.2
      vertex -11.5768 -22.7207 2.2
    endloop
  endfacet
  facet normal 0 0 -1
    outer loop
      vertex -16.7976 -32.9672 2.2
      vertex -11.5768 -22.7207 2.2
      vertex -15.0493 -33.8012 2.2
    endloop
  endfacet
  facet normal -0 0 -1
    outer loop
      vertex -11.5768 -22.7207 2.2
      vertex -16.7976 -32.9672 2.2
      vertex -12.75 -22.0836 2.2
    endloop
  endfacet
  facet normal 0 0 -1
    outer loop
      vertex -18.5 -32.0429 2.2
      vertex -12.75 -22.0836 2.2
      vertex -16.7976 -32.9672 2.2
    endloop
  endfacet
  facet normal -0 0 -1
    outer loop
      vertex -12.75 -22.0836 2.2
      vertex -18.5 -32.0429 2.2
      vertex -13.8883 -21.3861 2.2
    endloop
  endfacet
  facet normal 0 0 -1
    outer loop
      vertex -20.1516 -31.0308 2.2
      vertex -13.8883 -21.3861 2.2
      vertex -18.5 -32.0429 2.2
    endloop
  endfacet
  facet normal -0 0 -1
    outer loop
      vertex -13.8883 -21.3861 2.2
      vertex -20.1516 -31.0308 2.2
      vertex -14.9885 -20.6299 2.2
    endloop
  endfacet
  facet normal 0 0 -1
    outer loop
      vertex -21.7481 -29.9336 2.2
      vertex -14.9885 -20.6299 2.2
      vertex -20.1516 -31.0308 2.2
    endloop
  endfacet
  facet normal -0 0 -1
    outer loop
      vertex -14.9885 -20.6299 2.2
      vertex -21.7481 -29.9336 2.2
      vertex -16.0477 -19.8172 2.2
    endloop
  endfacet
  facet normal 0 0 -1
    outer loop
      vertex -23.2849 -28.7544 2.2
      vertex -16.0477 -19.8172 2.2
      vertex -21.7481 -29.9336 2.2
    endloop
  endfacet
  facet normal -0 0 -1
    outer loop
      vertex -16.0477 -19.8172 2.2
      vertex -23.2849 -28.7544 2.2
      vertex -17.0628 -18.9502 2.2
    endloop
  endfacet
  facet normal 0 0 -1
    outer loop
      vertex -24.7578 -27.4964 2.2
      vertex -17.0628 -18.9502 2.2
      vertex -23.2849 -28.7544 2.2
    endloop
  endfacet
  facet normal -0 0 -1
    outer loop
      vertex -17.0628 -18.9502 2.2
      vertex -24.7578 -27.4964 2.2
      vertex -18.0312 -18.0312 2.2
    endloop
  endfacet
  facet normal 0 0 -1
    outer loop
      vertex -26.163 -26.163 2.2
      vertex -18.0312 -18.0312 2.2
      vertex -24.7578 -27.4964 2.2
    endloop
  endfacet
  facet normal -0 0 -1
    outer loop
      vertex -18.0312 -18.0312 2.2
      vertex -26.163 -26.163 2.2
      vertex -18.9502 -17.0628 2.2
    endloop
  endfacet
  facet normal 0 0 -1
    outer loop
      vertex -27.4964 -24.7578 2.2
      vertex -18.9502 -17.0628 2.2
      vertex -26.163 -26.163 2.2
    endloop
  endfacet
  facet normal -0 0 -1
    outer loop
      vertex -18.9502 -17.0628 2.2
      vertex -27.4964 -24.7578 2.2
      vertex -19.8172 -16.0477 2.2
    endloop
  endfacet
  facet normal 0 0 -1
    outer loop
      vertex -28.7544 -23.2849 2.2
      vertex -19.8172 -16.0477 2.2
      vertex -27.4964 -24.7578 2.2
    endloop
  endfacet
  facet normal -0 0 -1
    outer loop
      vertex -19.8172 -16.0477 2.2
      vertex -28.7544 -23.2849 2.2
      vertex -20.6299 -14.9885 2.2
    endloop
  endfacet
  facet normal 0 0 -1
    outer loop
      vertex -29.9336 -21.7481 2.2
      vertex -20.6299 -14.9885 2.2
      vertex -28.7544 -23.2849 2.2
    endloop
  endfacet
  facet normal -0 0 -1
    outer loop
      vertex -20.6299 -14.9885 2.2
      vertex -29.9336 -21.7481 2.2
      vertex -21.3861 -13.8883 2.2
    endloop
  endfacet
  facet normal 0 0 -1
    outer loop
      vertex -31.0308 -20.1516 2.2
      vertex -21.3861 -13.8883 2.2
      vertex -29.9336 -21.7481 2.2
    endloop
  endfacet
  facet normal -0 0 -1
    outer loop
      vertex -21.3861 -13.8883 2.2
      vertex -31.0308 -20.1516 2.2
      vertex -22.0836 -12.75 2.2
    endloop
  endfacet
  facet normal 0 0 -1
    outer loop
      vertex -32.0429 -18.5 2.2
      vertex -22.0836 -12.75 2.2
      vertex -31.0308 -20.1516 2.2
    endloop
  endfacet
  facet normal -0 0 -1
    outer loop
      vertex -22.0836 -12.75 2.2
      vertex -32.0429 -18.5 2.2
      vertex -22.7207 -11.5768 2.2
    endloop
  endfacet
  facet normal 0 0 -1
    outer loop
      vertex -32.9672 -16.7976 2.2
      vertex -22.7207 -11.5768 2.2
      vertex -32.0429 -18.5 2.2
    endloop
  endfacet
  facet normal -0 0 -1
    outer loop
      vertex -22.7207 -11.5768 2.2
      vertex -32.9672 -16.7976 2.2
      vertex -23.2954 -10.3718 2.2
    endloop
  endfacet
  facet normal -0 0 -1
    outer loop
      vertex -23.2954 -10.3718 2.2
      vertex -33.8012 -15.0493 2.2
      vertex -23.8063 -9.13838 2.2
    endloop
  endfacet
  facet normal 0 0 -1
    outer loop
      vertex -33.8012 -15.0493 2.2
      vertex -23.2954 -10.3718 2.2
      vertex -32.9672 -16.7976 2.2
    endloop
  endfacet
  facet normal 0.333797 -0.942645 0
    outer loop
      vertex 11.4336 -35.1891 2.2
      vertex 13.2596 -34.5425 8.2
      vertex 11.4336 -35.1891 8.2
    endloop
  endfacet
  facet normal 0.333797 -0.942645 0
    outer loop
      vertex 13.2596 -34.5425 8.2
      vertex 11.4336 -35.1891 2.2
      vertex 13.2596 -34.5425 2.2
    endloop
  endfacet
  facet normal -0.688331 -0.725396 0
    outer loop
      vertex -26.163 -26.163 2.2
      vertex -24.7578 -27.4964 8.2
      vertex -26.163 -26.163 8.2
    endloop
  endfacet
  facet normal -0.688331 -0.725396 -0
    outer loop
      vertex -24.7578 -27.4964 8.2
      vertex -26.163 -26.163 2.2
      vertex -24.7578 -27.4964 2.2
    endloop
  endfacet
  facet normal 0.608752 -0.79336 0
    outer loop
      vertex 21.7481 -29.9336 2.2
      vertex 23.2849 -28.7544 8.2
      vertex 21.7481 -29.9336 8.2
    endloop
  endfacet
  facet normal 0.608752 -0.79336 0
    outer loop
      vertex 23.2849 -28.7544 8.2
      vertex 21.7481 -29.9336 2.2
      vertex 23.2849 -28.7544 2.2
    endloop
  endfacet
  facet normal -0.566391 -0.824137 0
    outer loop
      vertex -21.7481 -29.9336 2.2
      vertex -20.1516 -31.0308 8.2
      vertex -21.7481 -29.9336 8.2
    endloop
  endfacet
  facet normal -0.566391 -0.824137 -0
    outer loop
      vertex -20.1516 -31.0308 8.2
      vertex -21.7481 -29.9336 2.2
      vertex -20.1516 -31.0308 2.2
    endloop
  endfacet
  facet normal -0.608752 0.79336 0
    outer loop
      vertex -21.7481 29.9336 2.2
      vertex -23.2849 28.7544 8.2
      vertex -21.7481 29.9336 8.2
    endloop
  endfacet
  facet normal -0.608752 0.79336 0
    outer loop
      vertex -23.2849 28.7544 8.2
      vertex -21.7481 29.9336 2.2
      vertex -23.2849 28.7544 2.2
    endloop
  endfacet
  facet normal 0.522498 -0.852641 0
    outer loop
      vertex 18.5 -32.0429 2.2
      vertex 20.1516 -31.0308 8.2
      vertex 18.5 -32.0429 8.2
    endloop
  endfacet
  facet normal 0.522498 -0.852641 0
    outer loop
      vertex 20.1516 -31.0308 8.2
      vertex 18.5 -32.0429 2.2
      vertex 20.1516 -31.0308 2.2
    endloop
  endfacet
  facet normal -0.852641 -0.522498 0
    outer loop
      vertex -31.0308 -20.1516 2.2
      vertex -32.0429 -18.5 8.2
      vertex -32.0429 -18.5 2.2
    endloop
  endfacet
  facet normal -0.852641 -0.522498 0
    outer loop
      vertex -32.0429 -18.5 8.2
      vertex -31.0308 -20.1516 2.2
      vertex -31.0308 -20.1516 8.2
    endloop
  endfacet
  facet normal -0.566391 0.824137 0
    outer loop
      vertex -20.1516 31.0308 2.2
      vertex -21.7481 29.9336 8.2
      vertex -20.1516 31.0308 8.2
    endloop
  endfacet
  facet normal -0.566391 0.824137 0
    outer loop
      vertex -21.7481 29.9336 8.2
      vertex -20.1516 31.0308 2.2
      vertex -21.7481 29.9336 2.2
    endloop
  endfacet
  facet normal 0.233443 0.972371 -0
    outer loop
      vertex 9.5763 35.7393 2.2
      vertex 7.69273 36.1915 8.2
      vertex 9.5763 35.7393 8.2
    endloop
  endfacet
  facet normal 0.233443 0.972371 0
    outer loop
      vertex 7.69273 36.1915 8.2
      vertex 9.5763 35.7393 2.2
      vertex 7.69273 36.1915 2.2
    endloop
  endfacet
  facet normal -0.999657 -0.0261732 0
    outer loop
      vertex -36.9493 -1.93643 4.4
      vertex -37 0 8.2
      vertex -37 0 4.4
    endloop
  endfacet
  facet normal -0.999657 -0.0261732 0
    outer loop
      vertex -37 0 8.2
      vertex -36.9493 -1.93643 4.4
      vertex -36.9493 -1.93643 8.2
    endloop
  endfacet
  facet normal 0 0 1
    outer loop
      vertex 31 0 8.2
      vertex 37 0 8.2
      vertex 36.9493 1.93643 8.2
    endloop
  endfacet
  facet normal 0 0 1
    outer loop
      vertex 30.9575 1.62241 8.2
      vertex 36.9493 1.93643 8.2
      vertex 36.7973 3.86755 8.2
    endloop
  endfacet
  facet normal 0 0 1
    outer loop
      vertex 37 0 8.2
      vertex 31 0 8.2
      vertex 36.9493 -1.93643 8.2
    endloop
  endfacet
  facet normal 0 0 1
    outer loop
      vertex 30.8302 3.24038 8.2
      vertex 36.7973 3.86755 8.2
      vertex 36.5445 5.78807 8.2
    endloop
  endfacet
  facet normal -0 0 1
    outer loop
      vertex 30.9575 -1.62241 8.2
      vertex 36.9493 -1.93643 8.2
      vertex 31 0 8.2
    endloop
  endfacet
  facet normal 0 0 1
    outer loop
      vertex 30.6183 4.84947 8.2
      vertex 36.5445 5.78807 8.2
      vertex 36.1915 7.69273 8.2
    endloop
  endfacet
  facet normal 0 0 1
    outer loop
      vertex 36.9493 -1.93643 8.2
      vertex 30.9575 -1.62241 8.2
      vertex 36.7973 -3.86755 8.2
    endloop
  endfacet
  facet normal 0 0 1
    outer loop
      vertex 30.3226 6.44526 8.2
      vertex 36.1915 7.69273 8.2
      vertex 35.7393 9.5763 8.2
    endloop
  endfacet
  facet normal -0 0 1
    outer loop
      vertex 30.8302 -3.24038 8.2
      vertex 36.7973 -3.86755 8.2
      vertex 30.9575 -1.62241 8.2
    endloop
  endfacet
  facet normal 0 0 1
    outer loop
      vertex 29.9437 8.02339 8.2
      vertex 35.7393 9.5763 8.2
      vertex 35.1891 11.4336 8.2
    endloop
  endfacet
  facet normal 0 0 1
    outer loop
      vertex 36.7973 -3.86755 8.2
      vertex 30.8302 -3.24038 8.2
      vertex 36.5445 -5.78807 8.2
    endloop
  endfacet
  facet normal 0 0 1
    outer loop
      vertex 29.4828 9.57953 8.2
      vertex 35.1891 11.4336 8.2
      vertex 34.5425 13.2596 8.2
    endloop
  endfacet
  facet normal -0 0 1
    outer loop
      vertex 30.6183 -4.84947 8.2
      vertex 36.5445 -5.78807 8.2
      vertex 30.8302 -3.24038 8.2
    endloop
  endfacet
  facet normal 0 0 1
    outer loop
      vertex 28.941 11.1094 8.2
      vertex 34.5425 13.2596 8.2
      vertex 33.8012 15.0493 8.2
    endloop
  endfacet
  facet normal 0 0 1
    outer loop
      vertex 36.5445 -5.78807 8.2
      vertex 30.6183 -4.84947 8.2
      vertex 36.1915 -7.69273 8.2
    endloop
  endfacet
  facet normal 0 0 1
    outer loop
      vertex 28.3199 12.6088 8.2
      vertex 33.8012 15.0493 8.2
      vertex 32.9672 16.7976 8.2
    endloop
  endfacet
  facet normal -0 0 1
    outer loop
      vertex 30.3226 -6.44526 8.2
      vertex 36.1915 -7.69273 8.2
      vertex 30.6183 -4.84947 8.2
    endloop
  endfacet
  facet normal 0 0 1
    outer loop
      vertex 27.6212 14.0737 8.2
      vertex 32.9672 16.7976 8.2
      vertex 32.0429 18.5 8.2
    endloop
  endfacet
  facet normal 0 0 1
    outer loop
      vertex 36.1915 -7.69273 8.2
      vertex 30.3226 -6.44526 8.2
      vertex 35.7393 -9.5763 8.2
    endloop
  endfacet
  facet normal 0 0 1
    outer loop
      vertex 26.8468 15.5 8.2
      vertex 32.0429 18.5 8.2
      vertex 31.0308 20.1516 8.2
    endloop
  endfacet
  facet normal -0 0 1
    outer loop
      vertex 29.9437 -8.02339 8.2
      vertex 35.7393 -9.5763 8.2
      vertex 30.3226 -6.44526 8.2
    endloop
  endfacet
  facet normal 0 0 1
    outer loop
      vertex 35.7393 -9.5763 8.2
      vertex 29.9437 -8.02339 8.2
      vertex 35.1891 -11.4336 8.2
    endloop
  endfacet
  facet normal 0 0 1
    outer loop
      vertex 36.9493 1.93643 8.2
      vertex 30.9575 1.62241 8.2
      vertex 31 0 8.2
    endloop
  endfacet
  facet normal 0 0 1
    outer loop
      vertex 36.7973 3.86755 8.2
      vertex 30.8302 3.24038 8.2
      vertex 30.9575 1.62241 8.2
    endloop
  endfacet
  facet normal 0 0 1
    outer loop
      vertex 36.5445 5.78807 8.2
      vertex 30.6183 4.84947 8.2
      vertex 30.8302 3.24038 8.2
    endloop
  endfacet
  facet normal 0 0 1
    outer loop
      vertex 36.1915 7.69273 8.2
      vertex 30.3226 6.44526 8.2
      vertex 30.6183 4.84947 8.2
    endloop
  endfacet
  facet normal 0 0 1
    outer loop
      vertex 35.7393 9.5763 8.2
      vertex 29.9437 8.02339 8.2
      vertex 30.3226 6.44526 8.2
    endloop
  endfacet
  facet normal 0 0 1
    outer loop
      vertex 25.9988 16.8838 8.2
      vertex 31.0308 20.1516 8.2
      vertex 29.9336 21.7481 8.2
    endloop
  endfacet
  facet normal 0 0 1
    outer loop
      vertex 35.1891 11.4336 8.2
      vertex 29.4828 9.57953 8.2
      vertex 29.9437 8.02339 8.2
    endloop
  endfacet
  facet normal 0 0 1
    outer loop
      vertex 34.5425 13.2596 8.2
      vertex 28.941 11.1094 8.2
      vertex 29.4828 9.57953 8.2
    endloop
  endfacet
  facet normal 0 0 1
    outer loop
      vertex 25.0795 18.2213 8.2
      vertex 29.9336 21.7481 8.2
      vertex 28.7544 23.2849 8.2
    endloop
  endfacet
  facet normal 0 0 1
    outer loop
      vertex 33.8012 15.0493 8.2
      vertex 28.3199 12.6088 8.2
      vertex 28.941 11.1094 8.2
    endloop
  endfacet
  facet normal 0 0 1
    outer loop
      vertex 32.9672 16.7976 8.2
      vertex 27.6212 14.0737 8.2
      vertex 28.3199 12.6088 8.2
    endloop
  endfacet
  facet normal 0 0 1
    outer loop
      vertex 24.0915 19.5089 8.2
      vertex 28.7544 23.2849 8.2
      vertex 27.4964 24.7578 8.2
    endloop
  endfacet
  facet normal 0 0 1
    outer loop
      vertex 32.0429 18.5 8.2
      vertex 26.8468 15.5 8.2
      vertex 27.6212 14.0737 8.2
    endloop
  endfacet
  facet normal 0 0 1
    outer loop
      vertex 23.0375 20.743 8.2
      vertex 27.4964 24.7578 8.2
      vertex 26.163 26.163 8.2
    endloop
  endfacet
  facet normal 0 0 1
    outer loop
      vertex 31.0308 20.1516 8.2
      vertex 25.9988 16.8838 8.2
      vertex 26.8468 15.5 8.2
    endloop
  endfacet
  facet normal 0 0 1
    outer loop
      vertex 29.9336 21.7481 8.2
      vertex 25.0795 18.2213 8.2
      vertex 25.9988 16.8838 8.2
    endloop
  endfacet
  facet normal 0 0 1
    outer loop
      vertex 21.9203 21.9203 8.2
      vertex 26.163 26.163 8.2
      vertex 24.7578 27.4964 8.2
    endloop
  endfacet
  facet normal 0 0 1
    outer loop
      vertex 28.7544 23.2849 8.2
      vertex 24.0915 19.5089 8.2
      vertex 25.0795 18.2213 8.2
    endloop
  endfacet
  facet normal 0 0 1
    outer loop
      vertex 20.743 23.0375 8.2
      vertex 24.7578 27.4964 8.2
      vertex 23.2849 28.7544 8.2
    endloop
  endfacet
  facet normal 0 0 1
    outer loop
      vertex 27.4964 24.7578 8.2
      vertex 23.0375 20.743 8.2
      vertex 24.0915 19.5089 8.2
    endloop
  endfacet
  facet normal 0 0 1
    outer loop
      vertex 26.163 26.163 8.2
      vertex 21.9203 21.9203 8.2
      vertex 23.0375 20.743 8.2
    endloop
  endfacet
  facet normal 0 0 1
    outer loop
      vertex 19.5089 24.0915 8.2
      vertex 23.2849 28.7544 8.2
      vertex 21.7481 29.9336 8.2
    endloop
  endfacet
  facet normal 0 0 1
    outer loop
      vertex 24.7578 27.4964 8.2
      vertex 20.743 23.0375 8.2
      vertex 21.9203 21.9203 8.2
    endloop
  endfacet
  facet normal 0 0 1
    outer loop
      vertex 18.2213 25.0795 8.2
      vertex 21.7481 29.9336 8.2
      vertex 20.1516 31.0308 8.2
    endloop
  endfacet
  facet normal 0 0 1
    outer loop
      vertex 23.2849 28.7544 8.2
      vertex 19.5089 24.0915 8.2
      vertex 20.743 23.0375 8.2
    endloop
  endfacet
  facet normal 0 0 1
    outer loop
      vertex 16.8838 25.9988 8.2
      vertex 20.1516 31.0308 8.2
      vertex 18.5 32.0429 8.2
    endloop
  endfacet
  facet normal 0 0 1
    outer loop
      vertex 21.7481 29.9336 8.2
      vertex 18.2213 25.0795 8.2
      vertex 19.5089 24.0915 8.2
    endloop
  endfacet
  facet normal 0 0 1
    outer loop
      vertex 20.1516 31.0308 8.2
      vertex 16.8838 25.9988 8.2
      vertex 18.2213 25.0795 8.2
    endloop
  endfacet
  facet normal 0 0 1
    outer loop
      vertex 15.5 26.8468 8.2
      vertex 18.5 32.0429 8.2
      vertex 16.7976 32.9672 8.2
    endloop
  endfacet
  facet normal 0 0 1
    outer loop
      vertex 18.5 32.0429 8.2
      vertex 15.5 26.8468 8.2
      vertex 16.8838 25.9988 8.2
    endloop
  endfacet
  facet normal 0 0 1
    outer loop
      vertex 14.0737 27.6212 8.2
      vertex 16.7976 32.9672 8.2
      vertex 15.0493 33.8012 8.2
    endloop
  endfacet
  facet normal 0 0 1
    outer loop
      vertex 16.7976 32.9672 8.2
      vertex 14.0737 27.6212 8.2
      vertex 15.5 26.8468 8.2
    endloop
  endfacet
  facet normal 0 0 1
    outer loop
      vertex 12.6088 28.3199 8.2
      vertex 15.0493 33.8012 8.2
      vertex 13.2596 34.5425 8.2
    endloop
  endfacet
  facet normal 0 0 1
    outer loop
      vertex 15.0493 33.8012 8.2
      vertex 12.6088 28.3199 8.2
      vertex 14.0737 27.6212 8.2
    endloop
  endfacet
  facet normal 0 0 1
    outer loop
      vertex 11.1094 28.941 8.2
      vertex 13.2596 34.5425 8.2
      vertex 11.4336 35.1891 8.2
    endloop
  endfacet
  facet normal 0 0 1
    outer loop
      vertex 13.2596 34.5425 8.2
      vertex 11.1094 28.941 8.2
      vertex 12.6088 28.3199 8.2
    endloop
  endfacet
  facet normal 0 0 1
    outer loop
      vertex 11.4336 35.1891 8.2
      vertex 9.57953 29.4828 8.2
      vertex 11.1094 28.941 8.2
    endloop
  endfacet
  facet normal 0 0 1
    outer loop
      vertex 9.5763 35.7393 8.2
      vertex 9.57953 29.4828 8.2
      vertex 11.4336 35.1891 8.2
    endloop
  endfacet
  facet normal 0 0 1
    outer loop
      vertex 9.5763 35.7393 8.2
      vertex 8.02339 29.9437 8.2
      vertex 9.57953 29.4828 8.2
    endloop
  endfacet
  facet normal 0 0 1
    outer loop
      vertex 7.69273 36.1915 8.2
      vertex 8.02339 29.9437 8.2
      vertex 9.5763 35.7393 8.2
    endloop
  endfacet
  facet normal 0 0 1
    outer loop
      vertex 7.69273 36.1915 8.2
      vertex 6.44526 30.3226 8.2
      vertex 8.02339 29.9437 8.2
    endloop
  endfacet
  facet normal 0 0 1
    outer loop
      vertex 5.78807 36.5445 8.2
      vertex 6.44526 30.3226 8.2
      vertex 7.69273 36.1915 8.2
    endloop
  endfacet
  facet normal 0 0 1
    outer loop
      vertex 5.78807 36.5445 8.2
      vertex 4.84947 30.6183 8.2
      vertex 6.44526 30.3226 8.2
    endloop
  endfacet
  facet normal 0 0 1
    outer loop
      vertex 3.86755 36.7973 8.2
      vertex 4.84947 30.6183 8.2
      vertex 5.78807 36.5445 8.2
    endloop
  endfacet
  facet normal 0 0 1
    outer loop
      vertex 3.86755 36.7973 8.2
      vertex 3.24038 30.8302 8.2
      vertex 4.84947 30.6183 8.2
    endloop
  endfacet
  facet normal 0 0 1
    outer loop
      vertex 1.93643 36.9493 8.2
      vertex 3.24038 30.8302 8.2
      vertex 3.86755 36.7973 8.2
    endloop
  endfacet
  facet normal 0 0 1
    outer loop
      vertex 1.93643 36.9493 8.2
      vertex 1.62241 30.9575 8.2
      vertex 3.24038 30.8302 8.2
    endloop
  endfacet
  facet normal 0 0 1
    outer loop
      vertex 0 37 8.2
      vertex 1.62241 30.9575 8.2
      vertex 1.93643 36.9493 8.2
    endloop
  endfacet
  facet normal 0 0 1
    outer loop
      vertex 0 37 8.2
      vertex 0 31 8.2
      vertex 1.62241 30.9575 8.2
    endloop
  endfacet
  facet normal 0 0 1
    outer loop
      vertex 0 37 8.2
      vertex -1.62241 30.9575 8.2
      vertex 0 31 8.2
    endloop
  endfacet
  facet normal -0 0 1
    outer loop
      vertex -1.93643 36.9493 8.2
      vertex -1.62241 30.9575 8.2
      vertex 0 37 8.2
    endloop
  endfacet
  facet normal 0 0 1
    outer loop
      vertex -1.93643 36.9493 8.2
      vertex -3.24038 30.8302 8.2
      vertex -1.62241 30.9575 8.2
    endloop
  endfacet
  facet normal -0 0 1
    outer loop
      vertex -3.86755 36.7973 8.2
      vertex -3.24038 30.8302 8.2
      vertex -1.93643 36.9493 8.2
    endloop
  endfacet
  facet normal 0 0 1
    outer loop
      vertex -3.86755 36.7973 8.2
      vertex -4.84947 30.6183 8.2
      vertex -3.24038 30.8302 8.2
    endloop
  endfacet
  facet normal -0 0 1
    outer loop
      vertex -5.78807 36.5445 8.2
      vertex -4.84947 30.6183 8.2
      vertex -3.86755 36.7973 8.2
    endloop
  endfacet
  facet normal 0 0 1
    outer loop
      vertex -5.78807 36.5445 8.2
      vertex -6.44526 30.3226 8.2
      vertex -4.84947 30.6183 8.2
    endloop
  endfacet
  facet normal -0 0 1
    outer loop
      vertex -7.69273 36.1915 8.2
      vertex -6.44526 30.3226 8.2
      vertex -5.78807 36.5445 8.2
    endloop
  endfacet
  facet normal 0 0 1
    outer loop
      vertex -7.69273 36.1915 8.2
      vertex -8.02339 29.9437 8.2
      vertex -6.44526 30.3226 8.2
    endloop
  endfacet
  facet normal -0 0 1
    outer loop
      vertex -9.5763 35.7393 8.2
      vertex -8.02339 29.9437 8.2
      vertex -7.69273 36.1915 8.2
    endloop
  endfacet
  facet normal 0 0 1
    outer loop
      vertex -9.5763 35.7393 8.2
      vertex -9.57953 29.4828 8.2
      vertex -8.02339 29.9437 8.2
    endloop
  endfacet
  facet normal -0 0 1
    outer loop
      vertex -11.4336 35.1891 8.2
      vertex -9.57953 29.4828 8.2
      vertex -9.5763 35.7393 8.2
    endloop
  endfacet
  facet normal 0 0 1
    outer loop
      vertex -9.57953 29.4828 8.2
      vertex -11.4336 35.1891 8.2
      vertex -11.1094 28.941 8.2
    endloop
  endfacet
  facet normal -0 0 1
    outer loop
      vertex -13.2596 34.5425 8.2
      vertex -11.1094 28.941 8.2
      vertex -11.4336 35.1891 8.2
    endloop
  endfacet
  facet normal 0 0 1
    outer loop
      vertex -11.1094 28.941 8.2
      vertex -13.2596 34.5425 8.2
      vertex -12.6088 28.3199 8.2
    endloop
  endfacet
  facet normal -0 0 1
    outer loop
      vertex -15.0493 33.8012 8.2
      vertex -12.6088 28.3199 8.2
      vertex -13.2596 34.5425 8.2
    endloop
  endfacet
  facet normal 0 0 1
    outer loop
      vertex -12.6088 28.3199 8.2
      vertex -15.0493 33.8012 8.2
      vertex -14.0737 27.6212 8.2
    endloop
  endfacet
  facet normal -0 0 1
    outer loop
      vertex -16.7976 32.9672 8.2
      vertex -14.0737 27.6212 8.2
      vertex -15.0493 33.8012 8.2
    endloop
  endfacet
  facet normal 0 0 1
    outer loop
      vertex -14.0737 27.6212 8.2
      vertex -16.7976 32.9672 8.2
      vertex -15.5 26.8468 8.2
    endloop
  endfacet
  facet normal -0 0 1
    outer loop
      vertex -18.5 32.0429 8.2
      vertex -15.5 26.8468 8.2
      vertex -16.7976 32.9672 8.2
    endloop
  endfacet
  facet normal 0 0 1
    outer loop
      vertex -15.5 26.8468 8.2
      vertex -18.5 32.0429 8.2
      vertex -16.8838 25.9988 8.2
    endloop
  endfacet
  facet normal -0 0 1
    outer loop
      vertex -20.1516 31.0308 8.2
      vertex -16.8838 25.9988 8.2
      vertex -18.5 32.0429 8.2
    endloop
  endfacet
  facet normal 0 0 1
    outer loop
      vertex -16.8838 25.9988 8.2
      vertex -20.1516 31.0308 8.2
      vertex -18.2213 25.0795 8.2
    endloop
  endfacet
  facet normal -0 0 1
    outer loop
      vertex -21.7481 29.9336 8.2
      vertex -18.2213 25.0795 8.2
      vertex -20.1516 31.0308 8.2
    endloop
  endfacet
  facet normal 0 0 1
    outer loop
      vertex -18.2213 25.0795 8.2
      vertex -21.7481 29.9336 8.2
      vertex -19.5089 24.0915 8.2
    endloop
  endfacet
  facet normal -0 0 1
    outer loop
      vertex -23.2849 28.7544 8.2
      vertex -19.5089 24.0915 8.2
      vertex -21.7481 29.9336 8.2
    endloop
  endfacet
  facet normal 0 0 1
    outer loop
      vertex -19.5089 24.0915 8.2
      vertex -23.2849 28.7544 8.2
      vertex -20.743 23.0375 8.2
    endloop
  endfacet
  facet normal -0 0 1
    outer loop
      vertex -24.7578 27.4964 8.2
      vertex -20.743 23.0375 8.2
      vertex -23.2849 28.7544 8.2
    endloop
  endfacet
  facet normal 0 0 1
    outer loop
      vertex -20.743 23.0375 8.2
      vertex -24.7578 27.4964 8.2
      vertex -21.9203 21.9203 8.2
    endloop
  endfacet
  facet normal -0 0 1
    outer loop
      vertex -26.163 26.163 8.2
      vertex -21.9203 21.9203 8.2
      vertex -24.7578 27.4964 8.2
    endloop
  endfacet
  facet normal 0 0 1
    outer loop
      vertex -21.9203 21.9203 8.2
      vertex -26.163 26.163 8.2
      vertex -23.0375 20.743 8.2
    endloop
  endfacet
  facet normal -0 0 1
    outer loop
      vertex -27.4964 24.7578 8.2
      vertex -23.0375 20.743 8.2
      vertex -26.163 26.163 8.2
    endloop
  endfacet
  facet normal 0 0 1
    outer loop
      vertex -23.0375 20.743 8.2
      vertex -27.4964 24.7578 8.2
      vertex -24.0915 19.5089 8.2
    endloop
  endfacet
  facet normal -0 0 1
    outer loop
      vertex -28.7544 23.2849 8.2
      vertex -24.0915 19.5089 8.2
      vertex -27.4964 24.7578 8.2
    endloop
  endfacet
  facet normal 0 0 1
    outer loop
      vertex -24.0915 19.5089 8.2
      vertex -28.7544 23.2849 8.2
      vertex -25.0795 18.2213 8.2
    endloop
  endfacet
  facet normal -0 0 1
    outer loop
      vertex -29.9336 21.7481 8.2
      vertex -25.0795 18.2213 8.2
      vertex -28.7544 23.2849 8.2
    endloop
  endfacet
  facet normal 0 0 1
    outer loop
      vertex -25.0795 18.2213 8.2
      vertex -29.9336 21.7481 8.2
      vertex -25.9988 16.8838 8.2
    endloop
  endfacet
  facet normal -0 0 1
    outer loop
      vertex -31.0308 20.1516 8.2
      vertex -25.9988 16.8838 8.2
      vertex -29.9336 21.7481 8.2
    endloop
  endfacet
  facet normal 0 0 1
    outer loop
      vertex -25.9988 16.8838 8.2
      vertex -31.0308 20.1516 8.2
      vertex -26.8468 15.5 8.2
    endloop
  endfacet
  facet normal -0 0 1
    outer loop
      vertex -32.0429 18.5 8.2
      vertex -26.8468 15.5 8.2
      vertex -31.0308 20.1516 8.2
    endloop
  endfacet
  facet normal 0 0 1
    outer loop
      vertex -26.8468 15.5 8.2
      vertex -32.0429 18.5 8.2
      vertex -27.6212 14.0737 8.2
    endloop
  endfacet
  facet normal -0 0 1
    outer loop
      vertex -32.9672 16.7976 8.2
      vertex -27.6212 14.0737 8.2
      vertex -32.0429 18.5 8.2
    endloop
  endfacet
  facet normal 0 0 1
    outer loop
      vertex -27.6212 14.0737 8.2
      vertex -32.9672 16.7976 8.2
      vertex -28.3199 12.6088 8.2
    endloop
  endfacet
  facet normal -0 0 1
    outer loop
      vertex -33.8012 15.0493 8.2
      vertex -28.3199 12.6088 8.2
      vertex -32.9672 16.7976 8.2
    endloop
  endfacet
  facet normal 0 0 1
    outer loop
      vertex -28.3199 12.6088 8.2
      vertex -33.8012 15.0493 8.2
      vertex -28.941 11.1094 8.2
    endloop
  endfacet
  facet normal -0 0 1
    outer loop
      vertex -34.5425 13.2596 8.2
      vertex -28.941 11.1094 8.2
      vertex -33.8012 15.0493 8.2
    endloop
  endfacet
  facet normal 0 0 1
    outer loop
      vertex -28.941 11.1094 8.2
      vertex -34.5425 13.2596 8.2
      vertex -29.4828 9.57953 8.2
    endloop
  endfacet
  facet normal 0 0 1
    outer loop
      vertex -29.4828 9.57953 8.2
      vertex -35.1891 11.4336 8.2
      vertex -29.9437 8.02339 8.2
    endloop
  endfacet
  facet normal -0 0 1
    outer loop
      vertex -35.1891 11.4336 8.2
      vertex -29.4828 9.57953 8.2
      vertex -34.5425 13.2596 8.2
    endloop
  endfacet
  facet normal -0 0 1
    outer loop
      vertex 29.4828 -9.57953 8.2
      vertex 35.1891 -11.4336 8.2
      vertex 29.9437 -8.02339 8.2
    endloop
  endfacet
  facet normal 0 0 1
    outer loop
      vertex 35.1891 -11.4336 8.2
      vertex 29.4828 -9.57953 8.2
      vertex 34.5425 -13.2596 8.2
    endloop
  endfacet
  facet normal -0 0 1
    outer loop
      vertex 28.941 -11.1094 8.2
      vertex 34.5425 -13.2596 8.2
      vertex 29.4828 -9.57953 8.2
    endloop
  endfacet
  facet normal 0 0 1
    outer loop
      vertex 34.5425 -13.2596 8.2
      vertex 28.941 -11.1094 8.2
      vertex 33.8012 -15.0493 8.2
    endloop
  endfacet
  facet normal -0 0 1
    outer loop
      vertex 28.3199 -12.6088 8.2
      vertex 33.8012 -15.0493 8.2
      vertex 28.941 -11.1094 8.2
    endloop
  endfacet
  facet normal 0 0 1
    outer loop
      vertex 33.8012 -15.0493 8.2
      vertex 28.3199 -12.6088 8.2
      vertex 32.9672 -16.7976 8.2
    endloop
  endfacet
  facet normal -0 0 1
    outer loop
      vertex 27.6212 -14.0737 8.2
      vertex 32.9672 -16.7976 8.2
      vertex 28.3199 -12.6088 8.2
    endloop
  endfacet
  facet normal 0 0 1
    outer loop
      vertex 32.9672 -16.7976 8.2
      vertex 27.6212 -14.0737 8.2
      vertex 32.0429 -18.5 8.2
    endloop
  endfacet
  facet normal -0 0 1
    outer loop
      vertex 26.8468 -15.5 8.2
      vertex 32.0429 -18.5 8.2
      vertex 27.6212 -14.0737 8.2
    endloop
  endfacet
  facet normal 0 0 1
    outer loop
      vertex 32.0429 -18.5 8.2
      vertex 26.8468 -15.5 8.2
      vertex 31.0308 -20.1516 8.2
    endloop
  endfacet
  facet normal -0 0 1
    outer loop
      vertex 25.9988 -16.8838 8.2
      vertex 31.0308 -20.1516 8.2
      vertex 26.8468 -15.5 8.2
    endloop
  endfacet
  facet normal 0 0 1
    outer loop
      vertex 31.0308 -20.1516 8.2
      vertex 25.9988 -16.8838 8.2
      vertex 29.9336 -21.7481 8.2
    endloop
  endfacet
  facet normal -0 0 1
    outer loop
      vertex 25.0795 -18.2213 8.2
      vertex 29.9336 -21.7481 8.2
      vertex 25.9988 -16.8838 8.2
    endloop
  endfacet
  facet normal 0 0 1
    outer loop
      vertex 29.9336 -21.7481 8.2
      vertex 25.0795 -18.2213 8.2
      vertex 28.7544 -23.2849 8.2
    endloop
  endfacet
  facet normal -0 0 1
    outer loop
      vertex 24.0915 -19.5089 8.2
      vertex 28.7544 -23.2849 8.2
      vertex 25.0795 -18.2213 8.2
    endloop
  endfacet
  facet normal 0 0 1
    outer loop
      vertex 28.7544 -23.2849 8.2
      vertex 24.0915 -19.5089 8.2
      vertex 27.4964 -24.7578 8.2
    endloop
  endfacet
  facet normal -0 0 1
    outer loop
      vertex 23.0375 -20.743 8.2
      vertex 27.4964 -24.7578 8.2
      vertex 24.0915 -19.5089 8.2
    endloop
  endfacet
  facet normal 0 0 1
    outer loop
      vertex 27.4964 -24.7578 8.2
      vertex 23.0375 -20.743 8.2
      vertex 26.163 -26.163 8.2
    endloop
  endfacet
  facet normal -0 0 1
    outer loop
      vertex 21.9203 -21.9203 8.2
      vertex 26.163 -26.163 8.2
      vertex 23.0375 -20.743 8.2
    endloop
  endfacet
  facet normal 0 0 1
    outer loop
      vertex 26.163 -26.163 8.2
      vertex 21.9203 -21.9203 8.2
      vertex 24.7578 -27.4964 8.2
    endloop
  endfacet
  facet normal -0 0 1
    outer loop
      vertex 20.743 -23.0375 8.2
      vertex 24.7578 -27.4964 8.2
      vertex 21.9203 -21.9203 8.2
    endloop
  endfacet
  facet normal 0 0 1
    outer loop
      vertex 24.7578 -27.4964 8.2
      vertex 20.743 -23.0375 8.2
      vertex 23.2849 -28.7544 8.2
    endloop
  endfacet
  facet normal -0 0 1
    outer loop
      vertex 19.5089 -24.0915 8.2
      vertex 23.2849 -28.7544 8.2
      vertex 20.743 -23.0375 8.2
    endloop
  endfacet
  facet normal 0 0 1
    outer loop
      vertex 23.2849 -28.7544 8.2
      vertex 19.5089 -24.0915 8.2
      vertex 21.7481 -29.9336 8.2
    endloop
  endfacet
  facet normal -0 0 1
    outer loop
      vertex 18.2213 -25.0795 8.2
      vertex 21.7481 -29.9336 8.2
      vertex 19.5089 -24.0915 8.2
    endloop
  endfacet
  facet normal 0 0 1
    outer loop
      vertex 21.7481 -29.9336 8.2
      vertex 18.2213 -25.0795 8.2
      vertex 20.1516 -31.0308 8.2
    endloop
  endfacet
  facet normal -0 0 1
    outer loop
      vertex 16.8838 -25.9988 8.2
      vertex 20.1516 -31.0308 8.2
      vertex 18.2213 -25.0795 8.2
    endloop
  endfacet
  facet normal 0 0 1
    outer loop
      vertex 20.1516 -31.0308 8.2
      vertex 16.8838 -25.9988 8.2
      vertex 18.5 -32.0429 8.2
    endloop
  endfacet
  facet normal -0 0 1
    outer loop
      vertex 15.5 -26.8468 8.2
      vertex 18.5 -32.0429 8.2
      vertex 16.8838 -25.9988 8.2
    endloop
  endfacet
  facet normal 0 0 1
    outer loop
      vertex 18.5 -32.0429 8.2
      vertex 15.5 -26.8468 8.2
      vertex 16.7976 -32.9672 8.2
    endloop
  endfacet
  facet normal -0 0 1
    outer loop
      vertex 14.0737 -27.6212 8.2
      vertex 16.7976 -32.9672 8.2
      vertex 15.5 -26.8468 8.2
    endloop
  endfacet
  facet normal 0 0 1
    outer loop
      vertex 16.7976 -32.9672 8.2
      vertex 14.0737 -27.6212 8.2
      vertex 15.0493 -33.8012 8.2
    endloop
  endfacet
  facet normal -0 0 1
    outer loop
      vertex 12.6088 -28.3199 8.2
      vertex 15.0493 -33.8012 8.2
      vertex 14.0737 -27.6212 8.2
    endloop
  endfacet
  facet normal 0 0 1
    outer loop
      vertex 15.0493 -33.8012 8.2
      vertex 12.6088 -28.3199 8.2
      vertex 13.2596 -34.5425 8.2
    endloop
  endfacet
  facet normal -0 0 1
    outer loop
      vertex 11.1094 -28.941 8.2
      vertex 13.2596 -34.5425 8.2
      vertex 12.6088 -28.3199 8.2
    endloop
  endfacet
  facet normal 0 0 1
    outer loop
      vertex 13.2596 -34.5425 8.2
      vertex 11.1094 -28.941 8.2
      vertex 11.4336 -35.1891 8.2
    endloop
  endfacet
  facet normal -0 0 1
    outer loop
      vertex 9.57953 -29.4828 8.2
      vertex 11.4336 -35.1891 8.2
      vertex 11.1094 -28.941 8.2
    endloop
  endfacet
  facet normal 0 0 1
    outer loop
      vertex 9.57953 -29.4828 8.2
      vertex 9.5763 -35.7393 8.2
      vertex 11.4336 -35.1891 8.2
    endloop
  endfacet
  facet normal -0 0 1
    outer loop
      vertex 8.02339 -29.9437 8.2
      vertex 9.5763 -35.7393 8.2
      vertex 9.57953 -29.4828 8.2
    endloop
  endfacet
  facet normal 0 0 1
    outer loop
      vertex 8.02339 -29.9437 8.2
      vertex 7.69273 -36.1915 8.2
      vertex 9.5763 -35.7393 8.2
    endloop
  endfacet
  facet normal -0 0 1
    outer loop
      vertex 6.44526 -30.3226 8.2
      vertex 7.69273 -36.1915 8.2
      vertex 8.02339 -29.9437 8.2
    endloop
  endfacet
  facet normal 0 0 1
    outer loop
      vertex 6.44526 -30.3226 8.2
      vertex 5.78807 -36.5445 8.2
      vertex 7.69273 -36.1915 8.2
    endloop
  endfacet
  facet normal -0 0 1
    outer loop
      vertex 4.84947 -30.6183 8.2
      vertex 5.78807 -36.5445 8.2
      vertex 6.44526 -30.3226 8.2
    endloop
  endfacet
  facet normal 0 0 1
    outer loop
      vertex 4.84947 -30.6183 8.2
      vertex 3.86755 -36.7973 8.2
      vertex 5.78807 -36.5445 8.2
    endloop
  endfacet
  facet normal -0 0 1
    outer loop
      vertex 3.24038 -30.8302 8.2
      vertex 3.86755 -36.7973 8.2
      vertex 4.84947 -30.6183 8.2
    endloop
  endfacet
  facet normal 0 0 1
    outer loop
      vertex 3.24038 -30.8302 8.2
      vertex 1.93643 -36.9493 8.2
      vertex 3.86755 -36.7973 8.2
    endloop
  endfacet
  facet normal -0 0 1
    outer loop
      vertex 1.62241 -30.9575 8.2
      vertex 1.93643 -36.9493 8.2
      vertex 3.24038 -30.8302 8.2
    endloop
  endfacet
  facet normal -0 0 1
    outer loop
      vertex 0 -31 8.2
      vertex 1.93643 -36.9493 8.2
      vertex 1.62241 -30.9575 8.2
    endloop
  endfacet
  facet normal 0 0 1
    outer loop
      vertex 0 -31 8.2
      vertex 0 -37 8.2
      vertex 1.93643 -36.9493 8.2
    endloop
  endfacet
  facet normal 0 0 1
    outer loop
      vertex -1.62241 -30.9575 8.2
      vertex 0 -37 8.2
      vertex 0 -31 8.2
    endloop
  endfacet
  facet normal 0 0 1
    outer loop
      vertex -1.62241 -30.9575 8.2
      vertex -1.93643 -36.9493 8.2
      vertex 0 -37 8.2
    endloop
  endfacet
  facet normal 0 0 1
    outer loop
      vertex -3.24038 -30.8302 8.2
      vertex -1.93643 -36.9493 8.2
      vertex -1.62241 -30.9575 8.2
    endloop
  endfacet
  facet normal 0 0 1
    outer loop
      vertex -3.24038 -30.8302 8.2
      vertex -3.86755 -36.7973 8.2
      vertex -1.93643 -36.9493 8.2
    endloop
  endfacet
  facet normal 0 0 1
    outer loop
      vertex -4.84947 -30.6183 8.2
      vertex -3.86755 -36.7973 8.2
      vertex -3.24038 -30.8302 8.2
    endloop
  endfacet
  facet normal 0 0 1
    outer loop
      vertex -4.84947 -30.6183 8.2
      vertex -5.78807 -36.5445 8.2
      vertex -3.86755 -36.7973 8.2
    endloop
  endfacet
  facet normal 0 0 1
    outer loop
      vertex -6.44526 -30.3226 8.2
      vertex -5.78807 -36.5445 8.2
      vertex -4.84947 -30.6183 8.2
    endloop
  endfacet
  facet normal 0 0 1
    outer loop
      vertex -6.44526 -30.3226 8.2
      vertex -7.69273 -36.1915 8.2
      vertex -5.78807 -36.5445 8.2
    endloop
  endfacet
  facet normal 0 0 1
    outer loop
      vertex -8.02339 -29.9437 8.2
      vertex -7.69273 -36.1915 8.2
      vertex -6.44526 -30.3226 8.2
    endloop
  endfacet
  facet normal 0 0 1
    outer loop
      vertex -8.02339 -29.9437 8.2
      vertex -9.5763 -35.7393 8.2
      vertex -7.69273 -36.1915 8.2
    endloop
  endfacet
  facet normal 0 0 1
    outer loop
      vertex -9.57953 -29.4828 8.2
      vertex -9.5763 -35.7393 8.2
      vertex -8.02339 -29.9437 8.2
    endloop
  endfacet
  facet normal 0 0 1
    outer loop
      vertex -11.4336 -35.1891 8.2
      vertex -9.57953 -29.4828 8.2
      vertex -11.1094 -28.941 8.2
    endloop
  endfacet
  facet normal 0 0 1
    outer loop
      vertex -9.57953 -29.4828 8.2
      vertex -11.4336 -35.1891 8.2
      vertex -9.5763 -35.7393 8.2
    endloop
  endfacet
  facet normal 0 0 1
    outer loop
      vertex -13.2596 -34.5425 8.2
      vertex -11.1094 -28.941 8.2
      vertex -12.6088 -28.3199 8.2
    endloop
  endfacet
  facet normal 0 0 1
    outer loop
      vertex -11.1094 -28.941 8.2
      vertex -13.2596 -34.5425 8.2
      vertex -11.4336 -35.1891 8.2
    endloop
  endfacet
  facet normal 0 0 1
    outer loop
      vertex -15.0493 -33.8012 8.2
      vertex -12.6088 -28.3199 8.2
      vertex -14.0737 -27.6212 8.2
    endloop
  endfacet
  facet normal 0 0 1
    outer loop
      vertex -12.6088 -28.3199 8.2
      vertex -15.0493 -33.8012 8.2
      vertex -13.2596 -34.5425 8.2
    endloop
  endfacet
  facet normal 0 0 1
    outer loop
      vertex -16.7976 -32.9672 8.2
      vertex -14.0737 -27.6212 8.2
      vertex -15.5 -26.8468 8.2
    endloop
  endfacet
  facet normal 0 0 1
    outer loop
      vertex -14.0737 -27.6212 8.2
      vertex -16.7976 -32.9672 8.2
      vertex -15.0493 -33.8012 8.2
    endloop
  endfacet
  facet normal 0 0 1
    outer loop
      vertex -18.5 -32.0429 8.2
      vertex -15.5 -26.8468 8.2
      vertex -16.8838 -25.9988 8.2
    endloop
  endfacet
  facet normal 0 0 1
    outer loop
      vertex -20.1516 -31.0308 8.2
      vertex -16.8838 -25.9988 8.2
      vertex -18.2213 -25.0795 8.2
    endloop
  endfacet
  facet normal 0 0 1
    outer loop
      vertex -15.5 -26.8468 8.2
      vertex -18.5 -32.0429 8.2
      vertex -16.7976 -32.9672 8.2
    endloop
  endfacet
  facet normal 0 0 1
    outer loop
      vertex -21.7481 -29.9336 8.2
      vertex -18.2213 -25.0795 8.2
      vertex -19.5089 -24.0915 8.2
    endloop
  endfacet
  facet normal 0 0 1
    outer loop
      vertex -16.8838 -25.9988 8.2
      vertex -20.1516 -31.0308 8.2
      vertex -18.5 -32.0429 8.2
    endloop
  endfacet
  facet normal 0 0 1
    outer loop
      vertex -23.2849 -28.7544 8.2
      vertex -19.5089 -24.0915 8.2
      vertex -20.743 -23.0375 8.2
    endloop
  endfacet
  facet normal 0 0 1
    outer loop
      vertex -18.2213 -25.0795 8.2
      vertex -21.7481 -29.9336 8.2
      vertex -20.1516 -31.0308 8.2
    endloop
  endfacet
  facet normal 0 0 1
    outer loop
      vertex -24.7578 -27.4964 8.2
      vertex -20.743 -23.0375 8.2
      vertex -21.9203 -21.9203 8.2
    endloop
  endfacet
  facet normal 0 0 1
    outer loop
      vertex -26.163 -26.163 8.2
      vertex -21.9203 -21.9203 8.2
      vertex -23.0375 -20.743 8.2
    endloop
  endfacet
  facet normal 0 0 1
    outer loop
      vertex -19.5089 -24.0915 8.2
      vertex -23.2849 -28.7544 8.2
      vertex -21.7481 -29.9336 8.2
    endloop
  endfacet
  facet normal 0 0 1
    outer loop
      vertex -27.4964 -24.7578 8.2
      vertex -23.0375 -20.743 8.2
      vertex -24.0915 -19.5089 8.2
    endloop
  endfacet
  facet normal 0 0 1
    outer loop
      vertex -20.743 -23.0375 8.2
      vertex -24.7578 -27.4964 8.2
      vertex -23.2849 -28.7544 8.2
    endloop
  endfacet
  facet normal 0 0 1
    outer loop
      vertex -28.7544 -23.2849 8.2
      vertex -24.0915 -19.5089 8.2
      vertex -25.0795 -18.2213 8.2
    endloop
  endfacet
  facet normal 0 0 1
    outer loop
      vertex -29.9336 -21.7481 8.2
      vertex -25.0795 -18.2213 8.2
      vertex -25.9988 -16.8838 8.2
    endloop
  endfacet
  facet normal 0 0 1
    outer loop
      vertex -21.9203 -21.9203 8.2
      vertex -26.163 -26.163 8.2
      vertex -24.7578 -27.4964 8.2
    endloop
  endfacet
  facet normal 0 0 1
    outer loop
      vertex -31.0308 -20.1516 8.2
      vertex -25.9988 -16.8838 8.2
      vertex -26.8468 -15.5 8.2
    endloop
  endfacet
  facet normal 0 0 1
    outer loop
      vertex -23.0375 -20.743 8.2
      vertex -27.4964 -24.7578 8.2
      vertex -26.163 -26.163 8.2
    endloop
  endfacet
  facet normal 0 0 1
    outer loop
      vertex -32.0429 -18.5 8.2
      vertex -26.8468 -15.5 8.2
      vertex -27.6212 -14.0737 8.2
    endloop
  endfacet
  facet normal 0 0 1
    outer loop
      vertex -32.9672 -16.7976 8.2
      vertex -27.6212 -14.0737 8.2
      vertex -28.3199 -12.6088 8.2
    endloop
  endfacet
  facet normal 0 0 1
    outer loop
      vertex -24.0915 -19.5089 8.2
      vertex -28.7544 -23.2849 8.2
      vertex -27.4964 -24.7578 8.2
    endloop
  endfacet
  facet normal 0 0 1
    outer loop
      vertex -33.8012 -15.0493 8.2
      vertex -28.3199 -12.6088 8.2
      vertex -28.941 -11.1094 8.2
    endloop
  endfacet
  facet normal 0 0 1
    outer loop
      vertex -34.5425 -13.2596 8.2
      vertex -28.941 -11.1094 8.2
      vertex -29.4828 -9.57953 8.2
    endloop
  endfacet
  facet normal 0 0 1
    outer loop
      vertex -25.0795 -18.2213 8.2
      vertex -29.9336 -21.7481 8.2
      vertex -28.7544 -23.2849 8.2
    endloop
  endfacet
  facet normal 0 0 1
    outer loop
      vertex -35.1891 -11.4336 8.2
      vertex -29.4828 -9.57953 8.2
      vertex -29.9437 -8.02339 8.2
    endloop
  endfacet
  facet normal 0 0 1
    outer loop
      vertex -35.7393 -9.5763 8.2
      vertex -29.9437 -8.02339 8.2
      vertex -30.3226 -6.44526 8.2
    endloop
  endfacet
  facet normal 0 0 1
    outer loop
      vertex -36.1915 -7.69273 8.2
      vertex -30.3226 -6.44526 8.2
      vertex -30.6183 -4.84947 8.2
    endloop
  endfacet
  facet normal 0 0 1
    outer loop
      vertex -36.5445 -5.78807 8.2
      vertex -30.6183 -4.84947 8.2
      vertex -30.8302 -3.24038 8.2
    endloop
  endfacet
  facet normal 0 0 1
    outer loop
      vertex -36.7973 -3.86755 8.2
      vertex -30.8302 -3.24038 8.2
      vertex -30.9575 -1.62241 8.2
    endloop
  endfacet
  facet normal 0 0 1
    outer loop
      vertex -25.9988 -16.8838 8.2
      vertex -31.0308 -20.1516 8.2
      vertex -29.9336 -21.7481 8.2
    endloop
  endfacet
  facet normal 0 0 1
    outer loop
      vertex -36.9493 -1.93643 8.2
      vertex -30.9575 -1.62241 8.2
      vertex -31 0 8.2
    endloop
  endfacet
  facet normal -0 0 1
    outer loop
      vertex -35.7393 9.5763 8.2
      vertex -29.9437 8.02339 8.2
      vertex -35.1891 11.4336 8.2
    endloop
  endfacet
  facet normal 0 0 1
    outer loop
      vertex -29.9437 8.02339 8.2
      vertex -35.7393 9.5763 8.2
      vertex -30.3226 6.44526 8.2
    endloop
  endfacet
  facet normal 0 0 1
    outer loop
      vertex -26.8468 -15.5 8.2
      vertex -32.0429 -18.5 8.2
      vertex -31.0308 -20.1516 8.2
    endloop
  endfacet
  facet normal -0 0 1
    outer loop
      vertex -36.1915 7.69273 8.2
      vertex -30.3226 6.44526 8.2
      vertex -35.7393 9.5763 8.2
    endloop
  endfacet
  facet normal 0 0 1
    outer loop
      vertex -27.6212 -14.0737 8.2
      vertex -32.9672 -16.7976 8.2
      vertex -32.0429 -18.5 8.2
    endloop
  endfacet
  facet normal 0 0 1
    outer loop
      vertex -30.3226 6.44526 8.2
      vertex -36.1915 7.69273 8.2
      vertex -30.6183 4.84947 8.2
    endloop
  endfacet
  facet normal 0 0 1
    outer loop
      vertex -28.3199 -12.6088 8.2
      vertex -33.8012 -15.0493 8.2
      vertex -32.9672 -16.7976 8.2
    endloop
  endfacet
  facet normal -0 0 1
    outer loop
      vertex -36.5445 5.78807 8.2
      vertex -30.6183 4.84947 8.2
      vertex -36.1915 7.69273 8.2
    endloop
  endfacet
  facet normal 0 0 1
    outer loop
      vertex -28.941 -11.1094 8.2
      vertex -34.5425 -13.2596 8.2
      vertex -33.8012 -15.0493 8.2
    endloop
  endfacet
  facet normal 0 0 1
    outer loop
      vertex -30.6183 4.84947 8.2
      vertex -36.5445 5.78807 8.2
      vertex -30.8302 3.24038 8.2
    endloop
  endfacet
  facet normal 0 0 1
    outer loop
      vertex -29.4828 -9.57953 8.2
      vertex -35.1891 -11.4336 8.2
      vertex -34.5425 -13.2596 8.2
    endloop
  endfacet
  facet normal -0 0 1
    outer loop
      vertex -36.7973 3.86755 8.2
      vertex -30.8302 3.24038 8.2
      vertex -36.5445 5.78807 8.2
    endloop
  endfacet
  facet normal 0 0 1
    outer loop
      vertex -29.9437 -8.02339 8.2
      vertex -35.7393 -9.5763 8.2
      vertex -35.1891 -11.4336 8.2
    endloop
  endfacet
  facet normal 0 0 1
    outer loop
      vertex -30.8302 3.24038 8.2
      vertex -36.7973 3.86755 8.2
      vertex -30.9575 1.62241 8.2
    endloop
  endfacet
  facet normal 0 0 1
    outer loop
      vertex -30.3226 -6.44526 8.2
      vertex -36.1915 -7.69273 8.2
      vertex -35.7393 -9.5763 8.2
    endloop
  endfacet
  facet normal -0 0 1
    outer loop
      vertex -36.9493 1.93643 8.2
      vertex -30.9575 1.62241 8.2
      vertex -36.7973 3.86755 8.2
    endloop
  endfacet
  facet normal 0 0 1
    outer loop
      vertex -30.6183 -4.84947 8.2
      vertex -36.5445 -5.78807 8.2
      vertex -36.1915 -7.69273 8.2
    endloop
  endfacet
  facet normal 0 0 1
    outer loop
      vertex -30.9575 1.62241 8.2
      vertex -36.9493 1.93643 8.2
      vertex -31 0 8.2
    endloop
  endfacet
  facet normal 0 0 1
    outer loop
      vertex -30.8302 -3.24038 8.2
      vertex -36.7973 -3.86755 8.2
      vertex -36.5445 -5.78807 8.2
    endloop
  endfacet
  facet normal 0 0 1
    outer loop
      vertex -37 0 8.2
      vertex -31 0 8.2
      vertex -36.9493 1.93643 8.2
    endloop
  endfacet
  facet normal 0 0 1
    outer loop
      vertex -30.9575 -1.62241 8.2
      vertex -36.9493 -1.93643 8.2
      vertex -36.7973 -3.86755 8.2
    endloop
  endfacet
  facet normal 0 0 1
    outer loop
      vertex -31 0 8.2
      vertex -37 0 8.2
      vertex -36.9493 -1.93643 8.2
    endloop
  endfacet
  facet normal -0.477148 0.878823 0
    outer loop
      vertex -16.7976 32.9672 2.2
      vertex -18.5 32.0429 8.2
      vertex -16.7976 32.9672 8.2
    endloop
  endfacet
  facet normal -0.477148 0.878823 0
    outer loop
      vertex -18.5 32.0429 8.2
      vertex -16.7976 32.9672 2.2
      vertex -18.5 32.0429 2.2
    endloop
  endfacet
  facet normal 0.852641 -0.522498 0
    outer loop
      vertex 31.0308 -20.1516 8.2
      vertex 32.0429 -18.5 2.2
      vertex 32.0429 -18.5 8.2
    endloop
  endfacet
  facet normal 0.852641 -0.522498 0
    outer loop
      vertex 32.0429 -18.5 2.2
      vertex 31.0308 -20.1516 8.2
      vertex 31.0308 -20.1516 2.2
    endloop
  endfacet
  facet normal -0.477148 -0.878823 0
    outer loop
      vertex -18.5 -32.0429 2.2
      vertex -16.7976 -32.9672 8.2
      vertex -18.5 -32.0429 8.2
    endloop
  endfacet
  facet normal -0.477148 -0.878823 -0
    outer loop
      vertex -16.7976 -32.9672 8.2
      vertex -18.5 -32.0429 2.2
      vertex -16.7976 -32.9672 2.2
    endloop
  endfacet
  facet normal -0.725396 -0.688331 0
    outer loop
      vertex -26.163 -26.163 2.2
      vertex -27.4964 -24.7578 8.2
      vertex -27.4964 -24.7578 2.2
    endloop
  endfacet
  facet normal -0.725396 -0.688331 0
    outer loop
      vertex -27.4964 -24.7578 8.2
      vertex -26.163 -26.163 2.2
      vertex -26.163 -26.163 8.2
    endloop
  endfacet
  facet normal -0.942645 -0.333797 0
    outer loop
      vertex -34.5425 -13.2596 2.2
      vertex -35.1891 -11.4336 8.2
      vertex -35.1891 -11.4336 2.2
    endloop
  endfacet
  facet normal -0.942645 -0.333797 0
    outer loop
      vertex -35.1891 -11.4336 8.2
      vertex -34.5425 -13.2596 2.2
      vertex -34.5425 -13.2596 8.2
    endloop
  endfacet
  facet normal -0.996917 -0.0784681 0
    outer loop
      vertex -36.7973 -3.86755 4.4
      vertex -36.9493 -1.93643 8.2
      vertex -36.9493 -1.93643 4.4
    endloop
  endfacet
  facet normal -0.996917 -0.0784681 0
    outer loop
      vertex -36.9493 -1.93643 8.2
      vertex -36.7973 -3.86755 4.4
      vertex -36.7973 -3.86755 8.2
    endloop
  endfacet
  facet normal 0.902564 -0.430555 0
    outer loop
      vertex 32.9672 -16.7976 8.2
      vertex 33.8012 -15.0493 2.2
      vertex 33.8012 -15.0493 8.2
    endloop
  endfacet
  facet normal 0.902564 -0.430555 0
    outer loop
      vertex 33.8012 -15.0493 2.2
      vertex 32.9672 -16.7976 8.2
      vertex 32.9672 -16.7976 2.2
    endloop
  endfacet
  facet normal 0.649455 -0.7604 0
    outer loop
      vertex 23.2849 -28.7544 2.2
      vertex 24.7578 -27.4964 8.2
      vertex 23.2849 -28.7544 8.2
    endloop
  endfacet
  facet normal 0.649455 -0.7604 0
    outer loop
      vertex 24.7578 -27.4964 8.2
      vertex 23.2849 -28.7544 2.2
      vertex 24.7578 -27.4964 2.2
    endloop
  endfacet
  facet normal -0.923883 0.382675 0
    outer loop
      vertex -34.5425 13.2596 2.2
      vertex -33.8012 15.0493 8.2
      vertex -33.8012 15.0493 2.2
    endloop
  endfacet
  facet normal -0.923883 0.382675 0
    outer loop
      vertex -33.8012 15.0493 8.2
      vertex -34.5425 13.2596 2.2
      vertex -34.5425 13.2596 8.2
    endloop
  endfacet
  facet normal -0.958814 -0.284036 0
    outer loop
      vertex -35.1891 -11.4336 2.2
      vertex -35.7393 -9.5763 8.2
      vertex -35.7393 -9.5763 2.2
    endloop
  endfacet
  facet normal -0.958814 -0.284036 0
    outer loop
      vertex -35.7393 -9.5763 8.2
      vertex -35.1891 -11.4336 2.2
      vertex -35.1891 -11.4336 8.2
    endloop
  endfacet
  facet normal 0.725396 -0.688331 0
    outer loop
      vertex 26.163 -26.163 8.2
      vertex 27.4964 -24.7578 2.2
      vertex 27.4964 -24.7578 8.2
    endloop
  endfacet
  facet normal 0.725396 -0.688331 0
    outer loop
      vertex 27.4964 -24.7578 2.2
      vertex 26.163 -26.163 8.2
      vertex 26.163 -26.163 2.2
    endloop
  endfacet
  facet normal 0.182232 0.983256 -0
    outer loop
      vertex 7.69273 36.1915 2.2
      vertex 5.78807 36.5445 8.2
      vertex 7.69273 36.1915 8.2
    endloop
  endfacet
  facet normal 0.182232 0.983256 0
    outer loop
      vertex 5.78807 36.5445 8.2
      vertex 7.69273 36.1915 2.2
      vertex 5.78807 36.5445 2.2
    endloop
  endfacet
  facet normal -0.878823 0.477148 0
    outer loop
      vertex -32.9672 16.7976 2.2
      vertex -32.0429 18.5 8.2
      vertex -32.0429 18.5 2.2
    endloop
  endfacet
  facet normal -0.878823 0.477148 0
    outer loop
      vertex -32.0429 18.5 8.2
      vertex -32.9672 16.7976 2.2
      vertex -32.9672 16.7976 8.2
    endloop
  endfacet
  facet normal 0.566391 -0.824137 0
    outer loop
      vertex 20.1516 -31.0308 2.2
      vertex 21.7481 -29.9336 8.2
      vertex 20.1516 -31.0308 8.2
    endloop
  endfacet
  facet normal 0.566391 -0.824137 0
    outer loop
      vertex 21.7481 -29.9336 8.2
      vertex 20.1516 -31.0308 2.2
      vertex 21.7481 -29.9336 2.2
    endloop
  endfacet
  facet normal 0.79336 -0.608752 0
    outer loop
      vertex 28.7544 -23.2849 8.2
      vertex 29.9336 -21.7481 2.2
      vertex 29.9336 -21.7481 8.2
    endloop
  endfacet
  facet normal 0.79336 -0.608752 0
    outer loop
      vertex 29.9336 -21.7481 2.2
      vertex 28.7544 -23.2849 8.2
      vertex 28.7544 -23.2849 2.2
    endloop
  endfacet
  facet normal 0.824137 -0.566391 0
    outer loop
      vertex 29.9336 -21.7481 8.2
      vertex 31.0308 -20.1516 2.2
      vertex 31.0308 -20.1516 8.2
    endloop
  endfacet
  facet normal 0.824137 -0.566391 0
    outer loop
      vertex 31.0308 -20.1516 2.2
      vertex 29.9336 -21.7481 8.2
      vertex 29.9336 -21.7481 2.2
    endloop
  endfacet
  facet normal -0.999657 0.0261732 0
    outer loop
      vertex -37 0 4.4
      vertex -36.9493 1.93643 8.2
      vertex -36.9493 1.93643 4.4
    endloop
  endfacet
  facet normal -0.999657 0.0261732 0
    outer loop
      vertex -36.9493 1.93643 8.2
      vertex -37 0 4.4
      vertex -37 0 8.2
    endloop
  endfacet
  facet normal -0.923883 -0.382675 0
    outer loop
      vertex -33.8012 -15.0493 2.2
      vertex -34.5425 -13.2596 8.2
      vertex -34.5425 -13.2596 2.2
    endloop
  endfacet
  facet normal -0.923883 -0.382675 0
    outer loop
      vertex -34.5425 -13.2596 8.2
      vertex -33.8012 -15.0493 2.2
      vertex -33.8012 -15.0493 8.2
    endloop
  endfacet
  facet normal -0.7604 0.649455 0
    outer loop
      vertex -28.7544 23.2849 2.2
      vertex -27.4964 24.7578 8.2
      vertex -27.4964 24.7578 2.2
    endloop
  endfacet
  facet normal -0.7604 0.649455 0
    outer loop
      vertex -27.4964 24.7578 8.2
      vertex -28.7544 23.2849 2.2
      vertex -28.7544 23.2849 8.2
    endloop
  endfacet
  facet normal -0.958814 0.284036 0
    outer loop
      vertex -35.7393 9.5763 2.2
      vertex -35.1891 11.4336 8.2
      vertex -35.1891 11.4336 2.2
    endloop
  endfacet
  facet normal -0.958814 0.284036 0
    outer loop
      vertex -35.1891 11.4336 8.2
      vertex -35.7393 9.5763 2.2
      vertex -35.7393 9.5763 8.2
    endloop
  endfacet
  facet normal -0.852641 0.522498 0
    outer loop
      vertex -32.0429 18.5 2.2
      vertex -31.0308 20.1516 8.2
      vertex -31.0308 20.1516 2.2
    endloop
  endfacet
  facet normal -0.852641 0.522498 0
    outer loop
      vertex -31.0308 20.1516 8.2
      vertex -32.0429 18.5 2.2
      vertex -32.0429 18.5 8.2
    endloop
  endfacet
  facet normal 0.130505 0.991448 -0
    outer loop
      vertex 5.78807 36.5445 2.2
      vertex 3.86755 36.7973 8.2
      vertex 5.78807 36.5445 8.2
    endloop
  endfacet
  facet normal 0.130505 0.991448 0
    outer loop
      vertex 3.86755 36.7973 8.2
      vertex 5.78807 36.5445 2.2
      vertex 3.86755 36.7973 2.2
    endloop
  endfacet
  facet normal -0.79336 -0.608752 0
    outer loop
      vertex -28.7544 -23.2849 2.2
      vertex -29.9336 -21.7481 8.2
      vertex -29.9336 -21.7481 2.2
    endloop
  endfacet
  facet normal -0.79336 -0.608752 0
    outer loop
      vertex -29.9336 -21.7481 8.2
      vertex -28.7544 -23.2849 2.2
      vertex -28.7544 -23.2849 8.2
    endloop
  endfacet
  facet normal -0.725396 0.688331 0
    outer loop
      vertex -27.4964 24.7578 2.2
      vertex -26.163 26.163 8.2
      vertex -26.163 26.163 2.2
    endloop
  endfacet
  facet normal -0.725396 0.688331 0
    outer loop
      vertex -26.163 26.163 8.2
      vertex -27.4964 24.7578 2.2
      vertex -27.4964 24.7578 8.2
    endloop
  endfacet
  facet normal 0.824137 0.566391 0
    outer loop
      vertex 31.0308 20.1516 8.2
      vertex 29.9336 21.7481 2.2
      vertex 29.9336 21.7481 8.2
    endloop
  endfacet
  facet normal 0.824137 0.566391 0
    outer loop
      vertex 29.9336 21.7481 2.2
      vertex 31.0308 20.1516 8.2
      vertex 31.0308 20.1516 2.2
    endloop
  endfacet
  facet normal -0.182232 -0.983256 0
    outer loop
      vertex -7.69273 -36.1915 2.2
      vertex -5.78807 -36.5445 8.2
      vertex -7.69273 -36.1915 8.2
    endloop
  endfacet
  facet normal -0.182232 -0.983256 -0
    outer loop
      vertex -5.78807 -36.5445 8.2
      vertex -7.69273 -36.1915 2.2
      vertex -5.78807 -36.5445 2.2
    endloop
  endfacet
  facet normal 0.284036 -0.958814 0
    outer loop
      vertex 9.5763 -35.7393 2.2
      vertex 11.4336 -35.1891 8.2
      vertex 9.5763 -35.7393 8.2
    endloop
  endfacet
  facet normal 0.284036 -0.958814 0
    outer loop
      vertex 11.4336 -35.1891 8.2
      vertex 9.5763 -35.7393 2.2
      vertex 11.4336 -35.1891 2.2
    endloop
  endfacet
  facet normal -0.824137 0.566391 0
    outer loop
      vertex -31.0308 20.1516 2.2
      vertex -29.9336 21.7481 8.2
      vertex -29.9336 21.7481 2.2
    endloop
  endfacet
  facet normal -0.824137 0.566391 0
    outer loop
      vertex -29.9336 21.7481 8.2
      vertex -31.0308 20.1516 2.2
      vertex -31.0308 20.1516 8.2
    endloop
  endfacet
  facet normal -0.0784681 -0.996917 0
    outer loop
      vertex -3.86755 -36.7973 2.2
      vertex -1.93643 -36.9493 8.2
      vertex -3.86755 -36.7973 8.2
    endloop
  endfacet
  facet normal -0.0784681 -0.996917 -0
    outer loop
      vertex -1.93643 -36.9493 8.2
      vertex -3.86755 -36.7973 2.2
      vertex -1.93643 -36.9493 2.2
    endloop
  endfacet
  facet normal -0.608752 -0.79336 0
    outer loop
      vertex -23.2849 -28.7544 2.2
      vertex -21.7481 -29.9336 8.2
      vertex -23.2849 -28.7544 8.2
    endloop
  endfacet
  facet normal -0.608752 -0.79336 -0
    outer loop
      vertex -21.7481 -29.9336 8.2
      vertex -23.2849 -28.7544 2.2
      vertex -21.7481 -29.9336 2.2
    endloop
  endfacet
  facet normal -0.996914 -0.0785007 0
    outer loop
      vertex 25.4651 1.33457 2.2
      vertex 25.3603 2.66547 8.3
      vertex 25.3603 2.66547 2.2
    endloop
  endfacet
  facet normal -0.996914 -0.0785007 0
    outer loop
      vertex 25.3603 2.66547 8.3
      vertex 25.4651 1.33457 2.2
      vertex 25.4651 1.33457 8.3
    endloop
  endfacet
  facet normal -0.996914 -0.0785007 0
    outer loop
      vertex 25.4651 1.33457 0
      vertex 25.3603 2.66547 2.2
      vertex 25.3603 2.66547 0
    endloop
  endfacet
  facet normal -0.996914 -0.0785007 0
    outer loop
      vertex 25.3603 2.66547 2.2
      vertex 25.4651 1.33457 0
      vertex 25.4651 1.33457 2.2
    endloop
  endfacet
  facet normal -0.999658 -0.0261418 -0
    outer loop
      vertex 25.5 0 8.21
      vertex 25.4651 1.33457 2.2
      vertex 25.5 0 2.2
    endloop
  endfacet
  facet normal -0.999658 -0.0261418 0
    outer loop
      vertex 25.4651 1.33457 2.2
      vertex 25.5 0 8.21
      vertex 25.4651 1.33457 8.3
    endloop
  endfacet
  facet normal -0.999658 -0.0261418 0
    outer loop
      vertex 25.4651 1.33457 8.3
      vertex 25.5 0 8.21
      vertex 25.5 0 8.3
    endloop
  endfacet
  facet normal -0.999658 -0.0261418 0
    outer loop
      vertex 25.5 0 0
      vertex 25.4651 1.33457 2.2
      vertex 25.4651 1.33457 0
    endloop
  endfacet
  facet normal -0.999658 -0.0261418 0
    outer loop
      vertex 25.4651 1.33457 2.2
      vertex 25.5 0 0
      vertex 25.5 0 2.2
    endloop
  endfacet
  facet normal -0.99145 -0.130485 0
    outer loop
      vertex 25.3603 2.66547 2.2
      vertex 25.1861 3.98908 8.3
      vertex 25.1861 3.98908 2.2
    endloop
  endfacet
  facet normal -0.99145 -0.130485 0
    outer loop
      vertex 25.1861 3.98908 8.3
      vertex 25.3603 2.66547 2.2
      vertex 25.3603 2.66547 8.3
    endloop
  endfacet
  facet normal -0.99145 -0.130485 0
    outer loop
      vertex 25.3603 2.66547 0
      vertex 25.1861 3.98908 2.2
      vertex 25.1861 3.98908 0
    endloop
  endfacet
  facet normal -0.99145 -0.130485 0
    outer loop
      vertex 25.1861 3.98908 2.2
      vertex 25.3603 2.66547 0
      vertex 25.3603 2.66547 2.2
    endloop
  endfacet
  facet normal 0.430477 -0.902601 0
    outer loop
      vertex -11.5768 22.7207 2.2
      vertex -10.3718 23.2954 8.21
      vertex -11.5768 22.7207 8.21
    endloop
  endfacet
  facet normal 0.430477 -0.902601 0
    outer loop
      vertex -10.3718 23.2954 8.21
      vertex -11.5768 22.7207 2.2
      vertex -10.3718 23.2954 2.2
    endloop
  endfacet
  facet normal 0.430477 -0.902601 0
    outer loop
      vertex -11.5768 22.7207 0
      vertex -10.3718 23.2954 2.2
      vertex -11.5768 22.7207 2.2
    endloop
  endfacet
  facet normal 0.430477 -0.902601 0
    outer loop
      vertex -10.3718 23.2954 2.2
      vertex -11.5768 22.7207 0
      vertex -10.3718 23.2954 0
    endloop
  endfacet
  facet normal -0.878784 0.477219 0
    outer loop
      vertex 22.0836 -12.75 2.2
      vertex 22.7207 -11.5768 8.21
      vertex 22.7207 -11.5768 2.2
    endloop
  endfacet
  facet normal -0.878784 0.477219 0
    outer loop
      vertex 22.7207 -11.5768 8.21
      vertex 22.0836 -12.75 2.2
      vertex 22.0836 -12.75 8.21
    endloop
  endfacet
  facet normal -0.878784 0.477219 0
    outer loop
      vertex 22.0836 -12.75 0
      vertex 22.7207 -11.5768 2.2
      vertex 22.7207 -11.5768 0
    endloop
  endfacet
  facet normal -0.878784 0.477219 0
    outer loop
      vertex 22.7207 -11.5768 2.2
      vertex 22.0836 -12.75 0
      vertex 22.0836 -12.75 2.2
    endloop
  endfacet
  facet normal -0.824107 -0.566433 0
    outer loop
      vertex 21.3861 13.8883 2.2
      vertex 20.6299 14.9885 8.21
      vertex 20.6299 14.9885 2.2
    endloop
  endfacet
  facet normal -0.824107 -0.566433 0
    outer loop
      vertex 20.6299 14.9885 8.21
      vertex 21.3861 13.8883 2.2
      vertex 21.3861 13.8883 8.21
    endloop
  endfacet
  facet normal -0.824107 -0.566433 0
    outer loop
      vertex 21.3861 13.8883 0
      vertex 20.6299 14.9885 2.2
      vertex 20.6299 14.9885 0
    endloop
  endfacet
  facet normal -0.824107 -0.566433 0
    outer loop
      vertex 20.6299 14.9885 2.2
      vertex 21.3861 13.8883 0
      vertex 21.3861 13.8883 2.2
    endloop
  endfacet
  facet normal 0.725366 0.688364 0
    outer loop
      vertex -18.0312 -18.0312 8.21
      vertex -18.9502 -17.0628 2.2
      vertex -18.9502 -17.0628 8.21
    endloop
  endfacet
  facet normal 0.725366 0.688364 0
    outer loop
      vertex -18.9502 -17.0628 2.2
      vertex -18.0312 -18.0312 8.21
      vertex -18.0312 -18.0312 2.2
    endloop
  endfacet
  facet normal 0.725366 0.688364 0
    outer loop
      vertex -18.0312 -18.0312 2.2
      vertex -18.9502 -17.0628 0
      vertex -18.9502 -17.0628 2.2
    endloop
  endfacet
  facet normal 0.725366 0.688364 0
    outer loop
      vertex -18.9502 -17.0628 0
      vertex -18.0312 -18.0312 2.2
      vertex -18.0312 -18.0312 0
    endloop
  endfacet
  facet normal -0.983253 0.182243 0
    outer loop
      vertex 24.9428 -5.30175 2.2
      vertex 25.1861 -3.98908 8.21
      vertex 25.1861 -3.98908 2.2
    endloop
  endfacet
  facet normal -0.983253 0.182243 0
    outer loop
      vertex 25.1861 -3.98908 8.21
      vertex 24.9428 -5.30175 2.2
      vertex 24.9428 -5.30175 8.21
    endloop
  endfacet
  facet normal -0.983253 0.182243 0
    outer loop
      vertex 24.9428 -5.30175 0
      vertex 25.1861 -3.98908 2.2
      vertex 25.1861 -3.98908 0
    endloop
  endfacet
  facet normal -0.983253 0.182243 0
    outer loop
      vertex 25.1861 -3.98908 2.2
      vertex 24.9428 -5.30175 0
      vertex 24.9428 -5.30175 2.2
    endloop
  endfacet
  facet normal 0.608737 0.793372 -0
    outer loop
      vertex -14.9885 -20.6299 2.2
      vertex -16.0477 -19.8172 8.3
      vertex -14.9885 -20.6299 8.3
    endloop
  endfacet
  facet normal 0.608737 0.793372 0
    outer loop
      vertex -16.0477 -19.8172 8.3
      vertex -14.9885 -20.6299 2.2
      vertex -16.0477 -19.8172 2.2
    endloop
  endfacet
  facet normal 0.608737 0.793372 -0
    outer loop
      vertex -14.9885 -20.6299 0
      vertex -16.0477 -19.8172 2.2
      vertex -14.9885 -20.6299 2.2
    endloop
  endfacet
  facet normal 0.608737 0.793372 0
    outer loop
      vertex -16.0477 -19.8172 2.2
      vertex -14.9885 -20.6299 0
      vertex -16.0477 -19.8172 0
    endloop
  endfacet
  facet normal 0.566433 -0.824107 0
    outer loop
      vertex -14.9885 20.6299 2.2
      vertex -13.8883 21.3861 8.21
      vertex -14.9885 20.6299 8.21
    endloop
  endfacet
  facet normal 0.566433 -0.824107 0
    outer loop
      vertex -13.8883 21.3861 8.21
      vertex -14.9885 20.6299 2.2
      vertex -13.8883 21.3861 2.2
    endloop
  endfacet
  facet normal 0.566433 -0.824107 0
    outer loop
      vertex -14.9885 20.6299 0
      vertex -13.8883 21.3861 2.2
      vertex -14.9885 20.6299 2.2
    endloop
  endfacet
  facet normal 0.566433 -0.824107 0
    outer loop
      vertex -13.8883 21.3861 2.2
      vertex -14.9885 20.6299 0
      vertex -13.8883 21.3861 0
    endloop
  endfacet
  facet normal 0.760398 -0.649458 0
    outer loop
      vertex -19.8172 16.0477 8.3
      vertex -18.9502 17.0628 2.2
      vertex -18.9502 17.0628 8.3
    endloop
  endfacet
  facet normal 0.760398 -0.649458 0
    outer loop
      vertex -18.9502 17.0628 2.2
      vertex -19.8172 16.0477 8.3
      vertex -19.8172 16.0477 2.2
    endloop
  endfacet
  facet normal 0.760398 -0.649458 0
    outer loop
      vertex -19.8172 16.0477 2.2
      vertex -18.9502 17.0628 0
      vertex -18.9502 17.0628 2.2
    endloop
  endfacet
  facet normal 0.760398 -0.649458 0
    outer loop
      vertex -18.9502 17.0628 0
      vertex -19.8172 16.0477 2.2
      vertex -19.8172 16.0477 0
    endloop
  endfacet
  facet normal 0.852657 -0.522471 0
    outer loop
      vertex -22.0836 12.75 8.21
      vertex -21.3861 13.8883 2.2
      vertex -21.3861 13.8883 8.21
    endloop
  endfacet
  facet normal 0.852657 -0.522471 0
    outer loop
      vertex -21.3861 13.8883 2.2
      vertex -22.0836 12.75 8.21
      vertex -22.0836 12.75 2.2
    endloop
  endfacet
  facet normal 0.852657 -0.522471 0
    outer loop
      vertex -22.0836 12.75 2.2
      vertex -21.3861 13.8883 0
      vertex -21.3861 13.8883 2.2
    endloop
  endfacet
  facet normal 0.852657 -0.522471 0
    outer loop
      vertex -21.3861 13.8883 0
      vertex -22.0836 12.75 2.2
      vertex -22.0836 12.75 0
    endloop
  endfacet
  facet normal -0.522471 0.852657 0
    outer loop
      vertex 13.8883 -21.3861 2.2
      vertex 12.75 -22.0836 8.21
      vertex 13.8883 -21.3861 8.21
    endloop
  endfacet
  facet normal -0.522471 0.852657 0
    outer loop
      vertex 12.75 -22.0836 8.21
      vertex 13.8883 -21.3861 2.2
      vertex 12.75 -22.0836 2.2
    endloop
  endfacet
  facet normal -0.522471 0.852657 0
    outer loop
      vertex 13.8883 -21.3861 0
      vertex 12.75 -22.0836 2.2
      vertex 13.8883 -21.3861 2.2
    endloop
  endfacet
  facet normal -0.522471 0.852657 0
    outer loop
      vertex 12.75 -22.0836 2.2
      vertex 13.8883 -21.3861 0
      vertex 12.75 -22.0836 0
    endloop
  endfacet
  facet normal -0.972362 -0.233478 0
    outer loop
      vertex 24.9428 5.30175 2.2
      vertex 24.6311 6.59988 8.21
      vertex 24.6311 6.59988 2.2
    endloop
  endfacet
  facet normal -0.972362 -0.233478 0
    outer loop
      vertex 24.6311 6.59988 8.21
      vertex 24.9428 5.30175 2.2
      vertex 24.9428 5.30175 8.21
    endloop
  endfacet
  facet normal -0.972362 -0.233478 0
    outer loop
      vertex 24.9428 5.30175 0
      vertex 24.6311 6.59988 2.2
      vertex 24.6311 6.59988 0
    endloop
  endfacet
  facet normal -0.972362 -0.233478 0
    outer loop
      vertex 24.6311 6.59988 2.2
      vertex 24.9428 5.30175 0
      vertex 24.9428 5.30175 2.2
    endloop
  endfacet
  facet normal -0.942651 -0.33378 0
    outer loop
      vertex 24.2519 7.87993 2.2
      vertex 23.8063 9.13838 8.21
      vertex 23.8063 9.13838 2.2
    endloop
  endfacet
  facet normal -0.942651 -0.33378 0
    outer loop
      vertex 23.8063 9.13838 8.21
      vertex 24.2519 7.87993 2.2
      vertex 24.2519 7.87993 8.21
    endloop
  endfacet
  facet normal -0.942651 -0.33378 0
    outer loop
      vertex 24.2519 7.87993 0
      vertex 23.8063 9.13838 2.2
      vertex 23.8063 9.13838 0
    endloop
  endfacet
  facet normal -0.942651 -0.33378 0
    outer loop
      vertex 23.8063 9.13838 2.2
      vertex 24.2519 7.87993 0
      vertex 24.2519 7.87993 2.2
    endloop
  endfacet
  facet normal 0.760398 0.649458 0
    outer loop
      vertex -18.9502 -17.0628 8.21
      vertex -19.8172 -16.0477 2.2
      vertex -19.8172 -16.0477 8.21
    endloop
  endfacet
  facet normal 0.760398 0.649458 0
    outer loop
      vertex -19.8172 -16.0477 2.2
      vertex -18.9502 -17.0628 8.21
      vertex -18.9502 -17.0628 2.2
    endloop
  endfacet
  facet normal 0.760398 0.649458 0
    outer loop
      vertex -18.9502 -17.0628 2.2
      vertex -19.8172 -16.0477 0
      vertex -19.8172 -16.0477 2.2
    endloop
  endfacet
  facet normal 0.760398 0.649458 0
    outer loop
      vertex -19.8172 -16.0477 0
      vertex -18.9502 -17.0628 2.2
      vertex -18.9502 -17.0628 0
    endloop
  endfacet
  facet normal -0.430477 0.902601 0
    outer loop
      vertex 11.5768 -22.7207 2.2
      vertex 10.3718 -23.2954 8.21
      vertex 11.5768 -22.7207 8.21
    endloop
  endfacet
  facet normal -0.430477 0.902601 0
    outer loop
      vertex 10.3718 -23.2954 8.21
      vertex 11.5768 -22.7207 2.2
      vertex 10.3718 -23.2954 2.2
    endloop
  endfacet
  facet normal -0.430477 0.902601 0
    outer loop
      vertex 11.5768 -22.7207 0
      vertex 10.3718 -23.2954 2.2
      vertex 11.5768 -22.7207 2.2
    endloop
  endfacet
  facet normal -0.430477 0.902601 0
    outer loop
      vertex 10.3718 -23.2954 2.2
      vertex 11.5768 -22.7207 0
      vertex 10.3718 -23.2954 0
    endloop
  endfacet
  facet normal -0.852657 -0.522471 0
    outer loop
      vertex 22.0836 12.75 2.2
      vertex 21.3861 13.8883 8.21
      vertex 21.3861 13.8883 2.2
    endloop
  endfacet
  facet normal -0.852657 -0.522471 0
    outer loop
      vertex 21.3861 13.8883 8.21
      vertex 22.0836 12.75 2.2
      vertex 22.0836 12.75 8.21
    endloop
  endfacet
  facet normal -0.852657 -0.522471 0
    outer loop
      vertex 22.0836 12.75 0
      vertex 21.3861 13.8883 2.2
      vertex 21.3861 13.8883 0
    endloop
  endfacet
  facet normal -0.852657 -0.522471 0
    outer loop
      vertex 21.3861 13.8883 2.2
      vertex 22.0836 12.75 0
      vertex 22.0836 12.75 2.2
    endloop
  endfacet
  facet normal 0.0261418 -0.999658 0
    outer loop
      vertex -1.33457 25.4651 8.3
      vertex 0 25.5 8.21
      vertex 0 25.5 8.3
    endloop
  endfacet
  facet normal 0.0261418 -0.999658 0
    outer loop
      vertex -1.33457 25.4651 2.2
      vertex 0 25.5 8.21
      vertex -1.33457 25.4651 8.3
    endloop
  endfacet
  facet normal 0.0261418 -0.999658 0
    outer loop
      vertex 0 25.5 8.21
      vertex -1.33457 25.4651 2.2
      vertex 0 25.5 2.2
    endloop
  endfacet
  facet normal 0.0261418 -0.999658 0
    outer loop
      vertex -1.33457 25.4651 0
      vertex 0 25.5 2.2
      vertex -1.33457 25.4651 2.2
    endloop
  endfacet
  facet normal 0.0261418 -0.999658 0
    outer loop
      vertex 0 25.5 2.2
      vertex -1.33457 25.4651 0
      vertex 0 25.5 0
    endloop
  endfacet
  facet normal 0.0261418 0.999658 -0
    outer loop
      vertex 0 -25.5 2.2
      vertex -1.33457 -25.4651 8.21
      vertex 0 -25.5 8.21
    endloop
  endfacet
  facet normal 0.0261418 0.999658 0
    outer loop
      vertex -1.33457 -25.4651 8.21
      vertex 0 -25.5 2.2
      vertex -1.33457 -25.4651 2.2
    endloop
  endfacet
  facet normal 0.0261418 0.999658 -0
    outer loop
      vertex 0 -25.5 0
      vertex -1.33457 -25.4651 2.2
      vertex 0 -25.5 2.2
    endloop
  endfacet
  facet normal 0.0261418 0.999658 0
    outer loop
      vertex -1.33457 -25.4651 2.2
      vertex 0 -25.5 0
      vertex -1.33457 -25.4651 0
    endloop
  endfacet
  facet normal -0.688364 0.725366 0
    outer loop
      vertex 18.0312 -18.0312 2.2
      vertex 17.0628 -18.9502 8.21
      vertex 18.0312 -18.0312 8.21
    endloop
  endfacet
  facet normal -0.688364 0.725366 0
    outer loop
      vertex 17.0628 -18.9502 8.21
      vertex 18.0312 -18.0312 2.2
      vertex 17.0628 -18.9502 2.2
    endloop
  endfacet
  facet normal -0.688364 0.725366 0
    outer loop
      vertex 18.0312 -18.0312 0
      vertex 17.0628 -18.9502 2.2
      vertex 18.0312 -18.0312 2.2
    endloop
  endfacet
  facet normal -0.688364 0.725366 0
    outer loop
      vertex 17.0628 -18.9502 2.2
      vertex 18.0312 -18.0312 0
      vertex 17.0628 -18.9502 0
    endloop
  endfacet
  facet normal -0.999658 0.0261418 0
    outer loop
      vertex 25.4651 -1.33457 2.2
      vertex 25.5 0 8.21
      vertex 25.5 0 2.2
    endloop
  endfacet
  facet normal -0.999658 0.0261418 0
    outer loop
      vertex 25.5 0 8.21
      vertex 25.4651 -1.33457 2.2
      vertex 25.4651 -1.33457 8.21
    endloop
  endfacet
  facet normal -0.999658 0.0261418 0
    outer loop
      vertex 25.4651 -1.33457 0
      vertex 25.5 0 2.2
      vertex 25.5 0 0
    endloop
  endfacet
  facet normal -0.999658 0.0261418 0
    outer loop
      vertex 25.5 0 2.2
      vertex 25.4651 -1.33457 0
      vertex 25.4651 -1.33457 2.2
    endloop
  endfacet
  facet normal -0.477219 -0.878784 0
    outer loop
      vertex 11.5768 22.7207 2.2
      vertex 12.75 22.0836 8.21
      vertex 11.5768 22.7207 8.21
    endloop
  endfacet
  facet normal -0.477219 -0.878784 -0
    outer loop
      vertex 12.75 22.0836 8.21
      vertex 11.5768 22.7207 2.2
      vertex 12.75 22.0836 2.2
    endloop
  endfacet
  facet normal -0.477219 -0.878784 0
    outer loop
      vertex 11.5768 22.7207 0
      vertex 12.75 22.0836 2.2
      vertex 11.5768 22.7207 2.2
    endloop
  endfacet
  facet normal -0.477219 -0.878784 -0
    outer loop
      vertex 12.75 22.0836 2.2
      vertex 11.5768 22.7207 0
      vertex 12.75 22.0836 0
    endloop
  endfacet
  facet normal 0.284037 -0.958813 0
    outer loop
      vertex -7.87993 24.2519 2.2
      vertex -6.59988 24.6311 8.21
      vertex -7.87993 24.2519 8.21
    endloop
  endfacet
  facet normal 0.284037 -0.958813 0
    outer loop
      vertex -6.59988 24.6311 8.21
      vertex -7.87993 24.2519 2.2
      vertex -6.59988 24.6311 2.2
    endloop
  endfacet
  facet normal 0.284037 -0.958813 0
    outer loop
      vertex -7.87993 24.2519 0
      vertex -6.59988 24.6311 2.2
      vertex -7.87993 24.2519 2.2
    endloop
  endfacet
  facet normal 0.284037 -0.958813 0
    outer loop
      vertex -6.59988 24.6311 2.2
      vertex -7.87993 24.2519 0
      vertex -6.59988 24.6311 0
    endloop
  endfacet
  facet normal 0.878784 0.477219 0
    outer loop
      vertex -22.0836 -12.75 8.21
      vertex -22.7207 -11.5768 2.2
      vertex -22.7207 -11.5768 8.21
    endloop
  endfacet
  facet normal 0.878784 0.477219 0
    outer loop
      vertex -22.7207 -11.5768 2.2
      vertex -22.0836 -12.75 8.21
      vertex -22.0836 -12.75 2.2
    endloop
  endfacet
  facet normal 0.878784 0.477219 0
    outer loop
      vertex -22.0836 -12.75 2.2
      vertex -22.7207 -11.5768 0
      vertex -22.7207 -11.5768 2.2
    endloop
  endfacet
  facet normal 0.878784 0.477219 0
    outer loop
      vertex -22.7207 -11.5768 0
      vertex -22.0836 -12.75 2.2
      vertex -22.0836 -12.75 0
    endloop
  endfacet
  facet normal -0.98327 -0.182153 0
    outer loop
      vertex 24.9428 5.30175 2.2
      vertex 24.9987 5 8.21
      vertex 24.9428 5.30175 8.21
    endloop
  endfacet
  facet normal -0.983253 -0.182243 -4.67651e-06
    outer loop
      vertex 25.1861 3.98908 2.2
      vertex 24.9987 5 8.21
      vertex 24.9428 5.30175 2.2
    endloop
  endfacet
  facet normal -0.983248 -0.18227 -0
    outer loop
      vertex 25.1861 3.98908 8.3
      vertex 24.9987 5 8.21
      vertex 25.1861 3.98908 2.2
    endloop
  endfacet
  facet normal -0.983248 -0.18227 0
    outer loop
      vertex 24.9987 5 8.21
      vertex 25.1861 3.98908 8.3
      vertex 24.9987 5 8.3
    endloop
  endfacet
  facet normal -0.983253 -0.182243 0
    outer loop
      vertex 25.1861 3.98908 0
      vertex 24.9428 5.30175 2.2
      vertex 24.9428 5.30175 0
    endloop
  endfacet
  facet normal -0.983253 -0.182243 0
    outer loop
      vertex 24.9428 5.30175 2.2
      vertex 25.1861 3.98908 0
      vertex 25.1861 3.98908 2.2
    endloop
  endfacet
  facet normal -0.0785007 0.996914 0
    outer loop
      vertex 2.66547 -25.3603 2.2
      vertex 1.33457 -25.4651 8.3
      vertex 2.66547 -25.3603 8.3
    endloop
  endfacet
  facet normal -0.0785007 0.996914 0
    outer loop
      vertex 1.33457 -25.4651 8.3
      vertex 2.66547 -25.3603 2.2
      vertex 1.33457 -25.4651 2.2
    endloop
  endfacet
  facet normal -0.0785007 0.996914 0
    outer loop
      vertex 2.66547 -25.3603 0
      vertex 1.33457 -25.4651 2.2
      vertex 2.66547 -25.3603 2.2
    endloop
  endfacet
  facet normal -0.0785007 0.996914 0
    outer loop
      vertex 1.33457 -25.4651 2.2
      vertex 2.66547 -25.3603 0
      vertex 1.33457 -25.4651 0
    endloop
  endfacet
  facet normal -0.0261418 0.999658 0
    outer loop
      vertex 1.33457 -25.4651 8.3
      vertex 0 -25.5 8.21
      vertex 0 -25.5 8.3
    endloop
  endfacet
  facet normal -0.0261418 0.999658 0
    outer loop
      vertex 1.33457 -25.4651 2.2
      vertex 0 -25.5 8.21
      vertex 1.33457 -25.4651 8.3
    endloop
  endfacet
  facet normal -0.0261418 0.999658 0
    outer loop
      vertex 0 -25.5 8.21
      vertex 1.33457 -25.4651 2.2
      vertex 0 -25.5 2.2
    endloop
  endfacet
  facet normal -0.0261418 0.999658 0
    outer loop
      vertex 1.33457 -25.4651 0
      vertex 0 -25.5 2.2
      vertex 1.33457 -25.4651 2.2
    endloop
  endfacet
  facet normal -0.0261418 0.999658 0
    outer loop
      vertex 0 -25.5 2.2
      vertex 1.33457 -25.4651 0
      vertex 0 -25.5 0
    endloop
  endfacet
  facet normal 0.649458 -0.760398 0
    outer loop
      vertex -17.0628 18.9502 2.2
      vertex -16.0477 19.8172 8.21
      vertex -17.0628 18.9502 8.21
    endloop
  endfacet
  facet normal 0.649458 -0.760398 0
    outer loop
      vertex -16.0477 19.8172 8.21
      vertex -17.0628 18.9502 2.2
      vertex -16.0477 19.8172 2.2
    endloop
  endfacet
  facet normal 0.649458 -0.760398 0
    outer loop
      vertex -17.0628 18.9502 0
      vertex -16.0477 19.8172 2.2
      vertex -17.0628 18.9502 2.2
    endloop
  endfacet
  facet normal 0.649458 -0.760398 0
    outer loop
      vertex -16.0477 19.8172 2.2
      vertex -17.0628 18.9502 0
      vertex -16.0477 19.8172 0
    endloop
  endfacet
  facet normal -0.182243 -0.983253 0
    outer loop
      vertex 3.98908 25.1861 2.2
      vertex 5.30175 24.9428 8.21
      vertex 3.98908 25.1861 8.21
    endloop
  endfacet
  facet normal -0.182243 -0.983253 -0
    outer loop
      vertex 5.30175 24.9428 8.21
      vertex 3.98908 25.1861 2.2
      vertex 5.30175 24.9428 2.2
    endloop
  endfacet
  facet normal -0.182243 -0.983253 0
    outer loop
      vertex 3.98908 25.1861 0
      vertex 5.30175 24.9428 2.2
      vertex 3.98908 25.1861 2.2
    endloop
  endfacet
  facet normal -0.182243 -0.983253 -0
    outer loop
      vertex 5.30175 24.9428 2.2
      vertex 3.98908 25.1861 0
      vertex 5.30175 24.9428 0
    endloop
  endfacet
  facet normal 0.996914 0.0785007 0
    outer loop
      vertex -25.3603 -2.66547 8.3
      vertex -25.4651 -1.33457 2.2
      vertex -25.4651 -1.33457 8.3
    endloop
  endfacet
  facet normal 0.996914 0.0785007 0
    outer loop
      vertex -25.4651 -1.33457 2.2
      vertex -25.3603 -2.66547 8.3
      vertex -25.3603 -2.66547 2.2
    endloop
  endfacet
  facet normal 0.996914 0.0785007 0
    outer loop
      vertex -25.3603 -2.66547 2.2
      vertex -25.4651 -1.33457 0
      vertex -25.4651 -1.33457 2.2
    endloop
  endfacet
  facet normal 0.996914 0.0785007 0
    outer loop
      vertex -25.4651 -1.33457 0
      vertex -25.3603 -2.66547 2.2
      vertex -25.3603 -2.66547 0
    endloop
  endfacet
  facet normal 0.688364 0.725366 0
    outer loop
      vertex -17.0628 -18.9502 8.3
      vertex -18.0312 -18.0312 8.21
      vertex -18.0312 -18.0312 8.3
    endloop
  endfacet
  facet normal 0.688364 0.725366 -0
    outer loop
      vertex -17.0628 -18.9502 2.2
      vertex -18.0312 -18.0312 8.21
      vertex -17.0628 -18.9502 8.3
    endloop
  endfacet
  facet normal 0.688364 0.725366 0
    outer loop
      vertex -18.0312 -18.0312 8.21
      vertex -17.0628 -18.9502 2.2
      vertex -18.0312 -18.0312 2.2
    endloop
  endfacet
  facet normal 0.688364 0.725366 -0
    outer loop
      vertex -17.0628 -18.9502 0
      vertex -18.0312 -18.0312 2.2
      vertex -17.0628 -18.9502 2.2
    endloop
  endfacet
  facet normal 0.688364 0.725366 0
    outer loop
      vertex -18.0312 -18.0312 2.2
      vertex -17.0628 -18.9502 0
      vertex -18.0312 -18.0312 0
    endloop
  endfacet
  facet normal 0.923879 -0.382684 0
    outer loop
      vertex -23.8063 9.13838 8.21
      vertex -23.2954 10.3718 2.2
      vertex -23.2954 10.3718 8.21
    endloop
  endfacet
  facet normal 0.923879 -0.382684 0
    outer loop
      vertex -23.2954 10.3718 2.2
      vertex -23.8063 9.13838 8.21
      vertex -23.8063 9.13838 2.2
    endloop
  endfacet
  facet normal 0.923879 -0.382684 0
    outer loop
      vertex -23.8063 9.13838 2.2
      vertex -23.2954 10.3718 0
      vertex -23.2954 10.3718 2.2
    endloop
  endfacet
  facet normal 0.923879 -0.382684 0
    outer loop
      vertex -23.2954 10.3718 0
      vertex -23.8063 9.13838 2.2
      vertex -23.8063 9.13838 0
    endloop
  endfacet
  facet normal -0.382684 -0.923879 0
    outer loop
      vertex 9.13838 23.8063 2.2
      vertex 10.3718 23.2954 8.21
      vertex 9.13838 23.8063 8.21
    endloop
  endfacet
  facet normal -0.382684 -0.923879 -0
    outer loop
      vertex 10.3718 23.2954 8.21
      vertex 9.13838 23.8063 2.2
      vertex 10.3718 23.2954 2.2
    endloop
  endfacet
  facet normal -0.382684 -0.923879 0
    outer loop
      vertex 9.13838 23.8063 0
      vertex 10.3718 23.2954 2.2
      vertex 9.13838 23.8063 2.2
    endloop
  endfacet
  facet normal -0.382684 -0.923879 -0
    outer loop
      vertex 10.3718 23.2954 2.2
      vertex 9.13838 23.8063 0
      vertex 10.3718 23.2954 0
    endloop
  endfacet
  facet normal -0.793372 -0.608737 0
    outer loop
      vertex 20.6299 14.9885 2.2
      vertex 19.8172 16.0477 8.21
      vertex 19.8172 16.0477 2.2
    endloop
  endfacet
  facet normal -0.793372 -0.608737 0
    outer loop
      vertex 19.8172 16.0477 8.21
      vertex 20.6299 14.9885 2.2
      vertex 20.6299 14.9885 8.21
    endloop
  endfacet
  facet normal -0.793372 -0.608737 0
    outer loop
      vertex 20.6299 14.9885 0
      vertex 19.8172 16.0477 2.2
      vertex 19.8172 16.0477 0
    endloop
  endfacet
  facet normal -0.793372 -0.608737 0
    outer loop
      vertex 19.8172 16.0477 2.2
      vertex 20.6299 14.9885 0
      vertex 20.6299 14.9885 2.2
    endloop
  endfacet
  facet normal 0.852657 0.522471 0
    outer loop
      vertex -21.3861 -13.8883 8.21
      vertex -22.0836 -12.75 2.2
      vertex -22.0836 -12.75 8.21
    endloop
  endfacet
  facet normal 0.852657 0.522471 0
    outer loop
      vertex -22.0836 -12.75 2.2
      vertex -21.3861 -13.8883 8.21
      vertex -21.3861 -13.8883 2.2
    endloop
  endfacet
  facet normal 0.852657 0.522471 0
    outer loop
      vertex -21.3861 -13.8883 2.2
      vertex -22.0836 -12.75 0
      vertex -22.0836 -12.75 2.2
    endloop
  endfacet
  facet normal 0.852657 0.522471 0
    outer loop
      vertex -22.0836 -12.75 0
      vertex -21.3861 -13.8883 2.2
      vertex -21.3861 -13.8883 0
    endloop
  endfacet
  facet normal -0.942651 0.33378 0
    outer loop
      vertex 23.8063 -9.13838 2.2
      vertex 24.2519 -7.87993 8.21
      vertex 24.2519 -7.87993 2.2
    endloop
  endfacet
  facet normal -0.942651 0.33378 0
    outer loop
      vertex 24.2519 -7.87993 8.21
      vertex 23.8063 -9.13838 2.2
      vertex 23.8063 -9.13838 8.21
    endloop
  endfacet
  facet normal -0.942651 0.33378 0
    outer loop
      vertex 23.8063 -9.13838 0
      vertex 24.2519 -7.87993 2.2
      vertex 24.2519 -7.87993 0
    endloop
  endfacet
  facet normal -0.942651 0.33378 0
    outer loop
      vertex 24.2519 -7.87993 2.2
      vertex 23.8063 -9.13838 0
      vertex 23.8063 -9.13838 2.2
    endloop
  endfacet
  facet normal 0.99145 -0.130485 0
    outer loop
      vertex -25.3603 2.66547 8.21
      vertex -25.1861 3.98908 2.2
      vertex -25.1861 3.98908 8.21
    endloop
  endfacet
  facet normal 0.99145 -0.130485 0
    outer loop
      vertex -25.1861 3.98908 2.2
      vertex -25.3603 2.66547 8.21
      vertex -25.3603 2.66547 2.2
    endloop
  endfacet
  facet normal 0.99145 -0.130485 0
    outer loop
      vertex -25.3603 2.66547 2.2
      vertex -25.1861 3.98908 0
      vertex -25.1861 3.98908 2.2
    endloop
  endfacet
  facet normal 0.99145 -0.130485 0
    outer loop
      vertex -25.1861 3.98908 0
      vertex -25.3603 2.66547 2.2
      vertex -25.3603 2.66547 0
    endloop
  endfacet
  facet normal -0.958813 0.284037 0
    outer loop
      vertex 24.2519 -7.87993 2.2
      vertex 24.6311 -6.59988 8.21
      vertex 24.6311 -6.59988 2.2
    endloop
  endfacet
  facet normal -0.958813 0.284037 0
    outer loop
      vertex 24.6311 -6.59988 8.21
      vertex 24.2519 -7.87993 2.2
      vertex 24.2519 -7.87993 8.21
    endloop
  endfacet
  facet normal -0.958813 0.284037 0
    outer loop
      vertex 24.2519 -7.87993 0
      vertex 24.6311 -6.59988 2.2
      vertex 24.6311 -6.59988 0
    endloop
  endfacet
  facet normal -0.958813 0.284037 0
    outer loop
      vertex 24.6311 -6.59988 2.2
      vertex 24.2519 -7.87993 0
      vertex 24.2519 -7.87993 2.2
    endloop
  endfacet
  facet normal -0.522471 -0.852657 0
    outer loop
      vertex 12.75 22.0836 2.2
      vertex 13.8883 21.3861 8.21
      vertex 12.75 22.0836 8.21
    endloop
  endfacet
  facet normal -0.522471 -0.852657 -0
    outer loop
      vertex 13.8883 21.3861 8.21
      vertex 12.75 22.0836 2.2
      vertex 13.8883 21.3861 2.2
    endloop
  endfacet
  facet normal -0.522471 -0.852657 0
    outer loop
      vertex 12.75 22.0836 0
      vertex 13.8883 21.3861 2.2
      vertex 12.75 22.0836 2.2
    endloop
  endfacet
  facet normal -0.522471 -0.852657 -0
    outer loop
      vertex 13.8883 21.3861 2.2
      vertex 12.75 22.0836 0
      vertex 13.8883 21.3861 0
    endloop
  endfacet
  facet normal -0.566377 -0.824147 -0
    outer loop
      vertex 13.8883 21.3861 8.21
      vertex 13.8883 21.3861 2.2
      vertex 14.1412 21.2123 8.21
    endloop
  endfacet
  facet normal -0.56645 -0.824096 0
    outer loop
      vertex 14.1412 21.2123 8.21
      vertex 14.9885 20.6299 8.3
      vertex 14.1412 21.2123 8.3
    endloop
  endfacet
  facet normal -0.566433 -0.824107 3.51718e-06
    outer loop
      vertex 14.9885 20.6299 2.2
      vertex 14.1412 21.2123 8.21
      vertex 13.8883 21.3861 2.2
    endloop
  endfacet
  facet normal -0.56645 -0.824096 0
    outer loop
      vertex 14.1412 21.2123 8.21
      vertex 14.9885 20.6299 2.2
      vertex 14.9885 20.6299 8.3
    endloop
  endfacet
  facet normal -0.566433 -0.824107 0
    outer loop
      vertex 13.8883 21.3861 0
      vertex 14.9885 20.6299 2.2
      vertex 13.8883 21.3861 2.2
    endloop
  endfacet
  facet normal -0.566433 -0.824107 -0
    outer loop
      vertex 14.9885 20.6299 2.2
      vertex 13.8883 21.3861 0
      vertex 14.9885 20.6299 0
    endloop
  endfacet
  facet normal 0.382684 0.923879 -0
    outer loop
      vertex -9.13838 -23.8063 2.2
      vertex -10.3718 -23.2954 8.21
      vertex -9.13838 -23.8063 8.21
    endloop
  endfacet
  facet normal 0.382684 0.923879 0
    outer loop
      vertex -10.3718 -23.2954 8.21
      vertex -9.13838 -23.8063 2.2
      vertex -10.3718 -23.2954 2.2
    endloop
  endfacet
  facet normal 0.382684 0.923879 -0
    outer loop
      vertex -9.13838 -23.8063 0
      vertex -10.3718 -23.2954 2.2
      vertex -9.13838 -23.8063 2.2
    endloop
  endfacet
  facet normal 0.382684 0.923879 0
    outer loop
      vertex -10.3718 -23.2954 2.2
      vertex -9.13838 -23.8063 0
      vertex -10.3718 -23.2954 0
    endloop
  endfacet
  facet normal -0.430477 -0.902601 0
    outer loop
      vertex 10.3718 23.2954 2.2
      vertex 11.5768 22.7207 8.21
      vertex 10.3718 23.2954 8.21
    endloop
  endfacet
  facet normal -0.430477 -0.902601 -0
    outer loop
      vertex 11.5768 22.7207 8.21
      vertex 10.3718 23.2954 2.2
      vertex 11.5768 22.7207 2.2
    endloop
  endfacet
  facet normal -0.430477 -0.902601 0
    outer loop
      vertex 10.3718 23.2954 0
      vertex 11.5768 22.7207 2.2
      vertex 10.3718 23.2954 2.2
    endloop
  endfacet
  facet normal -0.430477 -0.902601 -0
    outer loop
      vertex 11.5768 22.7207 2.2
      vertex 10.3718 23.2954 0
      vertex 11.5768 22.7207 0
    endloop
  endfacet
  facet normal 0.522471 -0.852657 0
    outer loop
      vertex -13.8883 21.3861 2.2
      vertex -12.75 22.0836 8.21
      vertex -13.8883 21.3861 8.21
    endloop
  endfacet
  facet normal 0.522471 -0.852657 0
    outer loop
      vertex -12.75 22.0836 8.21
      vertex -13.8883 21.3861 2.2
      vertex -12.75 22.0836 2.2
    endloop
  endfacet
  facet normal 0.522471 -0.852657 0
    outer loop
      vertex -13.8883 21.3861 0
      vertex -12.75 22.0836 2.2
      vertex -13.8883 21.3861 2.2
    endloop
  endfacet
  facet normal 0.522471 -0.852657 0
    outer loop
      vertex -12.75 22.0836 2.2
      vertex -13.8883 21.3861 0
      vertex -12.75 22.0836 0
    endloop
  endfacet
  facet normal -0.760398 0.649458 0
    outer loop
      vertex 18.9502 -17.0628 2.2
      vertex 19.8172 -16.0477 8.3
      vertex 19.8172 -16.0477 2.2
    endloop
  endfacet
  facet normal -0.760398 0.649458 0
    outer loop
      vertex 19.8172 -16.0477 8.3
      vertex 18.9502 -17.0628 2.2
      vertex 18.9502 -17.0628 8.3
    endloop
  endfacet
  facet normal -0.760398 0.649458 0
    outer loop
      vertex 18.9502 -17.0628 0
      vertex 19.8172 -16.0477 2.2
      vertex 19.8172 -16.0477 0
    endloop
  endfacet
  facet normal -0.760398 0.649458 0
    outer loop
      vertex 19.8172 -16.0477 2.2
      vertex 18.9502 -17.0628 0
      vertex 18.9502 -17.0628 2.2
    endloop
  endfacet
  facet normal -0.0785007 -0.996914 0
    outer loop
      vertex 1.33457 25.4651 2.2
      vertex 2.66547 25.3603 8.21
      vertex 1.33457 25.4651 8.21
    endloop
  endfacet
  facet normal -0.0785007 -0.996914 -0
    outer loop
      vertex 2.66547 25.3603 8.21
      vertex 1.33457 25.4651 2.2
      vertex 2.66547 25.3603 2.2
    endloop
  endfacet
  facet normal -0.0785007 -0.996914 0
    outer loop
      vertex 1.33457 25.4651 0
      vertex 2.66547 25.3603 2.2
      vertex 1.33457 25.4651 2.2
    endloop
  endfacet
  facet normal -0.0785007 -0.996914 -0
    outer loop
      vertex 2.66547 25.3603 2.2
      vertex 1.33457 25.4651 0
      vertex 2.66547 25.3603 0
    endloop
  endfacet
  facet normal -0.649458 0.760398 0
    outer loop
      vertex 17.0628 -18.9502 2.2
      vertex 16.0477 -19.8172 8.21
      vertex 17.0628 -18.9502 8.21
    endloop
  endfacet
  facet normal -0.649458 0.760398 0
    outer loop
      vertex 16.0477 -19.8172 8.21
      vertex 17.0628 -18.9502 2.2
      vertex 16.0477 -19.8172 2.2
    endloop
  endfacet
  facet normal -0.649458 0.760398 0
    outer loop
      vertex 17.0628 -18.9502 0
      vertex 16.0477 -19.8172 2.2
      vertex 17.0628 -18.9502 2.2
    endloop
  endfacet
  facet normal -0.649458 0.760398 0
    outer loop
      vertex 16.0477 -19.8172 2.2
      vertex 17.0628 -18.9502 0
      vertex 16.0477 -19.8172 0
    endloop
  endfacet
  facet normal 0.33378 0.942651 -0
    outer loop
      vertex -7.87993 -24.2519 2.2
      vertex -9.13838 -23.8063 8.21
      vertex -7.87993 -24.2519 8.21
    endloop
  endfacet
  facet normal 0.33378 0.942651 0
    outer loop
      vertex -9.13838 -23.8063 8.21
      vertex -7.87993 -24.2519 2.2
      vertex -9.13838 -23.8063 2.2
    endloop
  endfacet
  facet normal 0.33378 0.942651 -0
    outer loop
      vertex -7.87993 -24.2519 0
      vertex -9.13838 -23.8063 2.2
      vertex -7.87993 -24.2519 2.2
    endloop
  endfacet
  facet normal 0.33378 0.942651 0
    outer loop
      vertex -9.13838 -23.8063 2.2
      vertex -7.87993 -24.2519 0
      vertex -9.13838 -23.8063 0
    endloop
  endfacet
  facet normal 0.33378 -0.942651 0
    outer loop
      vertex -9.13838 23.8063 2.2
      vertex -7.87993 24.2519 8.21
      vertex -9.13838 23.8063 8.21
    endloop
  endfacet
  facet normal 0.33378 -0.942651 0
    outer loop
      vertex -7.87993 24.2519 8.21
      vertex -9.13838 23.8063 2.2
      vertex -7.87993 24.2519 2.2
    endloop
  endfacet
  facet normal 0.33378 -0.942651 0
    outer loop
      vertex -9.13838 23.8063 0
      vertex -7.87993 24.2519 2.2
      vertex -9.13838 23.8063 2.2
    endloop
  endfacet
  facet normal 0.33378 -0.942651 0
    outer loop
      vertex -7.87993 24.2519 2.2
      vertex -9.13838 23.8063 0
      vertex -7.87993 24.2519 0
    endloop
  endfacet
  facet normal -0.725366 -0.688364 0
    outer loop
      vertex 18.9502 17.0628 2.2
      vertex 18.0312 18.0312 8.21
      vertex 18.0312 18.0312 2.2
    endloop
  endfacet
  facet normal -0.725366 -0.688364 0
    outer loop
      vertex 18.0312 18.0312 8.21
      vertex 18.9502 17.0628 2.2
      vertex 18.9502 17.0628 8.21
    endloop
  endfacet
  facet normal -0.725366 -0.688364 0
    outer loop
      vertex 18.9502 17.0628 0
      vertex 18.0312 18.0312 2.2
      vertex 18.0312 18.0312 0
    endloop
  endfacet
  facet normal -0.725366 -0.688364 0
    outer loop
      vertex 18.0312 18.0312 2.2
      vertex 18.9502 17.0628 0
      vertex 18.9502 17.0628 2.2
    endloop
  endfacet
  facet normal -0.382684 0.923879 0
    outer loop
      vertex 10.3718 -23.2954 2.2
      vertex 9.13838 -23.8063 8.21
      vertex 10.3718 -23.2954 8.21
    endloop
  endfacet
  facet normal -0.382684 0.923879 0
    outer loop
      vertex 9.13838 -23.8063 8.21
      vertex 10.3718 -23.2954 2.2
      vertex 9.13838 -23.8063 2.2
    endloop
  endfacet
  facet normal -0.382684 0.923879 0
    outer loop
      vertex 10.3718 -23.2954 0
      vertex 9.13838 -23.8063 2.2
      vertex 10.3718 -23.2954 2.2
    endloop
  endfacet
  facet normal -0.382684 0.923879 0
    outer loop
      vertex 9.13838 -23.8063 2.2
      vertex 10.3718 -23.2954 0
      vertex 9.13838 -23.8063 0
    endloop
  endfacet
  facet normal 0.99145 0.130485 0
    outer loop
      vertex -25.1861 -3.98908 8.3
      vertex -25.3603 -2.66547 2.2
      vertex -25.3603 -2.66547 8.3
    endloop
  endfacet
  facet normal 0.99145 0.130485 0
    outer loop
      vertex -25.3603 -2.66547 2.2
      vertex -25.1861 -3.98908 8.3
      vertex -25.1861 -3.98908 2.2
    endloop
  endfacet
  facet normal 0.99145 0.130485 0
    outer loop
      vertex -25.1861 -3.98908 2.2
      vertex -25.3603 -2.66547 0
      vertex -25.3603 -2.66547 2.2
    endloop
  endfacet
  facet normal 0.99145 0.130485 0
    outer loop
      vertex -25.3603 -2.66547 0
      vertex -25.1861 -3.98908 2.2
      vertex -25.1861 -3.98908 0
    endloop
  endfacet
  facet normal -0.130485 0.99145 0
    outer loop
      vertex 3.98908 -25.1861 2.2
      vertex 2.66547 -25.3603 8.3
      vertex 3.98908 -25.1861 8.3
    endloop
  endfacet
  facet normal -0.130485 0.99145 0
    outer loop
      vertex 2.66547 -25.3603 8.3
      vertex 3.98908 -25.1861 2.2
      vertex 2.66547 -25.3603 2.2
    endloop
  endfacet
  facet normal -0.130485 0.99145 0
    outer loop
      vertex 3.98908 -25.1861 0
      vertex 2.66547 -25.3603 2.2
      vertex 3.98908 -25.1861 2.2
    endloop
  endfacet
  facet normal -0.130485 0.99145 0
    outer loop
      vertex 2.66547 -25.3603 2.2
      vertex 3.98908 -25.1861 0
      vertex 2.66547 -25.3603 0
    endloop
  endfacet
  facet normal -0.793372 0.608737 0
    outer loop
      vertex 19.8172 -16.0477 2.2
      vertex 20.6299 -14.9885 8.3
      vertex 20.6299 -14.9885 2.2
    endloop
  endfacet
  facet normal -0.793372 0.608737 0
    outer loop
      vertex 20.6299 -14.9885 8.3
      vertex 19.8172 -16.0477 2.2
      vertex 19.8172 -16.0477 8.3
    endloop
  endfacet
  facet normal -0.793372 0.608737 0
    outer loop
      vertex 19.8172 -16.0477 0
      vertex 20.6299 -14.9885 2.2
      vertex 20.6299 -14.9885 0
    endloop
  endfacet
  facet normal -0.793372 0.608737 0
    outer loop
      vertex 20.6299 -14.9885 2.2
      vertex 19.8172 -16.0477 0
      vertex 19.8172 -16.0477 2.2
    endloop
  endfacet
  facet normal 0.0785007 -0.996914 0
    outer loop
      vertex -2.66547 25.3603 2.2
      vertex -1.33457 25.4651 8.3
      vertex -2.66547 25.3603 8.3
    endloop
  endfacet
  facet normal 0.0785007 -0.996914 0
    outer loop
      vertex -1.33457 25.4651 8.3
      vertex -2.66547 25.3603 2.2
      vertex -1.33457 25.4651 2.2
    endloop
  endfacet
  facet normal 0.0785007 -0.996914 0
    outer loop
      vertex -2.66547 25.3603 0
      vertex -1.33457 25.4651 2.2
      vertex -2.66547 25.3603 2.2
    endloop
  endfacet
  facet normal 0.0785007 -0.996914 0
    outer loop
      vertex -1.33457 25.4651 2.2
      vertex -2.66547 25.3603 0
      vertex -1.33457 25.4651 0
    endloop
  endfacet
  facet normal 0.725366 -0.688364 0
    outer loop
      vertex -18.9502 17.0628 8.3
      vertex -18.0312 18.0312 8.21
      vertex -18.0312 18.0312 8.3
    endloop
  endfacet
  facet normal 0.725366 -0.688364 0
    outer loop
      vertex -18.9502 17.0628 2.2
      vertex -18.0312 18.0312 8.21
      vertex -18.9502 17.0628 8.3
    endloop
  endfacet
  facet normal 0.725366 -0.688364 0
    outer loop
      vertex -18.0312 18.0312 8.21
      vertex -18.9502 17.0628 2.2
      vertex -18.0312 18.0312 2.2
    endloop
  endfacet
  facet normal 0.725366 -0.688364 0
    outer loop
      vertex -18.9502 17.0628 2.2
      vertex -18.0312 18.0312 0
      vertex -18.0312 18.0312 2.2
    endloop
  endfacet
  facet normal 0.725366 -0.688364 0
    outer loop
      vertex -18.0312 18.0312 0
      vertex -18.9502 17.0628 2.2
      vertex -18.9502 17.0628 0
    endloop
  endfacet
  facet normal 0.382684 -0.923879 0
    outer loop
      vertex -10.3718 23.2954 2.2
      vertex -9.13838 23.8063 8.21
      vertex -10.3718 23.2954 8.21
    endloop
  endfacet
  facet normal 0.382684 -0.923879 0
    outer loop
      vertex -9.13838 23.8063 8.21
      vertex -10.3718 23.2954 2.2
      vertex -9.13838 23.8063 2.2
    endloop
  endfacet
  facet normal 0.382684 -0.923879 0
    outer loop
      vertex -10.3718 23.2954 0
      vertex -9.13838 23.8063 2.2
      vertex -10.3718 23.2954 2.2
    endloop
  endfacet
  facet normal 0.382684 -0.923879 0
    outer loop
      vertex -9.13838 23.8063 2.2
      vertex -10.3718 23.2954 0
      vertex -9.13838 23.8063 0
    endloop
  endfacet
  facet normal 0.983248 0.18227 -0
    outer loop
      vertex -24.9987 -5 8.21
      vertex -25.1861 -3.98908 8.3
      vertex -24.9987 -5 8.3
    endloop
  endfacet
  facet normal 0.983248 0.18227 0
    outer loop
      vertex -25.1861 -3.98908 8.3
      vertex -24.9987 -5 8.21
      vertex -25.1861 -3.98908 2.2
    endloop
  endfacet
  facet normal 0.98327 0.182153 -0
    outer loop
      vertex -24.9428 -5.30175 2.2
      vertex -24.9987 -5 8.21
      vertex -24.9428 -5.30175 8.21
    endloop
  endfacet
  facet normal 0.983253 0.182243 -4.67651e-06
    outer loop
      vertex -24.9987 -5 8.21
      vertex -24.9428 -5.30175 2.2
      vertex -25.1861 -3.98908 2.2
    endloop
  endfacet
  facet normal 0.983253 0.182243 0
    outer loop
      vertex -24.9428 -5.30175 2.2
      vertex -25.1861 -3.98908 0
      vertex -25.1861 -3.98908 2.2
    endloop
  endfacet
  facet normal 0.983253 0.182243 0
    outer loop
      vertex -25.1861 -3.98908 0
      vertex -24.9428 -5.30175 2.2
      vertex -24.9428 -5.30175 0
    endloop
  endfacet
  facet normal -0.902601 0.430477 0
    outer loop
      vertex 22.7207 -11.5768 2.2
      vertex 23.2954 -10.3718 8.21
      vertex 23.2954 -10.3718 2.2
    endloop
  endfacet
  facet normal -0.902601 0.430477 0
    outer loop
      vertex 23.2954 -10.3718 8.21
      vertex 22.7207 -11.5768 2.2
      vertex 22.7207 -11.5768 8.21
    endloop
  endfacet
  facet normal -0.902601 0.430477 0
    outer loop
      vertex 22.7207 -11.5768 0
      vertex 23.2954 -10.3718 2.2
      vertex 23.2954 -10.3718 0
    endloop
  endfacet
  facet normal -0.902601 0.430477 0
    outer loop
      vertex 23.2954 -10.3718 2.2
      vertex 22.7207 -11.5768 0
      vertex 22.7207 -11.5768 2.2
    endloop
  endfacet
  facet normal -0.33378 0.942651 0
    outer loop
      vertex 9.13838 -23.8063 2.2
      vertex 7.87993 -24.2519 8.21
      vertex 9.13838 -23.8063 8.21
    endloop
  endfacet
  facet normal -0.33378 0.942651 0
    outer loop
      vertex 7.87993 -24.2519 8.21
      vertex 9.13838 -23.8063 2.2
      vertex 7.87993 -24.2519 2.2
    endloop
  endfacet
  facet normal -0.33378 0.942651 0
    outer loop
      vertex 9.13838 -23.8063 0
      vertex 7.87993 -24.2519 2.2
      vertex 9.13838 -23.8063 2.2
    endloop
  endfacet
  facet normal -0.33378 0.942651 0
    outer loop
      vertex 7.87993 -24.2519 2.2
      vertex 9.13838 -23.8063 0
      vertex 7.87993 -24.2519 0
    endloop
  endfacet
  facet normal -0.0261418 -0.999658 0
    outer loop
      vertex 0 25.5 2.2
      vertex 1.33457 25.4651 8.21
      vertex 0 25.5 8.21
    endloop
  endfacet
  facet normal -0.0261418 -0.999658 -0
    outer loop
      vertex 1.33457 25.4651 8.21
      vertex 0 25.5 2.2
      vertex 1.33457 25.4651 2.2
    endloop
  endfacet
  facet normal -0.0261418 -0.999658 0
    outer loop
      vertex 0 25.5 0
      vertex 1.33457 25.4651 2.2
      vertex 0 25.5 2.2
    endloop
  endfacet
  facet normal -0.0261418 -0.999658 -0
    outer loop
      vertex 1.33457 25.4651 2.2
      vertex 0 25.5 0
      vertex 1.33457 25.4651 0
    endloop
  endfacet
  facet normal -0.878784 -0.477219 0
    outer loop
      vertex 22.7207 11.5768 2.2
      vertex 22.0836 12.75 8.21
      vertex 22.0836 12.75 2.2
    endloop
  endfacet
  facet normal -0.878784 -0.477219 0
    outer loop
      vertex 22.0836 12.75 8.21
      vertex 22.7207 11.5768 2.2
      vertex 22.7207 11.5768 8.21
    endloop
  endfacet
  facet normal -0.878784 -0.477219 0
    outer loop
      vertex 22.7207 11.5768 0
      vertex 22.0836 12.75 2.2
      vertex 22.0836 12.75 0
    endloop
  endfacet
  facet normal -0.878784 -0.477219 0
    outer loop
      vertex 22.0836 12.75 2.2
      vertex 22.7207 11.5768 0
      vertex 22.7207 11.5768 2.2
    endloop
  endfacet
  facet normal -0.649458 -0.760398 0
    outer loop
      vertex 16.0477 19.8172 2.2
      vertex 17.0628 18.9502 8.3
      vertex 16.0477 19.8172 8.3
    endloop
  endfacet
  facet normal -0.649458 -0.760398 -0
    outer loop
      vertex 17.0628 18.9502 8.3
      vertex 16.0477 19.8172 2.2
      vertex 17.0628 18.9502 2.2
    endloop
  endfacet
  facet normal -0.649458 -0.760398 0
    outer loop
      vertex 16.0477 19.8172 0
      vertex 17.0628 18.9502 2.2
      vertex 16.0477 19.8172 2.2
    endloop
  endfacet
  facet normal -0.649458 -0.760398 -0
    outer loop
      vertex 17.0628 18.9502 2.2
      vertex 16.0477 19.8172 0
      vertex 17.0628 18.9502 0
    endloop
  endfacet
  facet normal 0.608737 -0.793372 0
    outer loop
      vertex -16.0477 19.8172 2.2
      vertex -14.9885 20.6299 8.21
      vertex -16.0477 19.8172 8.21
    endloop
  endfacet
  facet normal 0.608737 -0.793372 0
    outer loop
      vertex -14.9885 20.6299 8.21
      vertex -16.0477 19.8172 2.2
      vertex -14.9885 20.6299 2.2
    endloop
  endfacet
  facet normal 0.608737 -0.793372 0
    outer loop
      vertex -16.0477 19.8172 0
      vertex -14.9885 20.6299 2.2
      vertex -16.0477 19.8172 2.2
    endloop
  endfacet
  facet normal 0.608737 -0.793372 0
    outer loop
      vertex -14.9885 20.6299 2.2
      vertex -16.0477 19.8172 0
      vertex -14.9885 20.6299 0
    endloop
  endfacet
  facet normal -0.972362 0.233478 0
    outer loop
      vertex 24.6311 -6.59988 2.2
      vertex 24.9428 -5.30175 8.21
      vertex 24.9428 -5.30175 2.2
    endloop
  endfacet
  facet normal -0.972362 0.233478 0
    outer loop
      vertex 24.9428 -5.30175 8.21
      vertex 24.6311 -6.59988 2.2
      vertex 24.6311 -6.59988 8.21
    endloop
  endfacet
  facet normal -0.972362 0.233478 0
    outer loop
      vertex 24.6311 -6.59988 0
      vertex 24.9428 -5.30175 2.2
      vertex 24.9428 -5.30175 0
    endloop
  endfacet
  facet normal -0.972362 0.233478 0
    outer loop
      vertex 24.9428 -5.30175 2.2
      vertex 24.6311 -6.59988 0
      vertex 24.6311 -6.59988 2.2
    endloop
  endfacet
  facet normal -0.130485 -0.99145 0
    outer loop
      vertex 2.66547 25.3603 2.2
      vertex 3.98908 25.1861 8.21
      vertex 2.66547 25.3603 8.21
    endloop
  endfacet
  facet normal -0.130485 -0.99145 -0
    outer loop
      vertex 3.98908 25.1861 8.21
      vertex 2.66547 25.3603 2.2
      vertex 3.98908 25.1861 2.2
    endloop
  endfacet
  facet normal -0.130485 -0.99145 0
    outer loop
      vertex 2.66547 25.3603 0
      vertex 3.98908 25.1861 2.2
      vertex 2.66547 25.3603 2.2
    endloop
  endfacet
  facet normal -0.130485 -0.99145 -0
    outer loop
      vertex 3.98908 25.1861 2.2
      vertex 2.66547 25.3603 0
      vertex 3.98908 25.1861 0
    endloop
  endfacet
  facet normal 0.522471 0.852657 -0
    outer loop
      vertex -12.75 -22.0836 2.2
      vertex -13.8883 -21.3861 8.21
      vertex -12.75 -22.0836 8.21
    endloop
  endfacet
  facet normal 0.522471 0.852657 0
    outer loop
      vertex -13.8883 -21.3861 8.21
      vertex -12.75 -22.0836 2.2
      vertex -13.8883 -21.3861 2.2
    endloop
  endfacet
  facet normal 0.522471 0.852657 -0
    outer loop
      vertex -12.75 -22.0836 0
      vertex -13.8883 -21.3861 2.2
      vertex -12.75 -22.0836 2.2
    endloop
  endfacet
  facet normal 0.522471 0.852657 0
    outer loop
      vertex -13.8883 -21.3861 2.2
      vertex -12.75 -22.0836 0
      vertex -13.8883 -21.3861 0
    endloop
  endfacet
  facet normal -0.923879 -0.382684 0
    outer loop
      vertex 23.8063 9.13838 2.2
      vertex 23.2954 10.3718 8.21
      vertex 23.2954 10.3718 2.2
    endloop
  endfacet
  facet normal -0.923879 -0.382684 0
    outer loop
      vertex 23.2954 10.3718 8.21
      vertex 23.8063 9.13838 2.2
      vertex 23.8063 9.13838 8.21
    endloop
  endfacet
  facet normal -0.923879 -0.382684 0
    outer loop
      vertex 23.8063 9.13838 0
      vertex 23.2954 10.3718 2.2
      vertex 23.2954 10.3718 0
    endloop
  endfacet
  facet normal -0.923879 -0.382684 0
    outer loop
      vertex 23.2954 10.3718 2.2
      vertex 23.8063 9.13838 0
      vertex 23.8063 9.13838 2.2
    endloop
  endfacet
  facet normal -0.284037 -0.958813 0
    outer loop
      vertex 6.59988 24.6311 2.2
      vertex 7.87993 24.2519 8.21
      vertex 6.59988 24.6311 8.21
    endloop
  endfacet
  facet normal -0.284037 -0.958813 -0
    outer loop
      vertex 7.87993 24.2519 8.21
      vertex 6.59988 24.6311 2.2
      vertex 7.87993 24.2519 2.2
    endloop
  endfacet
  facet normal -0.284037 -0.958813 0
    outer loop
      vertex 6.59988 24.6311 0
      vertex 7.87993 24.2519 2.2
      vertex 6.59988 24.6311 2.2
    endloop
  endfacet
  facet normal -0.284037 -0.958813 -0
    outer loop
      vertex 7.87993 24.2519 2.2
      vertex 6.59988 24.6311 0
      vertex 7.87993 24.2519 0
    endloop
  endfacet
  facet normal 0.999658 -0.0261418 0
    outer loop
      vertex -25.5 0 8.21
      vertex -25.4651 1.33457 2.2
      vertex -25.4651 1.33457 8.21
    endloop
  endfacet
  facet normal 0.999658 -0.0261418 0
    outer loop
      vertex -25.4651 1.33457 2.2
      vertex -25.5 0 8.21
      vertex -25.5 0 2.2
    endloop
  endfacet
  facet normal 0.999658 -0.0261418 0
    outer loop
      vertex -25.5 0 2.2
      vertex -25.4651 1.33457 0
      vertex -25.4651 1.33457 2.2
    endloop
  endfacet
  facet normal 0.999658 -0.0261418 0
    outer loop
      vertex -25.4651 1.33457 0
      vertex -25.5 0 2.2
      vertex -25.5 0 0
    endloop
  endfacet
  facet normal -0.688364 -0.725366 0
    outer loop
      vertex 17.0628 18.9502 8.3
      vertex 18.0312 18.0312 8.21
      vertex 18.0312 18.0312 8.3
    endloop
  endfacet
  facet normal -0.688364 -0.725366 0
    outer loop
      vertex 17.0628 18.9502 2.2
      vertex 18.0312 18.0312 8.21
      vertex 17.0628 18.9502 8.3
    endloop
  endfacet
  facet normal -0.688364 -0.725366 -0
    outer loop
      vertex 18.0312 18.0312 8.21
      vertex 17.0628 18.9502 2.2
      vertex 18.0312 18.0312 2.2
    endloop
  endfacet
  facet normal -0.688364 -0.725366 0
    outer loop
      vertex 17.0628 18.9502 0
      vertex 18.0312 18.0312 2.2
      vertex 17.0628 18.9502 2.2
    endloop
  endfacet
  facet normal -0.688364 -0.725366 -0
    outer loop
      vertex 18.0312 18.0312 2.2
      vertex 17.0628 18.9502 0
      vertex 18.0312 18.0312 0
    endloop
  endfacet
  facet normal -0.760398 -0.649458 0
    outer loop
      vertex 19.8172 16.0477 2.2
      vertex 18.9502 17.0628 8.21
      vertex 18.9502 17.0628 2.2
    endloop
  endfacet
  facet normal -0.760398 -0.649458 0
    outer loop
      vertex 18.9502 17.0628 8.21
      vertex 19.8172 16.0477 2.2
      vertex 19.8172 16.0477 8.21
    endloop
  endfacet
  facet normal -0.760398 -0.649458 0
    outer loop
      vertex 19.8172 16.0477 0
      vertex 18.9502 17.0628 2.2
      vertex 18.9502 17.0628 0
    endloop
  endfacet
  facet normal -0.760398 -0.649458 0
    outer loop
      vertex 18.9502 17.0628 2.2
      vertex 19.8172 16.0477 0
      vertex 19.8172 16.0477 2.2
    endloop
  endfacet
  facet normal -0.958813 -0.284037 0
    outer loop
      vertex 24.6311 6.59988 2.2
      vertex 24.2519 7.87993 8.21
      vertex 24.2519 7.87993 2.2
    endloop
  endfacet
  facet normal -0.958813 -0.284037 0
    outer loop
      vertex 24.2519 7.87993 8.21
      vertex 24.6311 6.59988 2.2
      vertex 24.6311 6.59988 8.21
    endloop
  endfacet
  facet normal -0.958813 -0.284037 0
    outer loop
      vertex 24.6311 6.59988 0
      vertex 24.2519 7.87993 2.2
      vertex 24.2519 7.87993 0
    endloop
  endfacet
  facet normal -0.958813 -0.284037 0
    outer loop
      vertex 24.2519 7.87993 2.2
      vertex 24.6311 6.59988 0
      vertex 24.6311 6.59988 2.2
    endloop
  endfacet
  facet normal 0.130485 -0.99145 0
    outer loop
      vertex -3.98908 25.1861 2.2
      vertex -2.66547 25.3603 8.3
      vertex -3.98908 25.1861 8.3
    endloop
  endfacet
  facet normal 0.130485 -0.99145 0
    outer loop
      vertex -2.66547 25.3603 8.3
      vertex -3.98908 25.1861 2.2
      vertex -2.66547 25.3603 2.2
    endloop
  endfacet
  facet normal 0.130485 -0.99145 0
    outer loop
      vertex -3.98908 25.1861 0
      vertex -2.66547 25.3603 2.2
      vertex -3.98908 25.1861 2.2
    endloop
  endfacet
  facet normal 0.130485 -0.99145 0
    outer loop
      vertex -2.66547 25.3603 2.2
      vertex -3.98908 25.1861 0
      vertex -2.66547 25.3603 0
    endloop
  endfacet
  facet normal -0.902601 -0.430477 0
    outer loop
      vertex 23.2954 10.3718 2.2
      vertex 22.7207 11.5768 8.21
      vertex 22.7207 11.5768 2.2
    endloop
  endfacet
  facet normal -0.902601 -0.430477 0
    outer loop
      vertex 22.7207 11.5768 8.21
      vertex 23.2954 10.3718 2.2
      vertex 23.2954 10.3718 8.21
    endloop
  endfacet
  facet normal -0.902601 -0.430477 0
    outer loop
      vertex 23.2954 10.3718 0
      vertex 22.7207 11.5768 2.2
      vertex 22.7207 11.5768 0
    endloop
  endfacet
  facet normal -0.902601 -0.430477 0
    outer loop
      vertex 22.7207 11.5768 2.2
      vertex 23.2954 10.3718 0
      vertex 23.2954 10.3718 2.2
    endloop
  endfacet
  facet normal 0.942651 -0.33378 0
    outer loop
      vertex -24.2519 7.87993 8.21
      vertex -23.8063 9.13838 2.2
      vertex -23.8063 9.13838 8.21
    endloop
  endfacet
  facet normal 0.942651 -0.33378 0
    outer loop
      vertex -23.8063 9.13838 2.2
      vertex -24.2519 7.87993 8.21
      vertex -24.2519 7.87993 2.2
    endloop
  endfacet
  facet normal 0.942651 -0.33378 0
    outer loop
      vertex -24.2519 7.87993 2.2
      vertex -23.8063 9.13838 0
      vertex -23.8063 9.13838 2.2
    endloop
  endfacet
  facet normal 0.942651 -0.33378 0
    outer loop
      vertex -23.8063 9.13838 0
      vertex -24.2519 7.87993 2.2
      vertex -24.2519 7.87993 0
    endloop
  endfacet
  facet normal -0.608737 -0.793372 0
    outer loop
      vertex 14.9885 20.6299 2.2
      vertex 16.0477 19.8172 8.3
      vertex 14.9885 20.6299 8.3
    endloop
  endfacet
  facet normal -0.608737 -0.793372 -0
    outer loop
      vertex 16.0477 19.8172 8.3
      vertex 14.9885 20.6299 2.2
      vertex 16.0477 19.8172 2.2
    endloop
  endfacet
  facet normal -0.608737 -0.793372 0
    outer loop
      vertex 14.9885 20.6299 0
      vertex 16.0477 19.8172 2.2
      vertex 14.9885 20.6299 2.2
    endloop
  endfacet
  facet normal -0.608737 -0.793372 -0
    outer loop
      vertex 16.0477 19.8172 2.2
      vertex 14.9885 20.6299 0
      vertex 16.0477 19.8172 0
    endloop
  endfacet
  facet normal 0.233478 -0.972362 0
    outer loop
      vertex -6.59988 24.6311 2.2
      vertex -5.30175 24.9428 8.21
      vertex -6.59988 24.6311 8.21
    endloop
  endfacet
  facet normal 0.233478 -0.972362 0
    outer loop
      vertex -5.30175 24.9428 8.21
      vertex -6.59988 24.6311 2.2
      vertex -5.30175 24.9428 2.2
    endloop
  endfacet
  facet normal 0.233478 -0.972362 0
    outer loop
      vertex -6.59988 24.6311 0
      vertex -5.30175 24.9428 2.2
      vertex -6.59988 24.6311 2.2
    endloop
  endfacet
  facet normal 0.233478 -0.972362 0
    outer loop
      vertex -5.30175 24.9428 2.2
      vertex -6.59988 24.6311 0
      vertex -5.30175 24.9428 0
    endloop
  endfacet
  facet normal -0.233478 0.972362 0
    outer loop
      vertex 6.59988 -24.6311 2.2
      vertex 5.30175 -24.9428 8.21
      vertex 6.59988 -24.6311 8.21
    endloop
  endfacet
  facet normal -0.233478 0.972362 0
    outer loop
      vertex 5.30175 -24.9428 8.21
      vertex 6.59988 -24.6311 2.2
      vertex 5.30175 -24.9428 2.2
    endloop
  endfacet
  facet normal -0.233478 0.972362 0
    outer loop
      vertex 6.59988 -24.6311 0
      vertex 5.30175 -24.9428 2.2
      vertex 6.59988 -24.6311 2.2
    endloop
  endfacet
  facet normal -0.233478 0.972362 0
    outer loop
      vertex 5.30175 -24.9428 2.2
      vertex 6.59988 -24.6311 0
      vertex 5.30175 -24.9428 0
    endloop
  endfacet
  facet normal -0.996914 0.0785007 0
    outer loop
      vertex 25.3603 -2.66547 2.2
      vertex 25.4651 -1.33457 8.21
      vertex 25.4651 -1.33457 2.2
    endloop
  endfacet
  facet normal -0.996914 0.0785007 0
    outer loop
      vertex 25.4651 -1.33457 8.21
      vertex 25.3603 -2.66547 2.2
      vertex 25.3603 -2.66547 8.21
    endloop
  endfacet
  facet normal -0.996914 0.0785007 0
    outer loop
      vertex 25.3603 -2.66547 0
      vertex 25.4651 -1.33457 2.2
      vertex 25.4651 -1.33457 0
    endloop
  endfacet
  facet normal -0.996914 0.0785007 0
    outer loop
      vertex 25.4651 -1.33457 2.2
      vertex 25.3603 -2.66547 0
      vertex 25.3603 -2.66547 2.2
    endloop
  endfacet
  facet normal -0.99145 0.130485 0
    outer loop
      vertex 25.1861 -3.98908 2.2
      vertex 25.3603 -2.66547 8.21
      vertex 25.3603 -2.66547 2.2
    endloop
  endfacet
  facet normal -0.99145 0.130485 0
    outer loop
      vertex 25.3603 -2.66547 8.21
      vertex 25.1861 -3.98908 2.2
      vertex 25.1861 -3.98908 8.21
    endloop
  endfacet
  facet normal -0.99145 0.130485 0
    outer loop
      vertex 25.1861 -3.98908 0
      vertex 25.3603 -2.66547 2.2
      vertex 25.3603 -2.66547 0
    endloop
  endfacet
  facet normal -0.99145 0.130485 0
    outer loop
      vertex 25.3603 -2.66547 2.2
      vertex 25.1861 -3.98908 0
      vertex 25.1861 -3.98908 2.2
    endloop
  endfacet
  facet normal 0.923879 0.382684 0
    outer loop
      vertex -23.2954 -10.3718 8.21
      vertex -23.8063 -9.13838 2.2
      vertex -23.8063 -9.13838 8.21
    endloop
  endfacet
  facet normal 0.923879 0.382684 0
    outer loop
      vertex -23.8063 -9.13838 2.2
      vertex -23.2954 -10.3718 8.21
      vertex -23.2954 -10.3718 2.2
    endloop
  endfacet
  facet normal 0.923879 0.382684 0
    outer loop
      vertex -23.2954 -10.3718 2.2
      vertex -23.8063 -9.13838 0
      vertex -23.8063 -9.13838 2.2
    endloop
  endfacet
  facet normal 0.923879 0.382684 0
    outer loop
      vertex -23.8063 -9.13838 0
      vertex -23.2954 -10.3718 2.2
      vertex -23.2954 -10.3718 0
    endloop
  endfacet
  facet normal -0.182153 0.98327 0
    outer loop
      vertex 5.30175 -24.9428 8.21
      vertex 5.30175 -24.9428 2.2
      vertex 5 -24.9987 8.21
    endloop
  endfacet
  facet normal -0.18227 0.983248 0
    outer loop
      vertex 5 -24.9987 8.21
      vertex 3.98908 -25.1861 8.3
      vertex 5 -24.9987 8.3
    endloop
  endfacet
  facet normal -0.182243 0.983253 -4.67651e-06
    outer loop
      vertex 3.98908 -25.1861 2.2
      vertex 5 -24.9987 8.21
      vertex 5.30175 -24.9428 2.2
    endloop
  endfacet
  facet normal -0.18227 0.983248 0
    outer loop
      vertex 5 -24.9987 8.21
      vertex 3.98908 -25.1861 2.2
      vertex 3.98908 -25.1861 8.3
    endloop
  endfacet
  facet normal -0.182243 0.983253 0
    outer loop
      vertex 5.30175 -24.9428 0
      vertex 3.98908 -25.1861 2.2
      vertex 5.30175 -24.9428 2.2
    endloop
  endfacet
  facet normal -0.182243 0.983253 0
    outer loop
      vertex 3.98908 -25.1861 2.2
      vertex 5.30175 -24.9428 0
      vertex 3.98908 -25.1861 0
    endloop
  endfacet
  facet normal -0.284037 0.958813 0
    outer loop
      vertex 7.87993 -24.2519 2.2
      vertex 6.59988 -24.6311 8.21
      vertex 7.87993 -24.2519 8.21
    endloop
  endfacet
  facet normal -0.284037 0.958813 0
    outer loop
      vertex 6.59988 -24.6311 8.21
      vertex 7.87993 -24.2519 2.2
      vertex 6.59988 -24.6311 2.2
    endloop
  endfacet
  facet normal -0.284037 0.958813 0
    outer loop
      vertex 7.87993 -24.2519 0
      vertex 6.59988 -24.6311 2.2
      vertex 7.87993 -24.2519 2.2
    endloop
  endfacet
  facet normal -0.284037 0.958813 0
    outer loop
      vertex 6.59988 -24.6311 2.2
      vertex 7.87993 -24.2519 0
      vertex 6.59988 -24.6311 0
    endloop
  endfacet
  facet normal 0.688364 -0.725366 0
    outer loop
      vertex -18.0312 18.0312 2.2
      vertex -17.0628 18.9502 8.21
      vertex -18.0312 18.0312 8.21
    endloop
  endfacet
  facet normal 0.688364 -0.725366 0
    outer loop
      vertex -17.0628 18.9502 8.21
      vertex -18.0312 18.0312 2.2
      vertex -17.0628 18.9502 2.2
    endloop
  endfacet
  facet normal 0.688364 -0.725366 0
    outer loop
      vertex -18.0312 18.0312 0
      vertex -17.0628 18.9502 2.2
      vertex -18.0312 18.0312 2.2
    endloop
  endfacet
  facet normal 0.688364 -0.725366 0
    outer loop
      vertex -17.0628 18.9502 2.2
      vertex -18.0312 18.0312 0
      vertex -17.0628 18.9502 0
    endloop
  endfacet
  facet normal 0.878784 -0.477219 0
    outer loop
      vertex -22.7207 11.5768 8.21
      vertex -22.0836 12.75 2.2
      vertex -22.0836 12.75 8.21
    endloop
  endfacet
  facet normal 0.878784 -0.477219 0
    outer loop
      vertex -22.0836 12.75 2.2
      vertex -22.7207 11.5768 8.21
      vertex -22.7207 11.5768 2.2
    endloop
  endfacet
  facet normal 0.878784 -0.477219 0
    outer loop
      vertex -22.7207 11.5768 2.2
      vertex -22.0836 12.75 0
      vertex -22.0836 12.75 2.2
    endloop
  endfacet
  facet normal 0.878784 -0.477219 0
    outer loop
      vertex -22.0836 12.75 0
      vertex -22.7207 11.5768 2.2
      vertex -22.7207 11.5768 0
    endloop
  endfacet
  facet normal 0.182153 -0.98327 0
    outer loop
      vertex -5.30175 24.9428 8.21
      vertex -5.30175 24.9428 2.2
      vertex -5 24.9987 8.21
    endloop
  endfacet
  facet normal 0.18227 -0.983248 0
    outer loop
      vertex -5 24.9987 8.21
      vertex -3.98908 25.1861 8.3
      vertex -5 24.9987 8.3
    endloop
  endfacet
  facet normal 0.182243 -0.983253 -4.67651e-06
    outer loop
      vertex -3.98908 25.1861 2.2
      vertex -5 24.9987 8.21
      vertex -5.30175 24.9428 2.2
    endloop
  endfacet
  facet normal 0.18227 -0.983248 0
    outer loop
      vertex -5 24.9987 8.21
      vertex -3.98908 25.1861 2.2
      vertex -3.98908 25.1861 8.3
    endloop
  endfacet
  facet normal 0.182243 -0.983253 0
    outer loop
      vertex -5.30175 24.9428 0
      vertex -3.98908 25.1861 2.2
      vertex -5.30175 24.9428 2.2
    endloop
  endfacet
  facet normal 0.182243 -0.983253 0
    outer loop
      vertex -3.98908 25.1861 2.2
      vertex -5.30175 24.9428 0
      vertex -3.98908 25.1861 0
    endloop
  endfacet
  facet normal 0.130485 0.99145 -0
    outer loop
      vertex -2.66547 -25.3603 2.2
      vertex -3.98908 -25.1861 8.21
      vertex -2.66547 -25.3603 8.21
    endloop
  endfacet
  facet normal 0.130485 0.99145 0
    outer loop
      vertex -3.98908 -25.1861 8.21
      vertex -2.66547 -25.3603 2.2
      vertex -3.98908 -25.1861 2.2
    endloop
  endfacet
  facet normal 0.130485 0.99145 -0
    outer loop
      vertex -2.66547 -25.3603 0
      vertex -3.98908 -25.1861 2.2
      vertex -2.66547 -25.3603 2.2
    endloop
  endfacet
  facet normal 0.130485 0.99145 0
    outer loop
      vertex -3.98908 -25.1861 2.2
      vertex -2.66547 -25.3603 0
      vertex -3.98908 -25.1861 0
    endloop
  endfacet
  facet normal 0.999658 0.0261418 0
    outer loop
      vertex -25.4651 -1.33457 8.3
      vertex -25.5 0 8.21
      vertex -25.5 0 8.3
    endloop
  endfacet
  facet normal 0.999658 0.0261418 -0
    outer loop
      vertex -25.4651 -1.33457 2.2
      vertex -25.5 0 8.21
      vertex -25.4651 -1.33457 8.3
    endloop
  endfacet
  facet normal 0.999658 0.0261418 0
    outer loop
      vertex -25.5 0 8.21
      vertex -25.4651 -1.33457 2.2
      vertex -25.5 0 2.2
    endloop
  endfacet
  facet normal 0.999658 0.0261418 0
    outer loop
      vertex -25.4651 -1.33457 2.2
      vertex -25.5 0 0
      vertex -25.5 0 2.2
    endloop
  endfacet
  facet normal 0.999658 0.0261418 0
    outer loop
      vertex -25.5 0 0
      vertex -25.4651 -1.33457 2.2
      vertex -25.4651 -1.33457 0
    endloop
  endfacet
  facet normal 0.942651 0.33378 0
    outer loop
      vertex -23.8063 -9.13838 8.21
      vertex -24.2519 -7.87993 2.2
      vertex -24.2519 -7.87993 8.21
    endloop
  endfacet
  facet normal 0.942651 0.33378 0
    outer loop
      vertex -24.2519 -7.87993 2.2
      vertex -23.8063 -9.13838 8.21
      vertex -23.8063 -9.13838 2.2
    endloop
  endfacet
  facet normal 0.942651 0.33378 0
    outer loop
      vertex -23.8063 -9.13838 2.2
      vertex -24.2519 -7.87993 0
      vertex -24.2519 -7.87993 2.2
    endloop
  endfacet
  facet normal 0.942651 0.33378 0
    outer loop
      vertex -24.2519 -7.87993 0
      vertex -23.8063 -9.13838 2.2
      vertex -23.8063 -9.13838 0
    endloop
  endfacet
  facet normal 0.0785007 0.996914 -0
    outer loop
      vertex -1.33457 -25.4651 2.2
      vertex -2.66547 -25.3603 8.21
      vertex -1.33457 -25.4651 8.21
    endloop
  endfacet
  facet normal 0.0785007 0.996914 0
    outer loop
      vertex -2.66547 -25.3603 8.21
      vertex -1.33457 -25.4651 2.2
      vertex -2.66547 -25.3603 2.2
    endloop
  endfacet
  facet normal 0.0785007 0.996914 -0
    outer loop
      vertex -1.33457 -25.4651 0
      vertex -2.66547 -25.3603 2.2
      vertex -1.33457 -25.4651 2.2
    endloop
  endfacet
  facet normal 0.0785007 0.996914 0
    outer loop
      vertex -2.66547 -25.3603 2.2
      vertex -1.33457 -25.4651 0
      vertex -2.66547 -25.3603 0
    endloop
  endfacet
  facet normal -0.477219 0.878784 0
    outer loop
      vertex 12.75 -22.0836 2.2
      vertex 11.5768 -22.7207 8.21
      vertex 12.75 -22.0836 8.21
    endloop
  endfacet
  facet normal -0.477219 0.878784 0
    outer loop
      vertex 11.5768 -22.7207 8.21
      vertex 12.75 -22.0836 2.2
      vertex 11.5768 -22.7207 2.2
    endloop
  endfacet
  facet normal -0.477219 0.878784 0
    outer loop
      vertex 12.75 -22.0836 0
      vertex 11.5768 -22.7207 2.2
      vertex 12.75 -22.0836 2.2
    endloop
  endfacet
  facet normal -0.477219 0.878784 0
    outer loop
      vertex 11.5768 -22.7207 2.2
      vertex 12.75 -22.0836 0
      vertex 11.5768 -22.7207 0
    endloop
  endfacet
  facet normal -0.566433 0.824107 0
    outer loop
      vertex 14.9885 -20.6299 2.2
      vertex 13.8883 -21.3861 8.21
      vertex 14.9885 -20.6299 8.21
    endloop
  endfacet
  facet normal -0.566433 0.824107 0
    outer loop
      vertex 13.8883 -21.3861 8.21
      vertex 14.9885 -20.6299 2.2
      vertex 13.8883 -21.3861 2.2
    endloop
  endfacet
  facet normal -0.566433 0.824107 0
    outer loop
      vertex 14.9885 -20.6299 0
      vertex 13.8883 -21.3861 2.2
      vertex 14.9885 -20.6299 2.2
    endloop
  endfacet
  facet normal -0.566433 0.824107 0
    outer loop
      vertex 13.8883 -21.3861 2.2
      vertex 14.9885 -20.6299 0
      vertex 13.8883 -21.3861 0
    endloop
  endfacet
  facet normal 0.477219 -0.878784 0
    outer loop
      vertex -12.75 22.0836 2.2
      vertex -11.5768 22.7207 8.21
      vertex -12.75 22.0836 8.21
    endloop
  endfacet
  facet normal 0.477219 -0.878784 0
    outer loop
      vertex -11.5768 22.7207 8.21
      vertex -12.75 22.0836 2.2
      vertex -11.5768 22.7207 2.2
    endloop
  endfacet
  facet normal 0.477219 -0.878784 0
    outer loop
      vertex -12.75 22.0836 0
      vertex -11.5768 22.7207 2.2
      vertex -12.75 22.0836 2.2
    endloop
  endfacet
  facet normal 0.477219 -0.878784 0
    outer loop
      vertex -11.5768 22.7207 2.2
      vertex -12.75 22.0836 0
      vertex -11.5768 22.7207 0
    endloop
  endfacet
  facet normal 0.649458 0.760398 -0
    outer loop
      vertex -16.0477 -19.8172 2.2
      vertex -17.0628 -18.9502 8.3
      vertex -16.0477 -19.8172 8.3
    endloop
  endfacet
  facet normal 0.649458 0.760398 0
    outer loop
      vertex -17.0628 -18.9502 8.3
      vertex -16.0477 -19.8172 2.2
      vertex -17.0628 -18.9502 2.2
    endloop
  endfacet
  facet normal 0.649458 0.760398 -0
    outer loop
      vertex -16.0477 -19.8172 0
      vertex -17.0628 -18.9502 2.2
      vertex -16.0477 -19.8172 2.2
    endloop
  endfacet
  facet normal 0.649458 0.760398 0
    outer loop
      vertex -17.0628 -18.9502 2.2
      vertex -16.0477 -19.8172 0
      vertex -17.0628 -18.9502 0
    endloop
  endfacet
  facet normal -0.824147 0.566377 0
    outer loop
      vertex 21.3861 -13.8883 2.2
      vertex 21.2123 -14.1412 8.21
      vertex 21.3861 -13.8883 8.21
    endloop
  endfacet
  facet normal -0.824107 0.566433 3.51718e-06
    outer loop
      vertex 20.6299 -14.9885 2.2
      vertex 21.2123 -14.1412 8.21
      vertex 21.3861 -13.8883 2.2
    endloop
  endfacet
  facet normal -0.824096 0.56645 0
    outer loop
      vertex 20.6299 -14.9885 8.3
      vertex 21.2123 -14.1412 8.21
      vertex 20.6299 -14.9885 2.2
    endloop
  endfacet
  facet normal -0.824096 0.56645 0
    outer loop
      vertex 21.2123 -14.1412 8.21
      vertex 20.6299 -14.9885 8.3
      vertex 21.2123 -14.1412 8.3
    endloop
  endfacet
  facet normal -0.824107 0.566433 0
    outer loop
      vertex 20.6299 -14.9885 0
      vertex 21.3861 -13.8883 2.2
      vertex 21.3861 -13.8883 0
    endloop
  endfacet
  facet normal -0.824107 0.566433 0
    outer loop
      vertex 21.3861 -13.8883 2.2
      vertex 20.6299 -14.9885 0
      vertex 20.6299 -14.9885 2.2
    endloop
  endfacet
  facet normal -0.852657 0.522471 0
    outer loop
      vertex 21.3861 -13.8883 2.2
      vertex 22.0836 -12.75 8.21
      vertex 22.0836 -12.75 2.2
    endloop
  endfacet
  facet normal -0.852657 0.522471 0
    outer loop
      vertex 22.0836 -12.75 8.21
      vertex 21.3861 -13.8883 2.2
      vertex 21.3861 -13.8883 8.21
    endloop
  endfacet
  facet normal -0.852657 0.522471 0
    outer loop
      vertex 21.3861 -13.8883 0
      vertex 22.0836 -12.75 2.2
      vertex 22.0836 -12.75 0
    endloop
  endfacet
  facet normal -0.852657 0.522471 0
    outer loop
      vertex 22.0836 -12.75 2.2
      vertex 21.3861 -13.8883 0
      vertex 21.3861 -13.8883 2.2
    endloop
  endfacet
  facet normal -0.33378 -0.942651 0
    outer loop
      vertex 7.87993 24.2519 2.2
      vertex 9.13838 23.8063 8.21
      vertex 7.87993 24.2519 8.21
    endloop
  endfacet
  facet normal -0.33378 -0.942651 -0
    outer loop
      vertex 9.13838 23.8063 8.21
      vertex 7.87993 24.2519 2.2
      vertex 9.13838 23.8063 2.2
    endloop
  endfacet
  facet normal -0.33378 -0.942651 0
    outer loop
      vertex 7.87993 24.2519 0
      vertex 9.13838 23.8063 2.2
      vertex 7.87993 24.2519 2.2
    endloop
  endfacet
  facet normal -0.33378 -0.942651 -0
    outer loop
      vertex 9.13838 23.8063 2.2
      vertex 7.87993 24.2519 0
      vertex 9.13838 23.8063 0
    endloop
  endfacet
  facet normal 0.958813 -0.284037 0
    outer loop
      vertex -24.6311 6.59988 8.21
      vertex -24.2519 7.87993 2.2
      vertex -24.2519 7.87993 8.21
    endloop
  endfacet
  facet normal 0.958813 -0.284037 0
    outer loop
      vertex -24.2519 7.87993 2.2
      vertex -24.6311 6.59988 8.21
      vertex -24.6311 6.59988 2.2
    endloop
  endfacet
  facet normal 0.958813 -0.284037 0
    outer loop
      vertex -24.6311 6.59988 2.2
      vertex -24.2519 7.87993 0
      vertex -24.2519 7.87993 2.2
    endloop
  endfacet
  facet normal 0.958813 -0.284037 0
    outer loop
      vertex -24.2519 7.87993 0
      vertex -24.6311 6.59988 2.2
      vertex -24.6311 6.59988 0
    endloop
  endfacet
  facet normal 0.233478 0.972362 -0
    outer loop
      vertex -5.30175 -24.9428 2.2
      vertex -6.59988 -24.6311 8.21
      vertex -5.30175 -24.9428 8.21
    endloop
  endfacet
  facet normal 0.233478 0.972362 0
    outer loop
      vertex -6.59988 -24.6311 8.21
      vertex -5.30175 -24.9428 2.2
      vertex -6.59988 -24.6311 2.2
    endloop
  endfacet
  facet normal 0.233478 0.972362 -0
    outer loop
      vertex -5.30175 -24.9428 0
      vertex -6.59988 -24.6311 2.2
      vertex -5.30175 -24.9428 2.2
    endloop
  endfacet
  facet normal 0.233478 0.972362 0
    outer loop
      vertex -6.59988 -24.6311 2.2
      vertex -5.30175 -24.9428 0
      vertex -6.59988 -24.6311 0
    endloop
  endfacet
  facet normal -0.233478 -0.972362 0
    outer loop
      vertex 5.30175 24.9428 2.2
      vertex 6.59988 24.6311 8.21
      vertex 5.30175 24.9428 8.21
    endloop
  endfacet
  facet normal -0.233478 -0.972362 -0
    outer loop
      vertex 6.59988 24.6311 8.21
      vertex 5.30175 24.9428 2.2
      vertex 6.59988 24.6311 2.2
    endloop
  endfacet
  facet normal -0.233478 -0.972362 0
    outer loop
      vertex 5.30175 24.9428 0
      vertex 6.59988 24.6311 2.2
      vertex 5.30175 24.9428 2.2
    endloop
  endfacet
  facet normal -0.233478 -0.972362 -0
    outer loop
      vertex 6.59988 24.6311 2.2
      vertex 5.30175 24.9428 0
      vertex 6.59988 24.6311 0
    endloop
  endfacet
  facet normal 0.902601 -0.430477 0
    outer loop
      vertex -23.2954 10.3718 8.21
      vertex -22.7207 11.5768 2.2
      vertex -22.7207 11.5768 8.21
    endloop
  endfacet
  facet normal 0.902601 -0.430477 0
    outer loop
      vertex -22.7207 11.5768 2.2
      vertex -23.2954 10.3718 8.21
      vertex -23.2954 10.3718 2.2
    endloop
  endfacet
  facet normal 0.902601 -0.430477 0
    outer loop
      vertex -23.2954 10.3718 2.2
      vertex -22.7207 11.5768 0
      vertex -22.7207 11.5768 2.2
    endloop
  endfacet
  facet normal 0.902601 -0.430477 0
    outer loop
      vertex -22.7207 11.5768 0
      vertex -23.2954 10.3718 2.2
      vertex -23.2954 10.3718 0
    endloop
  endfacet
  facet normal 0.284037 0.958813 -0
    outer loop
      vertex -6.59988 -24.6311 2.2
      vertex -7.87993 -24.2519 8.21
      vertex -6.59988 -24.6311 8.21
    endloop
  endfacet
  facet normal 0.284037 0.958813 0
    outer loop
      vertex -7.87993 -24.2519 8.21
      vertex -6.59988 -24.6311 2.2
      vertex -7.87993 -24.2519 2.2
    endloop
  endfacet
  facet normal 0.284037 0.958813 -0
    outer loop
      vertex -6.59988 -24.6311 0
      vertex -7.87993 -24.2519 2.2
      vertex -6.59988 -24.6311 2.2
    endloop
  endfacet
  facet normal 0.284037 0.958813 0
    outer loop
      vertex -7.87993 -24.2519 2.2
      vertex -6.59988 -24.6311 0
      vertex -7.87993 -24.2519 0
    endloop
  endfacet
  facet normal 0.972362 -0.233478 0
    outer loop
      vertex -24.9428 5.30175 8.21
      vertex -24.6311 6.59988 2.2
      vertex -24.6311 6.59988 8.21
    endloop
  endfacet
  facet normal 0.972362 -0.233478 0
    outer loop
      vertex -24.6311 6.59988 2.2
      vertex -24.9428 5.30175 8.21
      vertex -24.9428 5.30175 2.2
    endloop
  endfacet
  facet normal 0.972362 -0.233478 0
    outer loop
      vertex -24.9428 5.30175 2.2
      vertex -24.6311 6.59988 0
      vertex -24.6311 6.59988 2.2
    endloop
  endfacet
  facet normal 0.972362 -0.233478 0
    outer loop
      vertex -24.6311 6.59988 0
      vertex -24.9428 5.30175 2.2
      vertex -24.9428 5.30175 0
    endloop
  endfacet
  facet normal 0.182243 0.983253 -0
    outer loop
      vertex -3.98908 -25.1861 2.2
      vertex -5.30175 -24.9428 8.21
      vertex -3.98908 -25.1861 8.21
    endloop
  endfacet
  facet normal 0.182243 0.983253 0
    outer loop
      vertex -5.30175 -24.9428 8.21
      vertex -3.98908 -25.1861 2.2
      vertex -5.30175 -24.9428 2.2
    endloop
  endfacet
  facet normal 0.182243 0.983253 -0
    outer loop
      vertex -3.98908 -25.1861 0
      vertex -5.30175 -24.9428 2.2
      vertex -3.98908 -25.1861 2.2
    endloop
  endfacet
  facet normal 0.182243 0.983253 0
    outer loop
      vertex -5.30175 -24.9428 2.2
      vertex -3.98908 -25.1861 0
      vertex -5.30175 -24.9428 0
    endloop
  endfacet
  facet normal 0.996914 -0.0785007 0
    outer loop
      vertex -25.4651 1.33457 8.21
      vertex -25.3603 2.66547 2.2
      vertex -25.3603 2.66547 8.21
    endloop
  endfacet
  facet normal 0.996914 -0.0785007 0
    outer loop
      vertex -25.3603 2.66547 2.2
      vertex -25.4651 1.33457 8.21
      vertex -25.4651 1.33457 2.2
    endloop
  endfacet
  facet normal 0.996914 -0.0785007 0
    outer loop
      vertex -25.4651 1.33457 2.2
      vertex -25.3603 2.66547 0
      vertex -25.3603 2.66547 2.2
    endloop
  endfacet
  facet normal 0.996914 -0.0785007 0
    outer loop
      vertex -25.3603 2.66547 0
      vertex -25.4651 1.33457 2.2
      vertex -25.4651 1.33457 0
    endloop
  endfacet
  facet normal 0.983253 -0.182243 0
    outer loop
      vertex -25.1861 3.98908 8.21
      vertex -24.9428 5.30175 2.2
      vertex -24.9428 5.30175 8.21
    endloop
  endfacet
  facet normal 0.983253 -0.182243 0
    outer loop
      vertex -24.9428 5.30175 2.2
      vertex -25.1861 3.98908 8.21
      vertex -25.1861 3.98908 2.2
    endloop
  endfacet
  facet normal 0.983253 -0.182243 0
    outer loop
      vertex -25.1861 3.98908 2.2
      vertex -24.9428 5.30175 0
      vertex -24.9428 5.30175 2.2
    endloop
  endfacet
  facet normal 0.983253 -0.182243 0
    outer loop
      vertex -24.9428 5.30175 0
      vertex -25.1861 3.98908 2.2
      vertex -25.1861 3.98908 0
    endloop
  endfacet
  facet normal -0.923879 0.382684 0
    outer loop
      vertex 23.2954 -10.3718 2.2
      vertex 23.8063 -9.13838 8.21
      vertex 23.8063 -9.13838 2.2
    endloop
  endfacet
  facet normal -0.923879 0.382684 0
    outer loop
      vertex 23.8063 -9.13838 8.21
      vertex 23.2954 -10.3718 2.2
      vertex 23.2954 -10.3718 8.21
    endloop
  endfacet
  facet normal -0.923879 0.382684 0
    outer loop
      vertex 23.2954 -10.3718 0
      vertex 23.8063 -9.13838 2.2
      vertex 23.8063 -9.13838 0
    endloop
  endfacet
  facet normal -0.923879 0.382684 0
    outer loop
      vertex 23.8063 -9.13838 2.2
      vertex 23.2954 -10.3718 0
      vertex 23.2954 -10.3718 2.2
    endloop
  endfacet
  facet normal 0.793372 0.608737 0
    outer loop
      vertex -19.8172 -16.0477 8.21
      vertex -20.6299 -14.9885 2.2
      vertex -20.6299 -14.9885 8.21
    endloop
  endfacet
  facet normal 0.793372 0.608737 0
    outer loop
      vertex -20.6299 -14.9885 2.2
      vertex -19.8172 -16.0477 8.21
      vertex -19.8172 -16.0477 2.2
    endloop
  endfacet
  facet normal 0.793372 0.608737 0
    outer loop
      vertex -19.8172 -16.0477 2.2
      vertex -20.6299 -14.9885 0
      vertex -20.6299 -14.9885 2.2
    endloop
  endfacet
  facet normal 0.793372 0.608737 0
    outer loop
      vertex -20.6299 -14.9885 0
      vertex -19.8172 -16.0477 2.2
      vertex -19.8172 -16.0477 0
    endloop
  endfacet
  facet normal 0.824107 0.566433 0
    outer loop
      vertex -20.6299 -14.9885 8.21
      vertex -21.3861 -13.8883 2.2
      vertex -21.3861 -13.8883 8.21
    endloop
  endfacet
  facet normal 0.824107 0.566433 0
    outer loop
      vertex -21.3861 -13.8883 2.2
      vertex -20.6299 -14.9885 8.21
      vertex -20.6299 -14.9885 2.2
    endloop
  endfacet
  facet normal 0.824107 0.566433 0
    outer loop
      vertex -20.6299 -14.9885 2.2
      vertex -21.3861 -13.8883 0
      vertex -21.3861 -13.8883 2.2
    endloop
  endfacet
  facet normal 0.824107 0.566433 0
    outer loop
      vertex -21.3861 -13.8883 0
      vertex -20.6299 -14.9885 2.2
      vertex -20.6299 -14.9885 0
    endloop
  endfacet
  facet normal 0.958813 0.284037 0
    outer loop
      vertex -24.2519 -7.87993 8.21
      vertex -24.6311 -6.59988 2.2
      vertex -24.6311 -6.59988 8.21
    endloop
  endfacet
  facet normal 0.958813 0.284037 0
    outer loop
      vertex -24.6311 -6.59988 2.2
      vertex -24.2519 -7.87993 8.21
      vertex -24.2519 -7.87993 2.2
    endloop
  endfacet
  facet normal 0.958813 0.284037 0
    outer loop
      vertex -24.2519 -7.87993 2.2
      vertex -24.6311 -6.59988 0
      vertex -24.6311 -6.59988 2.2
    endloop
  endfacet
  facet normal 0.958813 0.284037 0
    outer loop
      vertex -24.6311 -6.59988 0
      vertex -24.2519 -7.87993 2.2
      vertex -24.2519 -7.87993 0
    endloop
  endfacet
  facet normal -0.608737 0.793372 0
    outer loop
      vertex 16.0477 -19.8172 2.2
      vertex 14.9885 -20.6299 8.21
      vertex 16.0477 -19.8172 8.21
    endloop
  endfacet
  facet normal -0.608737 0.793372 0
    outer loop
      vertex 14.9885 -20.6299 8.21
      vertex 16.0477 -19.8172 2.2
      vertex 14.9885 -20.6299 2.2
    endloop
  endfacet
  facet normal -0.608737 0.793372 0
    outer loop
      vertex 16.0477 -19.8172 0
      vertex 14.9885 -20.6299 2.2
      vertex 16.0477 -19.8172 2.2
    endloop
  endfacet
  facet normal -0.608737 0.793372 0
    outer loop
      vertex 14.9885 -20.6299 2.2
      vertex 16.0477 -19.8172 0
      vertex 14.9885 -20.6299 0
    endloop
  endfacet
  facet normal 0.824096 -0.56645 0
    outer loop
      vertex -21.2123 14.1412 8.21
      vertex -20.6299 14.9885 8.3
      vertex -21.2123 14.1412 8.3
    endloop
  endfacet
  facet normal 0.824096 -0.56645 0
    outer loop
      vertex -20.6299 14.9885 8.3
      vertex -21.2123 14.1412 8.21
      vertex -20.6299 14.9885 2.2
    endloop
  endfacet
  facet normal 0.824147 -0.566377 0
    outer loop
      vertex -21.3861 13.8883 2.2
      vertex -21.2123 14.1412 8.21
      vertex -21.3861 13.8883 8.21
    endloop
  endfacet
  facet normal 0.824107 -0.566433 3.51718e-06
    outer loop
      vertex -21.2123 14.1412 8.21
      vertex -21.3861 13.8883 2.2
      vertex -20.6299 14.9885 2.2
    endloop
  endfacet
  facet normal 0.824107 -0.566433 0
    outer loop
      vertex -21.3861 13.8883 2.2
      vertex -20.6299 14.9885 0
      vertex -20.6299 14.9885 2.2
    endloop
  endfacet
  facet normal 0.824107 -0.566433 0
    outer loop
      vertex -20.6299 14.9885 0
      vertex -21.3861 13.8883 2.2
      vertex -21.3861 13.8883 0
    endloop
  endfacet
  facet normal 0.972362 0.233478 0
    outer loop
      vertex -24.6311 -6.59988 8.21
      vertex -24.9428 -5.30175 2.2
      vertex -24.9428 -5.30175 8.21
    endloop
  endfacet
  facet normal 0.972362 0.233478 0
    outer loop
      vertex -24.9428 -5.30175 2.2
      vertex -24.6311 -6.59988 8.21
      vertex -24.6311 -6.59988 2.2
    endloop
  endfacet
  facet normal 0.972362 0.233478 0
    outer loop
      vertex -24.6311 -6.59988 2.2
      vertex -24.9428 -5.30175 0
      vertex -24.9428 -5.30175 2.2
    endloop
  endfacet
  facet normal 0.972362 0.233478 0
    outer loop
      vertex -24.9428 -5.30175 0
      vertex -24.6311 -6.59988 2.2
      vertex -24.6311 -6.59988 0
    endloop
  endfacet
  facet normal 0.793372 -0.608737 0
    outer loop
      vertex -20.6299 14.9885 8.3
      vertex -19.8172 16.0477 2.2
      vertex -19.8172 16.0477 8.3
    endloop
  endfacet
  facet normal 0.793372 -0.608737 0
    outer loop
      vertex -19.8172 16.0477 2.2
      vertex -20.6299 14.9885 8.3
      vertex -20.6299 14.9885 2.2
    endloop
  endfacet
  facet normal 0.793372 -0.608737 0
    outer loop
      vertex -20.6299 14.9885 2.2
      vertex -19.8172 16.0477 0
      vertex -19.8172 16.0477 2.2
    endloop
  endfacet
  facet normal 0.793372 -0.608737 0
    outer loop
      vertex -19.8172 16.0477 0
      vertex -20.6299 14.9885 2.2
      vertex -20.6299 14.9885 0
    endloop
  endfacet
  facet normal -0.725366 0.688364 0
    outer loop
      vertex 18.0312 -18.0312 8.21
      vertex 18.9502 -17.0628 2.2
      vertex 18.0312 -18.0312 2.2
    endloop
  endfacet
  facet normal -0.725366 0.688364 0
    outer loop
      vertex 18.9502 -17.0628 2.2
      vertex 18.0312 -18.0312 8.21
      vertex 18.9502 -17.0628 8.3
    endloop
  endfacet
  facet normal -0.725366 0.688364 0
    outer loop
      vertex 18.9502 -17.0628 8.3
      vertex 18.0312 -18.0312 8.21
      vertex 18.0312 -18.0312 8.3
    endloop
  endfacet
  facet normal -0.725366 0.688364 0
    outer loop
      vertex 18.0312 -18.0312 0
      vertex 18.9502 -17.0628 2.2
      vertex 18.9502 -17.0628 0
    endloop
  endfacet
  facet normal -0.725366 0.688364 0
    outer loop
      vertex 18.9502 -17.0628 2.2
      vertex 18.0312 -18.0312 0
      vertex 18.0312 -18.0312 2.2
    endloop
  endfacet
  facet normal 0.477219 0.878784 -0
    outer loop
      vertex -11.5768 -22.7207 2.2
      vertex -12.75 -22.0836 8.21
      vertex -11.5768 -22.7207 8.21
    endloop
  endfacet
  facet normal 0.477219 0.878784 0
    outer loop
      vertex -12.75 -22.0836 8.21
      vertex -11.5768 -22.7207 2.2
      vertex -12.75 -22.0836 2.2
    endloop
  endfacet
  facet normal 0.477219 0.878784 -0
    outer loop
      vertex -11.5768 -22.7207 0
      vertex -12.75 -22.0836 2.2
      vertex -11.5768 -22.7207 2.2
    endloop
  endfacet
  facet normal 0.477219 0.878784 0
    outer loop
      vertex -12.75 -22.0836 2.2
      vertex -11.5768 -22.7207 0
      vertex -12.75 -22.0836 0
    endloop
  endfacet
  facet normal 0.566377 0.824147 0
    outer loop
      vertex -13.8883 -21.3861 8.21
      vertex -13.8883 -21.3861 2.2
      vertex -14.1412 -21.2123 8.21
    endloop
  endfacet
  facet normal 0.56645 0.824096 -0
    outer loop
      vertex -14.1412 -21.2123 8.21
      vertex -14.9885 -20.6299 8.3
      vertex -14.1412 -21.2123 8.3
    endloop
  endfacet
  facet normal 0.566433 0.824107 3.51718e-06
    outer loop
      vertex -14.9885 -20.6299 2.2
      vertex -14.1412 -21.2123 8.21
      vertex -13.8883 -21.3861 2.2
    endloop
  endfacet
  facet normal 0.56645 0.824096 0
    outer loop
      vertex -14.1412 -21.2123 8.21
      vertex -14.9885 -20.6299 2.2
      vertex -14.9885 -20.6299 8.3
    endloop
  endfacet
  facet normal 0.566433 0.824107 -0
    outer loop
      vertex -13.8883 -21.3861 0
      vertex -14.9885 -20.6299 2.2
      vertex -13.8883 -21.3861 2.2
    endloop
  endfacet
  facet normal 0.566433 0.824107 0
    outer loop
      vertex -14.9885 -20.6299 2.2
      vertex -13.8883 -21.3861 0
      vertex -14.9885 -20.6299 0
    endloop
  endfacet
  facet normal 0.430477 0.902601 -0
    outer loop
      vertex -10.3718 -23.2954 2.2
      vertex -11.5768 -22.7207 8.21
      vertex -10.3718 -23.2954 8.21
    endloop
  endfacet
  facet normal 0.430477 0.902601 0
    outer loop
      vertex -11.5768 -22.7207 8.21
      vertex -10.3718 -23.2954 2.2
      vertex -11.5768 -22.7207 2.2
    endloop
  endfacet
  facet normal 0.430477 0.902601 -0
    outer loop
      vertex -10.3718 -23.2954 0
      vertex -11.5768 -22.7207 2.2
      vertex -10.3718 -23.2954 2.2
    endloop
  endfacet
  facet normal 0.430477 0.902601 0
    outer loop
      vertex -11.5768 -22.7207 2.2
      vertex -10.3718 -23.2954 0
      vertex -11.5768 -22.7207 0
    endloop
  endfacet
  facet normal 0.902601 0.430477 0
    outer loop
      vertex -22.7207 -11.5768 8.21
      vertex -23.2954 -10.3718 2.2
      vertex -23.2954 -10.3718 8.21
    endloop
  endfacet
  facet normal 0.902601 0.430477 0
    outer loop
      vertex -23.2954 -10.3718 2.2
      vertex -22.7207 -11.5768 8.21
      vertex -22.7207 -11.5768 2.2
    endloop
  endfacet
  facet normal 0.902601 0.430477 0
    outer loop
      vertex -22.7207 -11.5768 2.2
      vertex -23.2954 -10.3718 0
      vertex -23.2954 -10.3718 2.2
    endloop
  endfacet
  facet normal 0.902601 0.430477 0
    outer loop
      vertex -23.2954 -10.3718 0
      vertex -22.7207 -11.5768 2.2
      vertex -22.7207 -11.5768 0
    endloop
  endfacet
  facet normal 0.999657 -0.0261866 0
    outer loop
      vertex 30.9575 -1.62241 8.21
      vertex 31 0 8.2
      vertex 31 0 8.21
    endloop
  endfacet
  facet normal 0.999657 -0.0261866 0
    outer loop
      vertex 31 0 8.2
      vertex 30.9575 -1.62241 8.21
      vertex 30.9575 -1.62241 8.2
    endloop
  endfacet
  facet normal 0.23346 -0.972366 0
    outer loop
      vertex 6.44526 -30.3226 8.2
      vertex 8.02339 -29.9437 8.21
      vertex 6.44526 -30.3226 8.21
    endloop
  endfacet
  facet normal 0.23346 -0.972366 0
    outer loop
      vertex 8.02339 -29.9437 8.21
      vertex 6.44526 -30.3226 8.2
      vertex 8.02339 -29.9437 8.2
    endloop
  endfacet
  facet normal -0.608757 -0.793356 0
    outer loop
      vertex -19.5089 -24.0915 8.2
      vertex -18.2213 -25.0795 8.21
      vertex -19.5089 -24.0915 8.21
    endloop
  endfacet
  facet normal -0.608757 -0.793356 -0
    outer loop
      vertex -18.2213 -25.0795 8.21
      vertex -19.5089 -24.0915 8.2
      vertex -18.2213 -25.0795 8.2
    endloop
  endfacet
  facet normal 0.0784364 0.996919 -0
    outer loop
      vertex 3.24038 30.8302 8.2
      vertex 1.62241 30.9575 8.21
      vertex 3.24038 30.8302 8.21
    endloop
  endfacet
  facet normal 0.0784364 0.996919 0
    outer loop
      vertex 1.62241 30.9575 8.21
      vertex 3.24038 30.8302 8.2
      vertex 1.62241 30.9575 8.2
    endloop
  endfacet
  facet normal -0.0784364 0.996919 0
    outer loop
      vertex -1.62241 30.9575 8.2
      vertex -3.24038 30.8302 8.21
      vertex -1.62241 30.9575 8.21
    endloop
  endfacet
  facet normal -0.0784364 0.996919 0
    outer loop
      vertex -3.24038 30.8302 8.21
      vertex -1.62241 30.9575 8.2
      vertex -3.24038 30.8302 8.2
    endloop
  endfacet
  facet normal 0.649441 0.760412 -0
    outer loop
      vertex 20.743 23.0375 8.2
      vertex 19.5089 24.0915 8.21
      vertex 20.743 23.0375 8.21
    endloop
  endfacet
  facet normal 0.649441 0.760412 0
    outer loop
      vertex 19.5089 24.0915 8.21
      vertex 20.743 23.0375 8.2
      vertex 19.5089 24.0915 8.2
    endloop
  endfacet
  facet normal 0.608757 0.793356 -0
    outer loop
      vertex 19.5089 24.0915 8.2
      vertex 18.2213 25.0795 8.21
      vertex 19.5089 24.0915 8.21
    endloop
  endfacet
  facet normal 0.608757 0.793356 0
    outer loop
      vertex 18.2213 25.0795 8.21
      vertex 19.5089 24.0915 8.2
      vertex 18.2213 25.0795 8.2
    endloop
  endfacet
  facet normal 0.182198 0.983262 -0
    outer loop
      vertex 6.44526 30.3226 8.2
      vertex 4.84947 30.6183 8.21
      vertex 6.44526 30.3226 8.21
    endloop
  endfacet
  facet normal 0.182198 0.983262 0
    outer loop
      vertex 4.84947 30.6183 8.21
      vertex 6.44526 30.3226 8.2
      vertex 4.84947 30.6183 8.2
    endloop
  endfacet
  facet normal 0.725379 -0.688349 0
    outer loop
      vertex 21.9203 -21.9203 8.21
      vertex 23.0375 -20.743 8.2
      vertex 23.0375 -20.743 8.21
    endloop
  endfacet
  facet normal 0.725379 -0.688349 0
    outer loop
      vertex 23.0375 -20.743 8.2
      vertex 21.9203 -21.9203 8.21
      vertex 21.9203 -21.9203 8.2
    endloop
  endfacet
  facet normal 0.47715 0.878822 -0
    outer loop
      vertex 15.5 26.8468 8.2
      vertex 14.0737 27.6212 8.21
      vertex 15.5 26.8468 8.21
    endloop
  endfacet
  facet normal 0.47715 0.878822 0
    outer loop
      vertex 14.0737 27.6212 8.21
      vertex 15.5 26.8468 8.2
      vertex 14.0737 27.6212 8.2
    endloop
  endfacet
  facet normal 0.793356 -0.608757 0
    outer loop
      vertex 24.0915 -19.5089 8.21
      vertex 25.0795 -18.2213 8.2
      vertex 25.0795 -18.2213 8.21
    endloop
  endfacet
  facet normal 0.793356 -0.608757 0
    outer loop
      vertex 25.0795 -18.2213 8.2
      vertex 24.0915 -19.5089 8.21
      vertex 24.0915 -19.5089 8.2
    endloop
  endfacet
  facet normal 0.522501 -0.852638 0
    outer loop
      vertex 15.5 -26.8468 8.2
      vertex 16.8838 -25.9988 8.21
      vertex 15.5 -26.8468 8.21
    endloop
  endfacet
  facet normal 0.522501 -0.852638 0
    outer loop
      vertex 16.8838 -25.9988 8.21
      vertex 15.5 -26.8468 8.2
      vertex 16.8838 -25.9988 8.2
    endloop
  endfacet
  facet normal 0.333831 -0.942633 0
    outer loop
      vertex 9.57953 -29.4828 8.2
      vertex 11.1094 -28.941 8.21
      vertex 9.57953 -29.4828 8.21
    endloop
  endfacet
  facet normal 0.333831 -0.942633 0
    outer loop
      vertex 11.1094 -28.941 8.21
      vertex 9.57953 -29.4828 8.2
      vertex 11.1094 -28.941 8.2
    endloop
  endfacet
  facet normal -0.688349 -0.725379 0
    outer loop
      vertex -21.9203 -21.9203 8.2
      vertex -20.743 -23.0375 8.21
      vertex -21.9203 -21.9203 8.21
    endloop
  endfacet
  facet normal -0.688349 -0.725379 -0
    outer loop
      vertex -20.743 -23.0375 8.21
      vertex -21.9203 -21.9203 8.2
      vertex -20.743 -23.0375 8.2
    endloop
  endfacet
  facet normal 0.999657 0.0261866 0
    outer loop
      vertex 31 0 8.21
      vertex 30.9575 1.62241 8.2
      vertex 30.9575 1.62241 8.21
    endloop
  endfacet
  facet normal 0.999657 0.0261866 0
    outer loop
      vertex 30.9575 1.62241 8.2
      vertex 31 0 8.21
      vertex 31 0 8.2
    endloop
  endfacet
  facet normal 0.649441 -0.760412 0
    outer loop
      vertex 19.5089 -24.0915 8.2
      vertex 20.743 -23.0375 8.21
      vertex 19.5089 -24.0915 8.21
    endloop
  endfacet
  facet normal 0.649441 -0.760412 0
    outer loop
      vertex 20.743 -23.0375 8.21
      vertex 19.5089 -24.0915 8.2
      vertex 20.743 -23.0375 8.2
    endloop
  endfacet
  facet normal -0.793356 -0.608757 0
    outer loop
      vertex -24.0915 -19.5089 8.2
      vertex -25.0795 -18.2213 8.21
      vertex -25.0795 -18.2213 8.2
    endloop
  endfacet
  facet normal -0.793356 -0.608757 0
    outer loop
      vertex -25.0795 -18.2213 8.21
      vertex -24.0915 -19.5089 8.2
      vertex -24.0915 -19.5089 8.21
    endloop
  endfacet
  facet normal 0.793356 0.608757 0
    outer loop
      vertex 25.0795 18.2213 8.21
      vertex 24.0915 19.5089 8.2
      vertex 24.0915 19.5089 8.21
    endloop
  endfacet
  facet normal 0.793356 0.608757 0
    outer loop
      vertex 24.0915 19.5089 8.2
      vertex 25.0795 18.2213 8.21
      vertex 25.0795 18.2213 8.2
    endloop
  endfacet
  facet normal -0.4305 -0.90259 0
    outer loop
      vertex -14.0737 -27.6212 8.2
      vertex -12.6088 -28.3199 8.21
      vertex -14.0737 -27.6212 8.21
    endloop
  endfacet
  facet normal -0.4305 -0.90259 -0
    outer loop
      vertex -12.6088 -28.3199 8.21
      vertex -14.0737 -27.6212 8.2
      vertex -12.6088 -28.3199 8.2
    endloop
  endfacet
  facet normal -0.923873 -0.382698 0
    outer loop
      vertex -28.3199 -12.6088 8.2
      vertex -28.941 -11.1094 8.21
      vertex -28.941 -11.1094 8.2
    endloop
  endfacet
  facet normal -0.923873 -0.382698 0
    outer loop
      vertex -28.941 -11.1094 8.21
      vertex -28.3199 -12.6088 8.2
      vertex -28.3199 -12.6088 8.21
    endloop
  endfacet
  facet normal -0.182198 0.983262 0
    outer loop
      vertex -4.84947 30.6183 8.2
      vertex -6.44526 30.3226 8.21
      vertex -4.84947 30.6183 8.21
    endloop
  endfacet
  facet normal -0.182198 0.983262 0
    outer loop
      vertex -6.44526 30.3226 8.21
      vertex -4.84947 30.6183 8.2
      vertex -6.44526 30.3226 8.2
    endloop
  endfacet
  facet normal 0.996919 0.0784364 0
    outer loop
      vertex 30.9575 1.62241 8.21
      vertex 30.8302 3.24038 8.2
      vertex 30.8302 3.24038 8.21
    endloop
  endfacet
  facet normal 0.996919 0.0784364 0
    outer loop
      vertex 30.8302 3.24038 8.2
      vertex 30.9575 1.62241 8.21
      vertex 30.9575 1.62241 8.2
    endloop
  endfacet
  facet normal -0.725379 -0.688349 0
    outer loop
      vertex -21.9203 -21.9203 8.2
      vertex -23.0375 -20.743 8.21
      vertex -23.0375 -20.743 8.2
    endloop
  endfacet
  facet normal -0.725379 -0.688349 0
    outer loop
      vertex -23.0375 -20.743 8.21
      vertex -21.9203 -21.9203 8.2
      vertex -21.9203 -21.9203 8.21
    endloop
  endfacet
  facet normal 0.688349 -0.725379 0
    outer loop
      vertex 20.743 -23.0375 8.2
      vertex 21.9203 -21.9203 8.21
      vertex 20.743 -23.0375 8.21
    endloop
  endfacet
  facet normal 0.688349 -0.725379 0
    outer loop
      vertex 21.9203 -21.9203 8.21
      vertex 20.743 -23.0375 8.2
      vertex 21.9203 -21.9203 8.2
    endloop
  endfacet
  facet normal -0.923873 0.382698 0
    outer loop
      vertex -28.941 11.1094 8.2
      vertex -28.3199 12.6088 8.21
      vertex -28.3199 12.6088 8.2
    endloop
  endfacet
  facet normal -0.923873 0.382698 0
    outer loop
      vertex -28.3199 12.6088 8.21
      vertex -28.941 11.1094 8.2
      vertex -28.941 11.1094 8.21
    endloop
  endfacet
  facet normal 0.130562 -0.99144 0
    outer loop
      vertex 3.24038 -30.8302 8.2
      vertex 4.84947 -30.6183 8.21
      vertex 3.24038 -30.8302 8.21
    endloop
  endfacet
  facet normal 0.130562 -0.99144 0
    outer loop
      vertex 4.84947 -30.6183 8.21
      vertex 3.24038 -30.8302 8.2
      vertex 4.84947 -30.6183 8.2
    endloop
  endfacet
  facet normal -0.760412 0.649441 0
    outer loop
      vertex -24.0915 19.5089 8.2
      vertex -23.0375 20.743 8.21
      vertex -23.0375 20.743 8.2
    endloop
  endfacet
  facet normal -0.760412 0.649441 0
    outer loop
      vertex -23.0375 20.743 8.21
      vertex -24.0915 19.5089 8.2
      vertex -24.0915 19.5089 8.21
    endloop
  endfacet
  facet normal -0.0261866 -0.999657 0
    outer loop
      vertex -1.62241 -30.9575 8.2
      vertex 0 -31 8.21
      vertex -1.62241 -30.9575 8.21
    endloop
  endfacet
  facet normal -0.0261866 -0.999657 -0
    outer loop
      vertex 0 -31 8.21
      vertex -1.62241 -30.9575 8.2
      vertex 0 -31 8.2
    endloop
  endfacet
  facet normal 0.99144 0.130562 0
    outer loop
      vertex 30.8302 3.24038 8.21
      vertex 30.6183 4.84947 8.2
      vertex 30.6183 4.84947 8.21
    endloop
  endfacet
  facet normal 0.99144 0.130562 0
    outer loop
      vertex 30.6183 4.84947 8.2
      vertex 30.8302 3.24038 8.21
      vertex 30.8302 3.24038 8.2
    endloop
  endfacet
  facet normal -0.99144 -0.130562 0
    outer loop
      vertex -30.6183 -4.84947 8.2
      vertex -30.8302 -3.24038 8.21
      vertex -30.8302 -3.24038 8.2
    endloop
  endfacet
  facet normal -0.99144 -0.130562 0
    outer loop
      vertex -30.8302 -3.24038 8.21
      vertex -30.6183 -4.84947 8.2
      vertex -30.6183 -4.84947 8.21
    endloop
  endfacet
  facet normal -0.942633 0.333831 0
    outer loop
      vertex -29.4828 9.57953 8.2
      vertex -28.941 11.1094 8.21
      vertex -28.941 11.1094 8.2
    endloop
  endfacet
  facet normal -0.942633 0.333831 0
    outer loop
      vertex -28.941 11.1094 8.21
      vertex -29.4828 9.57953 8.2
      vertex -29.4828 9.57953 8.21
    endloop
  endfacet
  facet normal 0.996919 -0.0784364 0
    outer loop
      vertex 30.8302 -3.24038 8.21
      vertex 30.9575 -1.62241 8.2
      vertex 30.9575 -1.62241 8.21
    endloop
  endfacet
  facet normal 0.996919 -0.0784364 0
    outer loop
      vertex 30.9575 -1.62241 8.2
      vertex 30.8302 -3.24038 8.21
      vertex 30.8302 -3.24038 8.2
    endloop
  endfacet
  facet normal 0.958828 -0.283987 0
    outer loop
      vertex 29.4828 -9.57953 8.21
      vertex 29.9437 -8.02339 8.2
      vertex 29.9437 -8.02339 8.21
    endloop
  endfacet
  facet normal 0.958828 -0.283987 0
    outer loop
      vertex 29.9437 -8.02339 8.2
      vertex 29.4828 -9.57953 8.21
      vertex 29.4828 -9.57953 8.2
    endloop
  endfacet
  facet normal 0.760412 0.649441 0
    outer loop
      vertex 24.0915 19.5089 8.21
      vertex 23.0375 20.743 8.2
      vertex 23.0375 20.743 8.21
    endloop
  endfacet
  facet normal 0.760412 0.649441 0
    outer loop
      vertex 23.0375 20.743 8.2
      vertex 24.0915 19.5089 8.21
      vertex 24.0915 19.5089 8.2
    endloop
  endfacet
  facet normal -0.23346 -0.972366 0
    outer loop
      vertex -8.02339 -29.9437 8.2
      vertex -6.44526 -30.3226 8.21
      vertex -8.02339 -29.9437 8.21
    endloop
  endfacet
  facet normal -0.23346 -0.972366 -0
    outer loop
      vertex -6.44526 -30.3226 8.21
      vertex -8.02339 -29.9437 8.2
      vertex -6.44526 -30.3226 8.2
    endloop
  endfacet
  facet normal -0.688349 0.725379 0
    outer loop
      vertex -20.743 23.0375 8.2
      vertex -21.9203 21.9203 8.21
      vertex -20.743 23.0375 8.21
    endloop
  endfacet
  facet normal -0.688349 0.725379 0
    outer loop
      vertex -21.9203 21.9203 8.21
      vertex -20.743 23.0375 8.2
      vertex -21.9203 21.9203 8.2
    endloop
  endfacet
  facet normal 0.942633 -0.333831 0
    outer loop
      vertex 28.941 -11.1094 8.21
      vertex 29.4828 -9.57953 8.2
      vertex 29.4828 -9.57953 8.21
    endloop
  endfacet
  facet normal 0.942633 -0.333831 0
    outer loop
      vertex 29.4828 -9.57953 8.2
      vertex 28.941 -11.1094 8.21
      vertex 28.941 -11.1094 8.2
    endloop
  endfacet
  facet normal -0.996919 -0.0784364 0
    outer loop
      vertex -30.8302 -3.24038 8.2
      vertex -30.9575 -1.62241 8.21
      vertex -30.9575 -1.62241 8.2
    endloop
  endfacet
  facet normal -0.996919 -0.0784364 0
    outer loop
      vertex -30.9575 -1.62241 8.21
      vertex -30.8302 -3.24038 8.2
      vertex -30.8302 -3.24038 8.21
    endloop
  endfacet
  facet normal 0.23346 0.972366 -0
    outer loop
      vertex 8.02339 29.9437 8.2
      vertex 6.44526 30.3226 8.21
      vertex 8.02339 29.9437 8.21
    endloop
  endfacet
  facet normal 0.23346 0.972366 0
    outer loop
      vertex 6.44526 30.3226 8.21
      vertex 8.02339 29.9437 8.2
      vertex 6.44526 30.3226 8.2
    endloop
  endfacet
  facet normal -0.972366 -0.23346 0
    outer loop
      vertex -29.9437 -8.02339 8.2
      vertex -30.3226 -6.44526 8.21
      vertex -30.3226 -6.44526 8.2
    endloop
  endfacet
  facet normal -0.972366 -0.23346 0
    outer loop
      vertex -30.3226 -6.44526 8.21
      vertex -29.9437 -8.02339 8.2
      vertex -29.9437 -8.02339 8.21
    endloop
  endfacet
  facet normal 0.522501 0.852638 -0
    outer loop
      vertex 16.8838 25.9988 8.2
      vertex 15.5 26.8468 8.21
      vertex 16.8838 25.9988 8.21
    endloop
  endfacet
  facet normal 0.522501 0.852638 0
    outer loop
      vertex 15.5 26.8468 8.21
      vertex 16.8838 25.9988 8.2
      vertex 15.5 26.8468 8.2
    endloop
  endfacet
  facet normal -0.760412 -0.649441 0
    outer loop
      vertex -23.0375 -20.743 8.2
      vertex -24.0915 -19.5089 8.21
      vertex -24.0915 -19.5089 8.2
    endloop
  endfacet
  facet normal -0.760412 -0.649441 0
    outer loop
      vertex -24.0915 -19.5089 8.21
      vertex -23.0375 -20.743 8.2
      vertex -23.0375 -20.743 8.21
    endloop
  endfacet
  facet normal 0.182198 -0.983262 0
    outer loop
      vertex 4.84947 -30.6183 8.2
      vertex 6.44526 -30.3226 8.21
      vertex 4.84947 -30.6183 8.21
    endloop
  endfacet
  facet normal 0.182198 -0.983262 0
    outer loop
      vertex 6.44526 -30.3226 8.21
      vertex 4.84947 -30.6183 8.2
      vertex 6.44526 -30.3226 8.2
    endloop
  endfacet
  facet normal -0.649441 0.760412 0
    outer loop
      vertex -19.5089 24.0915 8.2
      vertex -20.743 23.0375 8.21
      vertex -19.5089 24.0915 8.21
    endloop
  endfacet
  facet normal -0.649441 0.760412 0
    outer loop
      vertex -20.743 23.0375 8.21
      vertex -19.5089 24.0915 8.2
      vertex -20.743 23.0375 8.2
    endloop
  endfacet
  facet normal 0.923873 0.382698 0
    outer loop
      vertex 28.941 11.1094 8.21
      vertex 28.3199 12.6088 8.2
      vertex 28.3199 12.6088 8.21
    endloop
  endfacet
  facet normal 0.923873 0.382698 0
    outer loop
      vertex 28.3199 12.6088 8.2
      vertex 28.941 11.1094 8.21
      vertex 28.941 11.1094 8.2
    endloop
  endfacet
  facet normal -0.824108 0.566432 0
    outer loop
      vertex -25.9988 16.8838 8.2
      vertex -25.0795 18.2213 8.21
      vertex -25.0795 18.2213 8.2
    endloop
  endfacet
  facet normal -0.824108 0.566432 0
    outer loop
      vertex -25.0795 18.2213 8.21
      vertex -25.9988 16.8838 8.2
      vertex -25.9988 16.8838 8.21
    endloop
  endfacet
  facet normal -0.566432 -0.824108 0
    outer loop
      vertex -18.2213 -25.0795 8.2
      vertex -16.8838 -25.9988 8.21
      vertex -18.2213 -25.0795 8.21
    endloop
  endfacet
  facet normal -0.566432 -0.824108 -0
    outer loop
      vertex -16.8838 -25.9988 8.21
      vertex -18.2213 -25.0795 8.2
      vertex -16.8838 -25.9988 8.2
    endloop
  endfacet
  facet normal -0.725379 0.688349 0
    outer loop
      vertex -23.0375 20.743 8.2
      vertex -21.9203 21.9203 8.21
      vertex -21.9203 21.9203 8.2
    endloop
  endfacet
  facet normal -0.725379 0.688349 0
    outer loop
      vertex -21.9203 21.9203 8.21
      vertex -23.0375 20.743 8.2
      vertex -23.0375 20.743 8.21
    endloop
  endfacet
  facet normal -0.566432 0.824108 0
    outer loop
      vertex -16.8838 25.9988 8.2
      vertex -18.2213 25.0795 8.21
      vertex -16.8838 25.9988 8.21
    endloop
  endfacet
  facet normal -0.566432 0.824108 0
    outer loop
      vertex -18.2213 25.0795 8.21
      vertex -16.8838 25.9988 8.2
      vertex -18.2213 25.0795 8.2
    endloop
  endfacet
  facet normal -0.0261866 0.999657 0
    outer loop
      vertex 0 31 8.2
      vertex -1.62241 30.9575 8.21
      vertex 0 31 8.21
    endloop
  endfacet
  facet normal -0.0261866 0.999657 0
    outer loop
      vertex -1.62241 30.9575 8.21
      vertex 0 31 8.2
      vertex -1.62241 30.9575 8.2
    endloop
  endfacet
  facet normal 0.972366 0.23346 0
    outer loop
      vertex 30.3226 6.44526 8.21
      vertex 29.9437 8.02339 8.2
      vertex 29.9437 8.02339 8.21
    endloop
  endfacet
  facet normal 0.972366 0.23346 0
    outer loop
      vertex 29.9437 8.02339 8.2
      vertex 30.3226 6.44526 8.21
      vertex 30.3226 6.44526 8.2
    endloop
  endfacet
  facet normal 0.942633 0.333831 0
    outer loop
      vertex 29.4828 9.57953 8.21
      vertex 28.941 11.1094 8.2
      vertex 28.941 11.1094 8.21
    endloop
  endfacet
  facet normal 0.942633 0.333831 0
    outer loop
      vertex 28.941 11.1094 8.2
      vertex 29.4828 9.57953 8.21
      vertex 29.4828 9.57953 8.2
    endloop
  endfacet
  facet normal 0.0784364 -0.996919 0
    outer loop
      vertex 1.62241 -30.9575 8.2
      vertex 3.24038 -30.8302 8.21
      vertex 1.62241 -30.9575 8.21
    endloop
  endfacet
  facet normal 0.0784364 -0.996919 0
    outer loop
      vertex 3.24038 -30.8302 8.21
      vertex 1.62241 -30.9575 8.2
      vertex 3.24038 -30.8302 8.2
    endloop
  endfacet
  facet normal -0.130562 0.99144 0
    outer loop
      vertex -3.24038 30.8302 8.2
      vertex -4.84947 30.6183 8.21
      vertex -3.24038 30.8302 8.21
    endloop
  endfacet
  facet normal -0.130562 0.99144 0
    outer loop
      vertex -4.84947 30.6183 8.21
      vertex -3.24038 30.8302 8.2
      vertex -4.84947 30.6183 8.2
    endloop
  endfacet
  facet normal 0.90259 0.4305 0
    outer loop
      vertex 28.3199 12.6088 8.21
      vertex 27.6212 14.0737 8.2
      vertex 27.6212 14.0737 8.21
    endloop
  endfacet
  facet normal 0.90259 0.4305 0
    outer loop
      vertex 27.6212 14.0737 8.2
      vertex 28.3199 12.6088 8.21
      vertex 28.3199 12.6088 8.2
    endloop
  endfacet
  facet normal 0.0261866 -0.999657 0
    outer loop
      vertex 0 -31 8.2
      vertex 1.62241 -30.9575 8.21
      vertex 0 -31 8.21
    endloop
  endfacet
  facet normal 0.0261866 -0.999657 0
    outer loop
      vertex 1.62241 -30.9575 8.21
      vertex 0 -31 8.2
      vertex 1.62241 -30.9575 8.2
    endloop
  endfacet
  facet normal 0.852638 0.522501 0
    outer loop
      vertex 26.8468 15.5 8.21
      vertex 25.9988 16.8838 8.2
      vertex 25.9988 16.8838 8.21
    endloop
  endfacet
  facet normal 0.852638 0.522501 0
    outer loop
      vertex 25.9988 16.8838 8.2
      vertex 26.8468 15.5 8.21
      vertex 26.8468 15.5 8.2
    endloop
  endfacet
  facet normal 0.878822 -0.47715 0
    outer loop
      vertex 26.8468 -15.5 8.21
      vertex 27.6212 -14.0737 8.2
      vertex 27.6212 -14.0737 8.21
    endloop
  endfacet
  facet normal 0.878822 -0.47715 0
    outer loop
      vertex 27.6212 -14.0737 8.2
      vertex 26.8468 -15.5 8.21
      vertex 26.8468 -15.5 8.2
    endloop
  endfacet
  facet normal -0.47715 0.878822 0
    outer loop
      vertex -14.0737 27.6212 8.2
      vertex -15.5 26.8468 8.21
      vertex -14.0737 27.6212 8.21
    endloop
  endfacet
  facet normal -0.47715 0.878822 0
    outer loop
      vertex -15.5 26.8468 8.21
      vertex -14.0737 27.6212 8.2
      vertex -15.5 26.8468 8.2
    endloop
  endfacet
  facet normal 0.566432 0.824108 -0
    outer loop
      vertex 18.2213 25.0795 8.2
      vertex 16.8838 25.9988 8.21
      vertex 18.2213 25.0795 8.21
    endloop
  endfacet
  facet normal 0.566432 0.824108 0
    outer loop
      vertex 16.8838 25.9988 8.21
      vertex 18.2213 25.0795 8.2
      vertex 16.8838 25.9988 8.2
    endloop
  endfacet
  facet normal -0.99144 0.130562 0
    outer loop
      vertex -30.8302 3.24038 8.2
      vertex -30.6183 4.84947 8.21
      vertex -30.6183 4.84947 8.2
    endloop
  endfacet
  facet normal -0.99144 0.130562 0
    outer loop
      vertex -30.6183 4.84947 8.21
      vertex -30.8302 3.24038 8.2
      vertex -30.8302 3.24038 8.21
    endloop
  endfacet
  facet normal 0.878822 0.47715 0
    outer loop
      vertex 27.6212 14.0737 8.21
      vertex 26.8468 15.5 8.2
      vertex 26.8468 15.5 8.21
    endloop
  endfacet
  facet normal 0.878822 0.47715 0
    outer loop
      vertex 26.8468 15.5 8.2
      vertex 27.6212 14.0737 8.21
      vertex 27.6212 14.0737 8.2
    endloop
  endfacet
  facet normal 0.983262 0.182198 0
    outer loop
      vertex 30.6183 4.84947 8.21
      vertex 30.3226 6.44526 8.2
      vertex 30.3226 6.44526 8.21
    endloop
  endfacet
  facet normal 0.983262 0.182198 0
    outer loop
      vertex 30.3226 6.44526 8.2
      vertex 30.6183 4.84947 8.21
      vertex 30.6183 4.84947 8.2
    endloop
  endfacet
  facet normal -0.958828 0.283987 0
    outer loop
      vertex -29.9437 8.02339 8.2
      vertex -29.4828 9.57953 8.21
      vertex -29.4828 9.57953 8.2
    endloop
  endfacet
  facet normal -0.958828 0.283987 0
    outer loop
      vertex -29.4828 9.57953 8.21
      vertex -29.9437 8.02339 8.2
      vertex -29.9437 8.02339 8.21
    endloop
  endfacet
  facet normal -0.958828 -0.283987 0
    outer loop
      vertex -29.4828 -9.57953 8.2
      vertex -29.9437 -8.02339 8.21
      vertex -29.9437 -8.02339 8.2
    endloop
  endfacet
  facet normal -0.958828 -0.283987 0
    outer loop
      vertex -29.9437 -8.02339 8.21
      vertex -29.4828 -9.57953 8.2
      vertex -29.4828 -9.57953 8.21
    endloop
  endfacet
  facet normal -0.852638 -0.522501 0
    outer loop
      vertex -25.9988 -16.8838 8.2
      vertex -26.8468 -15.5 8.21
      vertex -26.8468 -15.5 8.2
    endloop
  endfacet
  facet normal -0.852638 -0.522501 0
    outer loop
      vertex -26.8468 -15.5 8.21
      vertex -25.9988 -16.8838 8.2
      vertex -25.9988 -16.8838 8.21
    endloop
  endfacet
  facet normal -0.878822 -0.47715 0
    outer loop
      vertex -26.8468 -15.5 8.2
      vertex -27.6212 -14.0737 8.21
      vertex -27.6212 -14.0737 8.2
    endloop
  endfacet
  facet normal -0.878822 -0.47715 0
    outer loop
      vertex -27.6212 -14.0737 8.21
      vertex -26.8468 -15.5 8.2
      vertex -26.8468 -15.5 8.21
    endloop
  endfacet
  facet normal 0.0261866 0.999657 -0
    outer loop
      vertex 1.62241 30.9575 8.2
      vertex 0 31 8.21
      vertex 1.62241 30.9575 8.21
    endloop
  endfacet
  facet normal 0.0261866 0.999657 0
    outer loop
      vertex 0 31 8.21
      vertex 1.62241 30.9575 8.2
      vertex 0 31 8.2
    endloop
  endfacet
  facet normal -0.522501 0.852638 0
    outer loop
      vertex -15.5 26.8468 8.2
      vertex -16.8838 25.9988 8.21
      vertex -15.5 26.8468 8.21
    endloop
  endfacet
  facet normal -0.522501 0.852638 0
    outer loop
      vertex -16.8838 25.9988 8.21
      vertex -15.5 26.8468 8.2
      vertex -16.8838 25.9988 8.2
    endloop
  endfacet
  facet normal 0.824108 -0.566432 0
    outer loop
      vertex 25.0795 -18.2213 8.21
      vertex 25.9988 -16.8838 8.2
      vertex 25.9988 -16.8838 8.21
    endloop
  endfacet
  facet normal 0.824108 -0.566432 0
    outer loop
      vertex 25.9988 -16.8838 8.2
      vertex 25.0795 -18.2213 8.21
      vertex 25.0795 -18.2213 8.2
    endloop
  endfacet
  facet normal -0.999657 0.0261866 0
    outer loop
      vertex -31 0 8.2
      vertex -30.9575 1.62241 8.21
      vertex -30.9575 1.62241 8.2
    endloop
  endfacet
  facet normal -0.999657 0.0261866 0
    outer loop
      vertex -30.9575 1.62241 8.21
      vertex -31 0 8.2
      vertex -31 0 8.21
    endloop
  endfacet
  facet normal -0.983262 0.182198 0
    outer loop
      vertex -30.6183 4.84947 8.2
      vertex -30.3226 6.44526 8.21
      vertex -30.3226 6.44526 8.2
    endloop
  endfacet
  facet normal -0.983262 0.182198 0
    outer loop
      vertex -30.3226 6.44526 8.21
      vertex -30.6183 4.84947 8.2
      vertex -30.6183 4.84947 8.21
    endloop
  endfacet
  facet normal 0.130562 0.99144 -0
    outer loop
      vertex 4.84947 30.6183 8.2
      vertex 3.24038 30.8302 8.21
      vertex 4.84947 30.6183 8.21
    endloop
  endfacet
  facet normal 0.130562 0.99144 0
    outer loop
      vertex 3.24038 30.8302 8.21
      vertex 4.84947 30.6183 8.2
      vertex 3.24038 30.8302 8.2
    endloop
  endfacet
  facet normal 0.99144 -0.130562 0
    outer loop
      vertex 30.6183 -4.84947 8.21
      vertex 30.8302 -3.24038 8.2
      vertex 30.8302 -3.24038 8.21
    endloop
  endfacet
  facet normal 0.99144 -0.130562 0
    outer loop
      vertex 30.8302 -3.24038 8.2
      vertex 30.6183 -4.84947 8.21
      vertex 30.6183 -4.84947 8.2
    endloop
  endfacet
  facet normal -0.649441 -0.760412 0
    outer loop
      vertex -20.743 -23.0375 8.2
      vertex -19.5089 -24.0915 8.21
      vertex -20.743 -23.0375 8.21
    endloop
  endfacet
  facet normal -0.649441 -0.760412 -0
    outer loop
      vertex -19.5089 -24.0915 8.21
      vertex -20.743 -23.0375 8.2
      vertex -19.5089 -24.0915 8.2
    endloop
  endfacet
  facet normal 0.972366 -0.23346 0
    outer loop
      vertex 29.9437 -8.02339 8.21
      vertex 30.3226 -6.44526 8.2
      vertex 30.3226 -6.44526 8.21
    endloop
  endfacet
  facet normal 0.972366 -0.23346 0
    outer loop
      vertex 30.3226 -6.44526 8.2
      vertex 29.9437 -8.02339 8.21
      vertex 29.9437 -8.02339 8.2
    endloop
  endfacet
  facet normal 0.4305 -0.90259 0
    outer loop
      vertex 12.6088 -28.3199 8.2
      vertex 14.0737 -27.6212 8.21
      vertex 12.6088 -28.3199 8.21
    endloop
  endfacet
  facet normal 0.4305 -0.90259 0
    outer loop
      vertex 14.0737 -27.6212 8.21
      vertex 12.6088 -28.3199 8.2
      vertex 14.0737 -27.6212 8.2
    endloop
  endfacet
  facet normal -0.999657 -0.0261866 0
    outer loop
      vertex -30.9575 -1.62241 8.2
      vertex -31 0 8.21
      vertex -31 0 8.2
    endloop
  endfacet
  facet normal -0.999657 -0.0261866 0
    outer loop
      vertex -31 0 8.21
      vertex -30.9575 -1.62241 8.2
      vertex -30.9575 -1.62241 8.21
    endloop
  endfacet
  facet normal 0.852638 -0.522501 0
    outer loop
      vertex 25.9988 -16.8838 8.21
      vertex 26.8468 -15.5 8.2
      vertex 26.8468 -15.5 8.21
    endloop
  endfacet
  facet normal 0.852638 -0.522501 0
    outer loop
      vertex 26.8468 -15.5 8.2
      vertex 25.9988 -16.8838 8.21
      vertex 25.9988 -16.8838 8.2
    endloop
  endfacet
  facet normal -0.4305 0.90259 0
    outer loop
      vertex -12.6088 28.3199 8.2
      vertex -14.0737 27.6212 8.21
      vertex -12.6088 28.3199 8.21
    endloop
  endfacet
  facet normal -0.4305 0.90259 0
    outer loop
      vertex -14.0737 27.6212 8.21
      vertex -12.6088 28.3199 8.2
      vertex -14.0737 27.6212 8.2
    endloop
  endfacet
  facet normal 0.566432 -0.824108 0
    outer loop
      vertex 16.8838 -25.9988 8.2
      vertex 18.2213 -25.0795 8.21
      vertex 16.8838 -25.9988 8.21
    endloop
  endfacet
  facet normal 0.566432 -0.824108 0
    outer loop
      vertex 18.2213 -25.0795 8.21
      vertex 16.8838 -25.9988 8.2
      vertex 18.2213 -25.0795 8.2
    endloop
  endfacet
  facet normal -0.852638 0.522501 0
    outer loop
      vertex -26.8468 15.5 8.2
      vertex -25.9988 16.8838 8.21
      vertex -25.9988 16.8838 8.2
    endloop
  endfacet
  facet normal -0.852638 0.522501 0
    outer loop
      vertex -25.9988 16.8838 8.21
      vertex -26.8468 15.5 8.2
      vertex -26.8468 15.5 8.21
    endloop
  endfacet
  facet normal 0.958828 0.283987 0
    outer loop
      vertex 29.9437 8.02339 8.21
      vertex 29.4828 9.57953 8.2
      vertex 29.4828 9.57953 8.21
    endloop
  endfacet
  facet normal 0.958828 0.283987 0
    outer loop
      vertex 29.4828 9.57953 8.2
      vertex 29.9437 8.02339 8.21
      vertex 29.9437 8.02339 8.2
    endloop
  endfacet
  facet normal 0.382698 0.923873 -0
    outer loop
      vertex 12.6088 28.3199 8.2
      vertex 11.1094 28.941 8.21
      vertex 12.6088 28.3199 8.21
    endloop
  endfacet
  facet normal 0.382698 0.923873 0
    outer loop
      vertex 11.1094 28.941 8.21
      vertex 12.6088 28.3199 8.2
      vertex 11.1094 28.941 8.2
    endloop
  endfacet
  facet normal -0.382698 0.923873 0
    outer loop
      vertex -11.1094 28.941 8.2
      vertex -12.6088 28.3199 8.21
      vertex -11.1094 28.941 8.21
    endloop
  endfacet
  facet normal -0.382698 0.923873 0
    outer loop
      vertex -12.6088 28.3199 8.21
      vertex -11.1094 28.941 8.2
      vertex -12.6088 28.3199 8.2
    endloop
  endfacet
  facet normal -0.283987 -0.958828 0
    outer loop
      vertex -9.57953 -29.4828 8.2
      vertex -8.02339 -29.9437 8.21
      vertex -9.57953 -29.4828 8.21
    endloop
  endfacet
  facet normal -0.283987 -0.958828 -0
    outer loop
      vertex -8.02339 -29.9437 8.21
      vertex -9.57953 -29.4828 8.2
      vertex -8.02339 -29.9437 8.2
    endloop
  endfacet
  facet normal -0.130562 -0.99144 0
    outer loop
      vertex -4.84947 -30.6183 8.2
      vertex -3.24038 -30.8302 8.21
      vertex -4.84947 -30.6183 8.21
    endloop
  endfacet
  facet normal -0.130562 -0.99144 -0
    outer loop
      vertex -3.24038 -30.8302 8.21
      vertex -4.84947 -30.6183 8.2
      vertex -3.24038 -30.8302 8.2
    endloop
  endfacet
  facet normal 0.283987 0.958828 -0
    outer loop
      vertex 9.57953 29.4828 8.2
      vertex 8.02339 29.9437 8.21
      vertex 9.57953 29.4828 8.21
    endloop
  endfacet
  facet normal 0.283987 0.958828 0
    outer loop
      vertex 8.02339 29.9437 8.21
      vertex 9.57953 29.4828 8.2
      vertex 8.02339 29.9437 8.2
    endloop
  endfacet
  facet normal -0.333831 0.942633 0
    outer loop
      vertex -9.57953 29.4828 8.2
      vertex -11.1094 28.941 8.21
      vertex -9.57953 29.4828 8.21
    endloop
  endfacet
  facet normal -0.333831 0.942633 0
    outer loop
      vertex -11.1094 28.941 8.21
      vertex -9.57953 29.4828 8.2
      vertex -11.1094 28.941 8.2
    endloop
  endfacet
  facet normal 0.688349 0.725379 -0
    outer loop
      vertex 21.9203 21.9203 8.2
      vertex 20.743 23.0375 8.21
      vertex 21.9203 21.9203 8.21
    endloop
  endfacet
  facet normal 0.688349 0.725379 0
    outer loop
      vertex 20.743 23.0375 8.21
      vertex 21.9203 21.9203 8.2
      vertex 20.743 23.0375 8.2
    endloop
  endfacet
  facet normal 0.4305 0.90259 -0
    outer loop
      vertex 14.0737 27.6212 8.2
      vertex 12.6088 28.3199 8.21
      vertex 14.0737 27.6212 8.21
    endloop
  endfacet
  facet normal 0.4305 0.90259 0
    outer loop
      vertex 12.6088 28.3199 8.21
      vertex 14.0737 27.6212 8.2
      vertex 12.6088 28.3199 8.2
    endloop
  endfacet
  facet normal 0 0 1
    outer loop
      vertex -18.9502 -17.0628 8.21
      vertex -19.1626 -19.1626 8.21
      vertex -18.0312 -18.0312 8.21
    endloop
  endfacet
  facet normal 0 0 1
    outer loop
      vertex -19.8172 -16.0477 8.21
      vertex -19.1626 -19.1626 8.21
      vertex -18.9502 -17.0628 8.21
    endloop
  endfacet
  facet normal 0 0 1
    outer loop
      vertex -24.0915 -19.5089 8.21
      vertex -19.1626 -19.1626 8.21
      vertex -19.8172 -16.0477 8.21
    endloop
  endfacet
  facet normal 0 0 1
    outer loop
      vertex -24.0915 -19.5089 8.21
      vertex -19.8172 -16.0477 8.21
      vertex -20.6299 -14.9885 8.21
    endloop
  endfacet
  facet normal 0 0 1
    outer loop
      vertex -19.1626 -19.1626 8.21
      vertex -20.743 -23.0375 8.21
      vertex -19.5089 -24.0915 8.21
    endloop
  endfacet
  facet normal 0 0 1
    outer loop
      vertex -25.0795 -18.2213 8.21
      vertex -20.6299 -14.9885 8.21
      vertex -21.3861 -13.8883 8.21
    endloop
  endfacet
  facet normal 0 0 1
    outer loop
      vertex -19.1626 -19.1626 8.21
      vertex -21.9203 -21.9203 8.21
      vertex -20.743 -23.0375 8.21
    endloop
  endfacet
  facet normal 0 0 1
    outer loop
      vertex -25.9988 -16.8838 8.21
      vertex -21.3861 -13.8883 8.21
      vertex -22.0836 -12.75 8.21
    endloop
  endfacet
  facet normal 0 0 1
    outer loop
      vertex -26.8468 -15.5 8.21
      vertex -22.0836 -12.75 8.21
      vertex -22.7207 -11.5768 8.21
    endloop
  endfacet
  facet normal 0 0 1
    outer loop
      vertex -19.1626 -19.1626 8.21
      vertex -23.0375 -20.743 8.21
      vertex -21.9203 -21.9203 8.21
    endloop
  endfacet
  facet normal 0 0 1
    outer loop
      vertex -27.6212 -14.0737 8.21
      vertex -22.7207 -11.5768 8.21
      vertex -23.2954 -10.3718 8.21
    endloop
  endfacet
  facet normal 0 0 1
    outer loop
      vertex -28.3199 -12.6088 8.21
      vertex -23.2954 -10.3718 8.21
      vertex -23.8063 -9.13838 8.21
    endloop
  endfacet
  facet normal 0 0 1
    outer loop
      vertex -19.1626 -19.1626 8.21
      vertex -24.0915 -19.5089 8.21
      vertex -23.0375 -20.743 8.21
    endloop
  endfacet
  facet normal 0 0 1
    outer loop
      vertex -28.941 -11.1094 8.21
      vertex -23.8063 -9.13838 8.21
      vertex -24.2519 -7.87993 8.21
    endloop
  endfacet
  facet normal 0 0 1
    outer loop
      vertex -29.4828 -9.57953 8.21
      vertex -24.2519 -7.87993 8.21
      vertex -24.6311 -6.59988 8.21
    endloop
  endfacet
  facet normal 0 0 1
    outer loop
      vertex -27.1 -5 8.21
      vertex -24.6311 -6.59988 8.21
      vertex -24.9428 -5.30175 8.21
    endloop
  endfacet
  facet normal -0 0 1
    outer loop
      vertex -27.1 -5 8.21
      vertex -24.9428 -5.30175 8.21
      vertex -24.9987 -5 8.21
    endloop
  endfacet
  facet normal 0 0 1
    outer loop
      vertex -20.6299 -14.9885 8.21
      vertex -25.0795 -18.2213 8.21
      vertex -24.0915 -19.5089 8.21
    endloop
  endfacet
  facet normal 0 0 1
    outer loop
      vertex -21.3861 -13.8883 8.21
      vertex -25.9988 -16.8838 8.21
      vertex -25.0795 -18.2213 8.21
    endloop
  endfacet
  facet normal 0 0 1
    outer loop
      vertex -22.0836 -12.75 8.21
      vertex -26.8468 -15.5 8.21
      vertex -25.9988 -16.8838 8.21
    endloop
  endfacet
  facet normal 0 0 1
    outer loop
      vertex -29.9437 -8.02339 8.21
      vertex -24.6311 -6.59988 8.21
      vertex -27.1 -5 8.21
    endloop
  endfacet
  facet normal 0 0 1
    outer loop
      vertex -24.6311 6.59988 8.21
      vertex -29.9437 8.02339 8.21
      vertex -24.9428 5.30175 8.21
    endloop
  endfacet
  facet normal 0 0 1
    outer loop
      vertex -22.7207 -11.5768 8.21
      vertex -27.6212 -14.0737 8.21
      vertex -26.8468 -15.5 8.21
    endloop
  endfacet
  facet normal -0 0 1
    outer loop
      vertex -30.3226 6.44526 8.21
      vertex -24.9428 5.30175 8.21
      vertex -29.9437 8.02339 8.21
    endloop
  endfacet
  facet normal 0 0 1
    outer loop
      vertex -23.2954 -10.3718 8.21
      vertex -28.3199 -12.6088 8.21
      vertex -27.6212 -14.0737 8.21
    endloop
  endfacet
  facet normal 0 0 1
    outer loop
      vertex -24.9428 5.30175 8.21
      vertex -30.3226 6.44526 8.21
      vertex -25.1861 3.98908 8.21
    endloop
  endfacet
  facet normal 0 0 1
    outer loop
      vertex -23.8063 -9.13838 8.21
      vertex -28.941 -11.1094 8.21
      vertex -28.3199 -12.6088 8.21
    endloop
  endfacet
  facet normal -0 0 1
    outer loop
      vertex -30.6183 4.84947 8.21
      vertex -25.1861 3.98908 8.21
      vertex -30.3226 6.44526 8.21
    endloop
  endfacet
  facet normal 0 0 1
    outer loop
      vertex -24.2519 -7.87993 8.21
      vertex -29.4828 -9.57953 8.21
      vertex -28.941 -11.1094 8.21
    endloop
  endfacet
  facet normal 0 0 1
    outer loop
      vertex -30.8302 3.24038 8.21
      vertex -25.1861 3.98908 8.21
      vertex -30.6183 4.84947 8.21
    endloop
  endfacet
  facet normal 0 0 1
    outer loop
      vertex -24.6311 -6.59988 8.21
      vertex -29.9437 -8.02339 8.21
      vertex -29.4828 -9.57953 8.21
    endloop
  endfacet
  facet normal 0 0 1
    outer loop
      vertex -25.1861 3.98908 8.21
      vertex -30.8302 3.24038 8.21
      vertex -27.1 0 8.21
    endloop
  endfacet
  facet normal 0 0 1
    outer loop
      vertex -27.1 -5 8.21
      vertex -30.3226 -6.44526 8.21
      vertex -29.9437 -8.02339 8.21
    endloop
  endfacet
  facet normal -0 0 1
    outer loop
      vertex -30.9575 1.62241 8.21
      vertex -27.1 0 8.21
      vertex -30.8302 3.24038 8.21
    endloop
  endfacet
  facet normal 0 0 1
    outer loop
      vertex -27.1 -5 8.21
      vertex -30.6183 -4.84947 8.21
      vertex -30.3226 -6.44526 8.21
    endloop
  endfacet
  facet normal 0 0 1
    outer loop
      vertex -31 0 8.21
      vertex -27.1 0 8.21
      vertex -30.9575 1.62241 8.21
    endloop
  endfacet
  facet normal 0 0 1
    outer loop
      vertex -27.1 -5 8.21
      vertex -30.8302 -3.24038 8.21
      vertex -30.6183 -4.84947 8.21
    endloop
  endfacet
  facet normal 0 -0 1
    outer loop
      vertex -30.9575 -1.62241 8.21
      vertex -27.1 0 8.21
      vertex -31 0 8.21
    endloop
  endfacet
  facet normal 0 0 1
    outer loop
      vertex -27.1 0 8.21
      vertex -30.8302 -3.24038 8.21
      vertex -27.1 -5 8.21
    endloop
  endfacet
  facet normal 0 -0 1
    outer loop
      vertex -30.8302 -3.24038 8.21
      vertex -27.1 0 8.21
      vertex -30.9575 -1.62241 8.21
    endloop
  endfacet
  facet normal 0 0 1
    outer loop
      vertex -1.33457 -25.4651 8.21
      vertex 0 -27.1 8.21
      vertex 0 -25.5 8.21
    endloop
  endfacet
  facet normal 0 0 1
    outer loop
      vertex -2.66547 -25.3603 8.21
      vertex 0 -27.1 8.21
      vertex -1.33457 -25.4651 8.21
    endloop
  endfacet
  facet normal 0 0 1
    outer loop
      vertex 0 -27.1 8.21
      vertex -1.62241 -30.9575 8.21
      vertex 0 -31 8.21
    endloop
  endfacet
  facet normal 0 0 1
    outer loop
      vertex -3.24038 -30.8302 8.21
      vertex 0 -27.1 8.21
      vertex -2.66547 -25.3603 8.21
    endloop
  endfacet
  facet normal 0 0 1
    outer loop
      vertex 0 -27.1 8.21
      vertex -3.24038 -30.8302 8.21
      vertex -1.62241 -30.9575 8.21
    endloop
  endfacet
  facet normal 0 0 1
    outer loop
      vertex -3.98908 -25.1861 8.21
      vertex -3.24038 -30.8302 8.21
      vertex -2.66547 -25.3603 8.21
    endloop
  endfacet
  facet normal 0 0 1
    outer loop
      vertex -3.98908 -25.1861 8.21
      vertex -4.84947 -30.6183 8.21
      vertex -3.24038 -30.8302 8.21
    endloop
  endfacet
  facet normal 0 0 1
    outer loop
      vertex -5.30175 -24.9428 8.21
      vertex -4.84947 -30.6183 8.21
      vertex -3.98908 -25.1861 8.21
    endloop
  endfacet
  facet normal 0 0 1
    outer loop
      vertex -5.30175 -24.9428 8.21
      vertex -6.44526 -30.3226 8.21
      vertex -4.84947 -30.6183 8.21
    endloop
  endfacet
  facet normal 0 0 1
    outer loop
      vertex -6.59988 -24.6311 8.21
      vertex -6.44526 -30.3226 8.21
      vertex -5.30175 -24.9428 8.21
    endloop
  endfacet
  facet normal 0 0 1
    outer loop
      vertex -8.02339 -29.9437 8.21
      vertex -6.59988 -24.6311 8.21
      vertex -7.87993 -24.2519 8.21
    endloop
  endfacet
  facet normal 0 0 1
    outer loop
      vertex -6.59988 -24.6311 8.21
      vertex -8.02339 -29.9437 8.21
      vertex -6.44526 -30.3226 8.21
    endloop
  endfacet
  facet normal 0 0 1
    outer loop
      vertex -9.57953 -29.4828 8.21
      vertex -7.87993 -24.2519 8.21
      vertex -9.13838 -23.8063 8.21
    endloop
  endfacet
  facet normal 0 0 1
    outer loop
      vertex -7.87993 -24.2519 8.21
      vertex -9.57953 -29.4828 8.21
      vertex -8.02339 -29.9437 8.21
    endloop
  endfacet
  facet normal 0 0 1
    outer loop
      vertex -11.1094 -28.941 8.21
      vertex -9.13838 -23.8063 8.21
      vertex -10.3718 -23.2954 8.21
    endloop
  endfacet
  facet normal 0 0 1
    outer loop
      vertex -9.13838 -23.8063 8.21
      vertex -11.1094 -28.941 8.21
      vertex -9.57953 -29.4828 8.21
    endloop
  endfacet
  facet normal 0 0 1
    outer loop
      vertex -12.6088 -28.3199 8.21
      vertex -10.3718 -23.2954 8.21
      vertex -11.5768 -22.7207 8.21
    endloop
  endfacet
  facet normal 0 0 1
    outer loop
      vertex -10.3718 -23.2954 8.21
      vertex -12.6088 -28.3199 8.21
      vertex -11.1094 -28.941 8.21
    endloop
  endfacet
  facet normal 0 0 1
    outer loop
      vertex -14.0737 -27.6212 8.21
      vertex -11.5768 -22.7207 8.21
      vertex -12.75 -22.0836 8.21
    endloop
  endfacet
  facet normal 0 0 1
    outer loop
      vertex -15.6271 -22.6981 8.21
      vertex -12.75 -22.0836 8.21
      vertex -13.8883 -21.3861 8.21
    endloop
  endfacet
  facet normal 0 0 1
    outer loop
      vertex -11.5768 -22.7207 8.21
      vertex -14.0737 -27.6212 8.21
      vertex -12.6088 -28.3199 8.21
    endloop
  endfacet
  facet normal 0 0 1
    outer loop
      vertex -15.6271 -22.6981 8.21
      vertex -13.8883 -21.3861 8.21
      vertex -14.1412 -21.2123 8.21
    endloop
  endfacet
  facet normal 0 -0 1
    outer loop
      vertex -15.5 -26.8468 8.21
      vertex -12.75 -22.0836 8.21
      vertex -15.6271 -22.6981 8.21
    endloop
  endfacet
  facet normal 0 0 1
    outer loop
      vertex -12.75 -22.0836 8.21
      vertex -15.5 -26.8468 8.21
      vertex -14.0737 -27.6212 8.21
    endloop
  endfacet
  facet normal 0 0 1
    outer loop
      vertex -15.6271 -22.6981 8.21
      vertex -16.8838 -25.9988 8.21
      vertex -15.5 -26.8468 8.21
    endloop
  endfacet
  facet normal 0 0 1
    outer loop
      vertex -15.6271 -22.6981 8.21
      vertex -18.2213 -25.0795 8.21
      vertex -16.8838 -25.9988 8.21
    endloop
  endfacet
  facet normal 0 0 1
    outer loop
      vertex -19.5089 -24.0915 8.21
      vertex -15.6271 -22.6981 8.21
      vertex -19.1626 -19.1626 8.21
    endloop
  endfacet
  facet normal 0 0 1
    outer loop
      vertex -15.6271 -22.6981 8.21
      vertex -19.5089 -24.0915 8.21
      vertex -18.2213 -25.0795 8.21
    endloop
  endfacet
  facet normal -0 0 1
    outer loop
      vertex -1.62241 30.9575 8.21
      vertex 0 27.1 8.21
      vertex 0 31 8.21
    endloop
  endfacet
  facet normal -0 0 1
    outer loop
      vertex -3.24038 30.8302 8.21
      vertex 0 27.1 8.21
      vertex -1.62241 30.9575 8.21
    endloop
  endfacet
  facet normal 0 0 1
    outer loop
      vertex -5 27.1 8.21
      vertex -3.24038 30.8302 8.21
      vertex -4.84947 30.6183 8.21
    endloop
  endfacet
  facet normal 0 0 1
    outer loop
      vertex -3.24038 30.8302 8.21
      vertex -5 27.1 8.21
      vertex 0 27.1 8.21
    endloop
  endfacet
  facet normal 0 0 1
    outer loop
      vertex -5 27.1 8.21
      vertex -5.30175 24.9428 8.21
      vertex -5 24.9987 8.21
    endloop
  endfacet
  facet normal -0 0 1
    outer loop
      vertex -6.44526 30.3226 8.21
      vertex -5 27.1 8.21
      vertex -4.84947 30.6183 8.21
    endloop
  endfacet
  facet normal -0 0 1
    outer loop
      vertex -8.02339 29.9437 8.21
      vertex -5 27.1 8.21
      vertex -6.44526 30.3226 8.21
    endloop
  endfacet
  facet normal 0 0 1
    outer loop
      vertex -5 27.1 8.21
      vertex -6.59988 24.6311 8.21
      vertex -5.30175 24.9428 8.21
    endloop
  endfacet
  facet normal 0 0 1
    outer loop
      vertex -5 27.1 8.21
      vertex -8.02339 29.9437 8.21
      vertex -6.59988 24.6311 8.21
    endloop
  endfacet
  facet normal 0 0 1
    outer loop
      vertex -6.59988 24.6311 8.21
      vertex -8.02339 29.9437 8.21
      vertex -7.87993 24.2519 8.21
    endloop
  endfacet
  facet normal -0 0 1
    outer loop
      vertex -9.57953 29.4828 8.21
      vertex -7.87993 24.2519 8.21
      vertex -8.02339 29.9437 8.21
    endloop
  endfacet
  facet normal 0 0 1
    outer loop
      vertex -7.87993 24.2519 8.21
      vertex -9.57953 29.4828 8.21
      vertex -9.13838 23.8063 8.21
    endloop
  endfacet
  facet normal -0 0 1
    outer loop
      vertex -11.1094 28.941 8.21
      vertex -9.13838 23.8063 8.21
      vertex -9.57953 29.4828 8.21
    endloop
  endfacet
  facet normal 0 0 1
    outer loop
      vertex -9.13838 23.8063 8.21
      vertex -11.1094 28.941 8.21
      vertex -10.3718 23.2954 8.21
    endloop
  endfacet
  facet normal -0 0 1
    outer loop
      vertex -12.6088 28.3199 8.21
      vertex -10.3718 23.2954 8.21
      vertex -11.1094 28.941 8.21
    endloop
  endfacet
  facet normal 0 0 1
    outer loop
      vertex -10.3718 23.2954 8.21
      vertex -12.6088 28.3199 8.21
      vertex -11.5768 22.7207 8.21
    endloop
  endfacet
  facet normal -0 0 1
    outer loop
      vertex -14.0737 27.6212 8.21
      vertex -11.5768 22.7207 8.21
      vertex -12.6088 28.3199 8.21
    endloop
  endfacet
  facet normal 0 0 1
    outer loop
      vertex -11.5768 22.7207 8.21
      vertex -14.0737 27.6212 8.21
      vertex -12.75 22.0836 8.21
    endloop
  endfacet
  facet normal -0 0 1
    outer loop
      vertex -15.5 26.8468 8.21
      vertex -12.75 22.0836 8.21
      vertex -14.0737 27.6212 8.21
    endloop
  endfacet
  facet normal 0 0 1
    outer loop
      vertex -12.75 22.0836 8.21
      vertex -15.5 26.8468 8.21
      vertex -13.8883 21.3861 8.21
    endloop
  endfacet
  facet normal -0 0 1
    outer loop
      vertex -16.8838 25.9988 8.21
      vertex -13.8883 21.3861 8.21
      vertex -15.5 26.8468 8.21
    endloop
  endfacet
  facet normal 0 0 1
    outer loop
      vertex -13.8883 21.3861 8.21
      vertex -16.8838 25.9988 8.21
      vertex -14.9885 20.6299 8.21
    endloop
  endfacet
  facet normal -0 0 1
    outer loop
      vertex -18.2213 25.0795 8.21
      vertex -14.9885 20.6299 8.21
      vertex -16.8838 25.9988 8.21
    endloop
  endfacet
  facet normal 0 0 1
    outer loop
      vertex -14.9885 20.6299 8.21
      vertex -18.2213 25.0795 8.21
      vertex -16.0477 19.8172 8.21
    endloop
  endfacet
  facet normal -0 0 1
    outer loop
      vertex -19.5089 24.0915 8.21
      vertex -16.0477 19.8172 8.21
      vertex -18.2213 25.0795 8.21
    endloop
  endfacet
  facet normal 0 -0 1
    outer loop
      vertex -19.1626 19.1626 8.21
      vertex -16.0477 19.8172 8.21
      vertex -19.5089 24.0915 8.21
    endloop
  endfacet
  facet normal 0 0 1
    outer loop
      vertex -17.0628 18.9502 8.21
      vertex -19.1626 19.1626 8.21
      vertex -18.0312 18.0312 8.21
    endloop
  endfacet
  facet normal 0 0 1
    outer loop
      vertex -16.0477 19.8172 8.21
      vertex -19.1626 19.1626 8.21
      vertex -17.0628 18.9502 8.21
    endloop
  endfacet
  facet normal -0 0 1
    outer loop
      vertex -20.743 23.0375 8.21
      vertex -19.1626 19.1626 8.21
      vertex -19.5089 24.0915 8.21
    endloop
  endfacet
  facet normal -0 0 1
    outer loop
      vertex -21.9203 21.9203 8.21
      vertex -19.1626 19.1626 8.21
      vertex -20.743 23.0375 8.21
    endloop
  endfacet
  facet normal -0 0 1
    outer loop
      vertex -23.0375 20.743 8.21
      vertex -19.1626 19.1626 8.21
      vertex -21.9203 21.9203 8.21
    endloop
  endfacet
  facet normal -0 0 1
    outer loop
      vertex -24.0915 19.5089 8.21
      vertex -19.1626 19.1626 8.21
      vertex -23.0375 20.743 8.21
    endloop
  endfacet
  facet normal 0 0 1
    outer loop
      vertex -19.1626 19.1626 8.21
      vertex -24.0915 19.5089 8.21
      vertex -22.6981 15.6271 8.21
    endloop
  endfacet
  facet normal -0 0 1
    outer loop
      vertex -25.0795 18.2213 8.21
      vertex -22.6981 15.6271 8.21
      vertex -24.0915 19.5089 8.21
    endloop
  endfacet
  facet normal -0 0 1
    outer loop
      vertex -25.9988 16.8838 8.21
      vertex -22.6981 15.6271 8.21
      vertex -25.0795 18.2213 8.21
    endloop
  endfacet
  facet normal 0 0 1
    outer loop
      vertex -26.8468 15.5 8.21
      vertex -22.6981 15.6271 8.21
      vertex -25.9988 16.8838 8.21
    endloop
  endfacet
  facet normal 0 0 1
    outer loop
      vertex -22.6981 15.6271 8.21
      vertex -26.8468 15.5 8.21
      vertex -22.7207 11.5768 8.21
    endloop
  endfacet
  facet normal -0 0 1
    outer loop
      vertex -27.6212 14.0737 8.21
      vertex -22.7207 11.5768 8.21
      vertex -26.8468 15.5 8.21
    endloop
  endfacet
  facet normal 0 0 1
    outer loop
      vertex -22.7207 11.5768 8.21
      vertex -27.6212 14.0737 8.21
      vertex -23.2954 10.3718 8.21
    endloop
  endfacet
  facet normal -0 0 1
    outer loop
      vertex -28.3199 12.6088 8.21
      vertex -23.2954 10.3718 8.21
      vertex -27.6212 14.0737 8.21
    endloop
  endfacet
  facet normal 0 0 1
    outer loop
      vertex -23.2954 10.3718 8.21
      vertex -28.3199 12.6088 8.21
      vertex -23.8063 9.13838 8.21
    endloop
  endfacet
  facet normal -0 0 1
    outer loop
      vertex -28.941 11.1094 8.21
      vertex -23.8063 9.13838 8.21
      vertex -28.3199 12.6088 8.21
    endloop
  endfacet
  facet normal 0 0 1
    outer loop
      vertex -23.8063 9.13838 8.21
      vertex -28.941 11.1094 8.21
      vertex -24.2519 7.87993 8.21
    endloop
  endfacet
  facet normal -0 0 1
    outer loop
      vertex -29.4828 9.57953 8.21
      vertex -24.2519 7.87993 8.21
      vertex -28.941 11.1094 8.21
    endloop
  endfacet
  facet normal 0 0 1
    outer loop
      vertex -24.2519 7.87993 8.21
      vertex -29.4828 9.57953 8.21
      vertex -24.6311 6.59988 8.21
    endloop
  endfacet
  facet normal 0 0 1
    outer loop
      vertex -25.1861 3.98908 8.21
      vertex -27.1 0 8.21
      vertex -25.3603 2.66547 8.21
    endloop
  endfacet
  facet normal 0 0 1
    outer loop
      vertex -25.3603 2.66547 8.21
      vertex -27.1 0 8.21
      vertex -25.4651 1.33457 8.21
    endloop
  endfacet
  facet normal -0 0 1
    outer loop
      vertex -29.9437 8.02339 8.21
      vertex -24.6311 6.59988 8.21
      vertex -29.4828 9.57953 8.21
    endloop
  endfacet
  facet normal 0 0 1
    outer loop
      vertex -25.4651 1.33457 8.21
      vertex -27.1 0 8.21
      vertex -25.5 0 8.21
    endloop
  endfacet
  facet normal 0 0 1
    outer loop
      vertex 15.6271 22.6981 8.21
      vertex 19.5089 24.0915 8.21
      vertex 18.2213 25.0795 8.21
    endloop
  endfacet
  facet normal 0 0 1
    outer loop
      vertex 15.6271 22.6981 8.21
      vertex 18.2213 25.0795 8.21
      vertex 16.8838 25.9988 8.21
    endloop
  endfacet
  facet normal 0 0 1
    outer loop
      vertex 19.5089 24.0915 8.21
      vertex 15.6271 22.6981 8.21
      vertex 19.1626 19.1626 8.21
    endloop
  endfacet
  facet normal 0 0 1
    outer loop
      vertex 15.5 26.8468 8.21
      vertex 15.6271 22.6981 8.21
      vertex 16.8838 25.9988 8.21
    endloop
  endfacet
  facet normal 0 0 1
    outer loop
      vertex 12.75 22.0836 8.21
      vertex 15.6271 22.6981 8.21
      vertex 15.5 26.8468 8.21
    endloop
  endfacet
  facet normal 0 0 1
    outer loop
      vertex 12.75 22.0836 8.21
      vertex 15.5 26.8468 8.21
      vertex 14.0737 27.6212 8.21
    endloop
  endfacet
  facet normal 0 0 1
    outer loop
      vertex 15.6271 22.6981 8.21
      vertex 13.8883 21.3861 8.21
      vertex 14.1412 21.2123 8.21
    endloop
  endfacet
  facet normal 0 0 1
    outer loop
      vertex 15.6271 22.6981 8.21
      vertex 12.75 22.0836 8.21
      vertex 13.8883 21.3861 8.21
    endloop
  endfacet
  facet normal 0 0 1
    outer loop
      vertex 11.5768 22.7207 8.21
      vertex 14.0737 27.6212 8.21
      vertex 12.6088 28.3199 8.21
    endloop
  endfacet
  facet normal 0 0 1
    outer loop
      vertex 14.0737 27.6212 8.21
      vertex 11.5768 22.7207 8.21
      vertex 12.75 22.0836 8.21
    endloop
  endfacet
  facet normal 0 0 1
    outer loop
      vertex 10.3718 23.2954 8.21
      vertex 12.6088 28.3199 8.21
      vertex 11.1094 28.941 8.21
    endloop
  endfacet
  facet normal 0 0 1
    outer loop
      vertex 12.6088 28.3199 8.21
      vertex 10.3718 23.2954 8.21
      vertex 11.5768 22.7207 8.21
    endloop
  endfacet
  facet normal 0 0 1
    outer loop
      vertex 9.13838 23.8063 8.21
      vertex 11.1094 28.941 8.21
      vertex 9.57953 29.4828 8.21
    endloop
  endfacet
  facet normal 0 0 1
    outer loop
      vertex 11.1094 28.941 8.21
      vertex 9.13838 23.8063 8.21
      vertex 10.3718 23.2954 8.21
    endloop
  endfacet
  facet normal 0 0 1
    outer loop
      vertex 7.87993 24.2519 8.21
      vertex 9.57953 29.4828 8.21
      vertex 8.02339 29.9437 8.21
    endloop
  endfacet
  facet normal 0 0 1
    outer loop
      vertex 9.57953 29.4828 8.21
      vertex 7.87993 24.2519 8.21
      vertex 9.13838 23.8063 8.21
    endloop
  endfacet
  facet normal 0 0 1
    outer loop
      vertex 8.02339 29.9437 8.21
      vertex 6.59988 24.6311 8.21
      vertex 7.87993 24.2519 8.21
    endloop
  endfacet
  facet normal 0 0 1
    outer loop
      vertex 6.44526 30.3226 8.21
      vertex 6.59988 24.6311 8.21
      vertex 8.02339 29.9437 8.21
    endloop
  endfacet
  facet normal 0 0 1
    outer loop
      vertex 6.44526 30.3226 8.21
      vertex 5.30175 24.9428 8.21
      vertex 6.59988 24.6311 8.21
    endloop
  endfacet
  facet normal 0 0 1
    outer loop
      vertex 4.84947 30.6183 8.21
      vertex 5.30175 24.9428 8.21
      vertex 6.44526 30.3226 8.21
    endloop
  endfacet
  facet normal 0 0 1
    outer loop
      vertex 4.84947 30.6183 8.21
      vertex 3.98908 25.1861 8.21
      vertex 5.30175 24.9428 8.21
    endloop
  endfacet
  facet normal 0 0 1
    outer loop
      vertex 3.24038 30.8302 8.21
      vertex 3.98908 25.1861 8.21
      vertex 4.84947 30.6183 8.21
    endloop
  endfacet
  facet normal 0 0 1
    outer loop
      vertex 3.24038 30.8302 8.21
      vertex 2.66547 25.3603 8.21
      vertex 3.98908 25.1861 8.21
    endloop
  endfacet
  facet normal 0 0 1
    outer loop
      vertex 0 27.1 8.21
      vertex 3.24038 30.8302 8.21
      vertex 1.62241 30.9575 8.21
    endloop
  endfacet
  facet normal 0 0 1
    outer loop
      vertex 3.24038 30.8302 8.21
      vertex 0 27.1 8.21
      vertex 2.66547 25.3603 8.21
    endloop
  endfacet
  facet normal 0 0 1
    outer loop
      vertex 0 27.1 8.21
      vertex 1.62241 30.9575 8.21
      vertex 0 31 8.21
    endloop
  endfacet
  facet normal 0 0 1
    outer loop
      vertex 2.66547 25.3603 8.21
      vertex 0 27.1 8.21
      vertex 1.33457 25.4651 8.21
    endloop
  endfacet
  facet normal 0 0 1
    outer loop
      vertex 1.33457 25.4651 8.21
      vertex 0 27.1 8.21
      vertex 0 25.5 8.21
    endloop
  endfacet
  facet normal 0 0 1
    outer loop
      vertex 26.8468 -15.5 8.21
      vertex 22.0836 -12.75 8.21
      vertex 22.6981 -15.6271 8.21
    endloop
  endfacet
  facet normal -0 0 1
    outer loop
      vertex 21.3861 -13.8883 8.21
      vertex 22.6981 -15.6271 8.21
      vertex 22.0836 -12.75 8.21
    endloop
  endfacet
  facet normal 0 0 1
    outer loop
      vertex 22.6981 -15.6271 8.21
      vertex 21.3861 -13.8883 8.21
      vertex 21.2123 -14.1412 8.21
    endloop
  endfacet
  facet normal 0 0 1
    outer loop
      vertex 27.1 0 8.21
      vertex 31 0 8.21
      vertex 30.9575 1.62241 8.21
    endloop
  endfacet
  facet normal 0 0 1
    outer loop
      vertex 27.1 0 8.21
      vertex 30.9575 1.62241 8.21
      vertex 30.8302 3.24038 8.21
    endloop
  endfacet
  facet normal 0 0 1
    outer loop
      vertex 31 0 8.21
      vertex 27.1 0 8.21
      vertex 30.9575 -1.62241 8.21
    endloop
  endfacet
  facet normal 0 0 1
    outer loop
      vertex 27.1 5 8.21
      vertex 30.8302 3.24038 8.21
      vertex 30.6183 4.84947 8.21
    endloop
  endfacet
  facet normal 0 0 1
    outer loop
      vertex 30.9575 -1.62241 8.21
      vertex 27.1 0 8.21
      vertex 30.8302 -3.24038 8.21
    endloop
  endfacet
  facet normal -0 0 1
    outer loop
      vertex 27.1 5 8.21
      vertex 30.6183 4.84947 8.21
      vertex 30.3226 6.44526 8.21
    endloop
  endfacet
  facet normal -0 0 1
    outer loop
      vertex 25.3603 -2.66547 8.21
      vertex 30.8302 -3.24038 8.21
      vertex 27.1 0 8.21
    endloop
  endfacet
  facet normal 0 0 1
    outer loop
      vertex 27.1 5 8.21
      vertex 30.3226 6.44526 8.21
      vertex 29.9437 8.02339 8.21
    endloop
  endfacet
  facet normal 0 0 1
    outer loop
      vertex 30.8302 -3.24038 8.21
      vertex 25.3603 -2.66547 8.21
      vertex 30.6183 -4.84947 8.21
    endloop
  endfacet
  facet normal 0 0 1
    outer loop
      vertex 24.6311 6.59988 8.21
      vertex 29.9437 8.02339 8.21
      vertex 29.4828 9.57953 8.21
    endloop
  endfacet
  facet normal -0 0 1
    outer loop
      vertex 25.1861 -3.98908 8.21
      vertex 30.6183 -4.84947 8.21
      vertex 25.3603 -2.66547 8.21
    endloop
  endfacet
  facet normal 0 0 1
    outer loop
      vertex 24.2519 7.87993 8.21
      vertex 29.4828 9.57953 8.21
      vertex 28.941 11.1094 8.21
    endloop
  endfacet
  facet normal 0 0 1
    outer loop
      vertex 30.6183 -4.84947 8.21
      vertex 25.1861 -3.98908 8.21
      vertex 30.3226 -6.44526 8.21
    endloop
  endfacet
  facet normal 0 0 1
    outer loop
      vertex 23.8063 9.13838 8.21
      vertex 28.941 11.1094 8.21
      vertex 28.3199 12.6088 8.21
    endloop
  endfacet
  facet normal 0 0 1
    outer loop
      vertex 30.3226 -6.44526 8.21
      vertex 24.9428 -5.30175 8.21
      vertex 29.9437 -8.02339 8.21
    endloop
  endfacet
  facet normal 0 0 1
    outer loop
      vertex 23.2954 10.3718 8.21
      vertex 28.3199 12.6088 8.21
      vertex 27.6212 14.0737 8.21
    endloop
  endfacet
  facet normal 0 0 1
    outer loop
      vertex 30.8302 3.24038 8.21
      vertex 27.1 5 8.21
      vertex 27.1 0 8.21
    endloop
  endfacet
  facet normal -0 0 1
    outer loop
      vertex 24.6311 -6.59988 8.21
      vertex 29.9437 -8.02339 8.21
      vertex 24.9428 -5.30175 8.21
    endloop
  endfacet
  facet normal 0 0 1
    outer loop
      vertex 22.7207 11.5768 8.21
      vertex 27.6212 14.0737 8.21
      vertex 26.8468 15.5 8.21
    endloop
  endfacet
  facet normal 0 0 1
    outer loop
      vertex 22.0836 12.75 8.21
      vertex 26.8468 15.5 8.21
      vertex 25.9988 16.8838 8.21
    endloop
  endfacet
  facet normal 0 0 1
    outer loop
      vertex 21.3861 13.8883 8.21
      vertex 25.9988 16.8838 8.21
      vertex 25.0795 18.2213 8.21
    endloop
  endfacet
  facet normal 0 0 1
    outer loop
      vertex 28.941 11.1094 8.21
      vertex 23.8063 9.13838 8.21
      vertex 24.2519 7.87993 8.21
    endloop
  endfacet
  facet normal 0 0 1
    outer loop
      vertex 27.1 5 8.21
      vertex 24.9428 5.30175 8.21
      vertex 24.9987 5 8.21
    endloop
  endfacet
  facet normal 0 0 1
    outer loop
      vertex 27.1 5 8.21
      vertex 24.6311 6.59988 8.21
      vertex 24.9428 5.30175 8.21
    endloop
  endfacet
  facet normal 0 0 1
    outer loop
      vertex 29.9437 8.02339 8.21
      vertex 24.6311 6.59988 8.21
      vertex 27.1 5 8.21
    endloop
  endfacet
  facet normal 0 0 1
    outer loop
      vertex 20.6299 14.9885 8.21
      vertex 25.0795 18.2213 8.21
      vertex 24.0915 19.5089 8.21
    endloop
  endfacet
  facet normal 0 -0 1
    outer loop
      vertex 24.6311 6.59988 8.21
      vertex 29.4828 9.57953 8.21
      vertex 24.2519 7.87993 8.21
    endloop
  endfacet
  facet normal 0 0 1
    outer loop
      vertex 28.3199 12.6088 8.21
      vertex 23.2954 10.3718 8.21
      vertex 23.8063 9.13838 8.21
    endloop
  endfacet
  facet normal 0 0 1
    outer loop
      vertex 19.1626 19.1626 8.21
      vertex 24.0915 19.5089 8.21
      vertex 23.0375 20.743 8.21
    endloop
  endfacet
  facet normal 0 0 1
    outer loop
      vertex 27.6212 14.0737 8.21
      vertex 22.7207 11.5768 8.21
      vertex 23.2954 10.3718 8.21
    endloop
  endfacet
  facet normal 0 0 1
    outer loop
      vertex 26.8468 15.5 8.21
      vertex 22.0836 12.75 8.21
      vertex 22.7207 11.5768 8.21
    endloop
  endfacet
  facet normal 0 0 1
    outer loop
      vertex 19.1626 19.1626 8.21
      vertex 23.0375 20.743 8.21
      vertex 21.9203 21.9203 8.21
    endloop
  endfacet
  facet normal 0 0 1
    outer loop
      vertex 25.9988 16.8838 8.21
      vertex 21.3861 13.8883 8.21
      vertex 22.0836 12.75 8.21
    endloop
  endfacet
  facet normal 0 0 1
    outer loop
      vertex 19.1626 19.1626 8.21
      vertex 21.9203 21.9203 8.21
      vertex 20.743 23.0375 8.21
    endloop
  endfacet
  facet normal 0 0 1
    outer loop
      vertex 25.0795 18.2213 8.21
      vertex 20.6299 14.9885 8.21
      vertex 21.3861 13.8883 8.21
    endloop
  endfacet
  facet normal 0 0 1
    outer loop
      vertex 24.0915 19.5089 8.21
      vertex 19.1626 19.1626 8.21
      vertex 19.8172 16.0477 8.21
    endloop
  endfacet
  facet normal 0 0 1
    outer loop
      vertex 19.1626 19.1626 8.21
      vertex 20.743 23.0375 8.21
      vertex 19.5089 24.0915 8.21
    endloop
  endfacet
  facet normal 0 0 1
    outer loop
      vertex 24.0915 19.5089 8.21
      vertex 19.8172 16.0477 8.21
      vertex 20.6299 14.9885 8.21
    endloop
  endfacet
  facet normal 0 0 1
    outer loop
      vertex 19.1626 19.1626 8.21
      vertex 18.9502 17.0628 8.21
      vertex 19.8172 16.0477 8.21
    endloop
  endfacet
  facet normal 0 -0 1
    outer loop
      vertex 18.9502 17.0628 8.21
      vertex 19.1626 19.1626 8.21
      vertex 18.0312 18.0312 8.21
    endloop
  endfacet
  facet normal 0 0 1
    outer loop
      vertex 29.9437 -8.02339 8.21
      vertex 24.6311 -6.59988 8.21
      vertex 29.4828 -9.57953 8.21
    endloop
  endfacet
  facet normal 0 0 1
    outer loop
      vertex 29.4828 -9.57953 8.21
      vertex 24.2519 -7.87993 8.21
      vertex 28.941 -11.1094 8.21
    endloop
  endfacet
  facet normal -0 0 1
    outer loop
      vertex 23.8063 -9.13838 8.21
      vertex 28.941 -11.1094 8.21
      vertex 24.2519 -7.87993 8.21
    endloop
  endfacet
  facet normal 0 0 1
    outer loop
      vertex 25.4651 -1.33457 8.21
      vertex 27.1 0 8.21
      vertex 25.5 0 8.21
    endloop
  endfacet
  facet normal 0 0 1
    outer loop
      vertex 25.3603 -2.66547 8.21
      vertex 27.1 0 8.21
      vertex 25.4651 -1.33457 8.21
    endloop
  endfacet
  facet normal -0 0 1
    outer loop
      vertex 24.9428 -5.30175 8.21
      vertex 30.3226 -6.44526 8.21
      vertex 25.1861 -3.98908 8.21
    endloop
  endfacet
  facet normal -0 0 1
    outer loop
      vertex 24.2519 -7.87993 8.21
      vertex 29.4828 -9.57953 8.21
      vertex 24.6311 -6.59988 8.21
    endloop
  endfacet
  facet normal 0 0 1
    outer loop
      vertex 28.941 -11.1094 8.21
      vertex 23.8063 -9.13838 8.21
      vertex 28.3199 -12.6088 8.21
    endloop
  endfacet
  facet normal -0 0 1
    outer loop
      vertex 23.2954 -10.3718 8.21
      vertex 28.3199 -12.6088 8.21
      vertex 23.8063 -9.13838 8.21
    endloop
  endfacet
  facet normal 0 0 1
    outer loop
      vertex 28.3199 -12.6088 8.21
      vertex 23.2954 -10.3718 8.21
      vertex 27.6212 -14.0737 8.21
    endloop
  endfacet
  facet normal -0 0 1
    outer loop
      vertex 22.7207 -11.5768 8.21
      vertex 27.6212 -14.0737 8.21
      vertex 23.2954 -10.3718 8.21
    endloop
  endfacet
  facet normal 0 0 1
    outer loop
      vertex 27.6212 -14.0737 8.21
      vertex 22.7207 -11.5768 8.21
      vertex 26.8468 -15.5 8.21
    endloop
  endfacet
  facet normal -0 0 1
    outer loop
      vertex 22.0836 -12.75 8.21
      vertex 26.8468 -15.5 8.21
      vertex 22.7207 -11.5768 8.21
    endloop
  endfacet
  facet normal 0 0 1
    outer loop
      vertex 26.8468 -15.5 8.21
      vertex 22.6981 -15.6271 8.21
      vertex 25.9988 -16.8838 8.21
    endloop
  endfacet
  facet normal 0 0 1
    outer loop
      vertex 25.0795 -18.2213 8.21
      vertex 22.6981 -15.6271 8.21
      vertex 24.0915 -19.5089 8.21
    endloop
  endfacet
  facet normal 0 0 1
    outer loop
      vertex 25.9988 -16.8838 8.21
      vertex 22.6981 -15.6271 8.21
      vertex 25.0795 -18.2213 8.21
    endloop
  endfacet
  facet normal -0 0 1
    outer loop
      vertex 19.1626 -19.1626 8.21
      vertex 24.0915 -19.5089 8.21
      vertex 22.6981 -15.6271 8.21
    endloop
  endfacet
  facet normal 0 0 1
    outer loop
      vertex 24.0915 -19.5089 8.21
      vertex 19.1626 -19.1626 8.21
      vertex 23.0375 -20.743 8.21
    endloop
  endfacet
  facet normal 0 0 1
    outer loop
      vertex 23.0375 -20.743 8.21
      vertex 19.1626 -19.1626 8.21
      vertex 21.9203 -21.9203 8.21
    endloop
  endfacet
  facet normal 0 0 1
    outer loop
      vertex 21.9203 -21.9203 8.21
      vertex 19.1626 -19.1626 8.21
      vertex 20.743 -23.0375 8.21
    endloop
  endfacet
  facet normal 0 0 1
    outer loop
      vertex 20.743 -23.0375 8.21
      vertex 19.1626 -19.1626 8.21
      vertex 19.5089 -24.0915 8.21
    endloop
  endfacet
  facet normal -0 0 1
    outer loop
      vertex 16.0477 -19.8172 8.21
      vertex 19.5089 -24.0915 8.21
      vertex 19.1626 -19.1626 8.21
    endloop
  endfacet
  facet normal -0 0 1
    outer loop
      vertex 17.0628 -18.9502 8.21
      vertex 19.1626 -19.1626 8.21
      vertex 18.0312 -18.0312 8.21
    endloop
  endfacet
  facet normal 0 0 1
    outer loop
      vertex 16.0477 -19.8172 8.21
      vertex 19.1626 -19.1626 8.21
      vertex 17.0628 -18.9502 8.21
    endloop
  endfacet
  facet normal 0 0 1
    outer loop
      vertex 19.5089 -24.0915 8.21
      vertex 16.0477 -19.8172 8.21
      vertex 18.2213 -25.0795 8.21
    endloop
  endfacet
  facet normal -0 0 1
    outer loop
      vertex 14.9885 -20.6299 8.21
      vertex 18.2213 -25.0795 8.21
      vertex 16.0477 -19.8172 8.21
    endloop
  endfacet
  facet normal 0 0 1
    outer loop
      vertex 18.2213 -25.0795 8.21
      vertex 14.9885 -20.6299 8.21
      vertex 16.8838 -25.9988 8.21
    endloop
  endfacet
  facet normal -0 0 1
    outer loop
      vertex 13.8883 -21.3861 8.21
      vertex 16.8838 -25.9988 8.21
      vertex 14.9885 -20.6299 8.21
    endloop
  endfacet
  facet normal 0 0 1
    outer loop
      vertex 16.8838 -25.9988 8.21
      vertex 13.8883 -21.3861 8.21
      vertex 15.5 -26.8468 8.21
    endloop
  endfacet
  facet normal -0 0 1
    outer loop
      vertex 12.75 -22.0836 8.21
      vertex 15.5 -26.8468 8.21
      vertex 13.8883 -21.3861 8.21
    endloop
  endfacet
  facet normal 0 0 1
    outer loop
      vertex 15.5 -26.8468 8.21
      vertex 12.75 -22.0836 8.21
      vertex 14.0737 -27.6212 8.21
    endloop
  endfacet
  facet normal -0 0 1
    outer loop
      vertex 11.5768 -22.7207 8.21
      vertex 14.0737 -27.6212 8.21
      vertex 12.75 -22.0836 8.21
    endloop
  endfacet
  facet normal 0 0 1
    outer loop
      vertex 14.0737 -27.6212 8.21
      vertex 11.5768 -22.7207 8.21
      vertex 12.6088 -28.3199 8.21
    endloop
  endfacet
  facet normal -0 0 1
    outer loop
      vertex 10.3718 -23.2954 8.21
      vertex 12.6088 -28.3199 8.21
      vertex 11.5768 -22.7207 8.21
    endloop
  endfacet
  facet normal 0 0 1
    outer loop
      vertex 12.6088 -28.3199 8.21
      vertex 10.3718 -23.2954 8.21
      vertex 11.1094 -28.941 8.21
    endloop
  endfacet
  facet normal -0 0 1
    outer loop
      vertex 9.13838 -23.8063 8.21
      vertex 11.1094 -28.941 8.21
      vertex 10.3718 -23.2954 8.21
    endloop
  endfacet
  facet normal 0 0 1
    outer loop
      vertex 11.1094 -28.941 8.21
      vertex 9.13838 -23.8063 8.21
      vertex 9.57953 -29.4828 8.21
    endloop
  endfacet
  facet normal -0 0 1
    outer loop
      vertex 7.87993 -24.2519 8.21
      vertex 9.57953 -29.4828 8.21
      vertex 9.13838 -23.8063 8.21
    endloop
  endfacet
  facet normal 0 0 1
    outer loop
      vertex 9.57953 -29.4828 8.21
      vertex 7.87993 -24.2519 8.21
      vertex 8.02339 -29.9437 8.21
    endloop
  endfacet
  facet normal -0 0 1
    outer loop
      vertex 6.59988 -24.6311 8.21
      vertex 8.02339 -29.9437 8.21
      vertex 7.87993 -24.2519 8.21
    endloop
  endfacet
  facet normal -0 0 1
    outer loop
      vertex 5 -27.1 8.21
      vertex 8.02339 -29.9437 8.21
      vertex 6.59988 -24.6311 8.21
    endloop
  endfacet
  facet normal 0 0 1
    outer loop
      vertex 5 -27.1 8.21
      vertex 6.59988 -24.6311 8.21
      vertex 5.30175 -24.9428 8.21
    endloop
  endfacet
  facet normal 0 0 1
    outer loop
      vertex 5 -27.1 8.21
      vertex 5.30175 -24.9428 8.21
      vertex 5 -24.9987 8.21
    endloop
  endfacet
  facet normal 0 0 1
    outer loop
      vertex 8.02339 -29.9437 8.21
      vertex 5 -27.1 8.21
      vertex 6.44526 -30.3226 8.21
    endloop
  endfacet
  facet normal 0 0 1
    outer loop
      vertex 5 -27.1 8.21
      vertex 4.84947 -30.6183 8.21
      vertex 6.44526 -30.3226 8.21
    endloop
  endfacet
  facet normal 0 0 1
    outer loop
      vertex 5 -27.1 8.21
      vertex 3.24038 -30.8302 8.21
      vertex 4.84947 -30.6183 8.21
    endloop
  endfacet
  facet normal -0 0 1
    outer loop
      vertex 0 -27.1 8.21
      vertex 3.24038 -30.8302 8.21
      vertex 5 -27.1 8.21
    endloop
  endfacet
  facet normal 0 0 1
    outer loop
      vertex 3.24038 -30.8302 8.21
      vertex 0 -27.1 8.21
      vertex 1.62241 -30.9575 8.21
    endloop
  endfacet
  facet normal 0 0 1
    outer loop
      vertex 1.62241 -30.9575 8.21
      vertex 0 -27.1 8.21
      vertex 0 -31 8.21
    endloop
  endfacet
  facet normal 0 0 1
    outer loop
      vertex -22.6981 15.6271 8.21
      vertex -21.3861 13.8883 8.21
      vertex -21.2123 14.1412 8.21
    endloop
  endfacet
  facet normal 0 0 1
    outer loop
      vertex -22.6981 15.6271 8.21
      vertex -22.0836 12.75 8.21
      vertex -21.3861 13.8883 8.21
    endloop
  endfacet
  facet normal 0 0 1
    outer loop
      vertex -22.0836 12.75 8.21
      vertex -22.6981 15.6271 8.21
      vertex -22.7207 11.5768 8.21
    endloop
  endfacet
  facet normal -0.793356 0.608757 0
    outer loop
      vertex -25.0795 18.2213 8.2
      vertex -24.0915 19.5089 8.21
      vertex -24.0915 19.5089 8.2
    endloop
  endfacet
  facet normal -0.793356 0.608757 0
    outer loop
      vertex -24.0915 19.5089 8.21
      vertex -25.0795 18.2213 8.2
      vertex -25.0795 18.2213 8.21
    endloop
  endfacet
  facet normal -0.996919 0.0784364 0
    outer loop
      vertex -30.9575 1.62241 8.2
      vertex -30.8302 3.24038 8.21
      vertex -30.8302 3.24038 8.2
    endloop
  endfacet
  facet normal -0.996919 0.0784364 0
    outer loop
      vertex -30.8302 3.24038 8.21
      vertex -30.9575 1.62241 8.2
      vertex -30.9575 1.62241 8.21
    endloop
  endfacet
  facet normal -0.942633 -0.333831 0
    outer loop
      vertex -28.941 -11.1094 8.2
      vertex -29.4828 -9.57953 8.21
      vertex -29.4828 -9.57953 8.2
    endloop
  endfacet
  facet normal -0.942633 -0.333831 0
    outer loop
      vertex -29.4828 -9.57953 8.21
      vertex -28.941 -11.1094 8.2
      vertex -28.941 -11.1094 8.21
    endloop
  endfacet
  facet normal 0.283987 -0.958828 0
    outer loop
      vertex 8.02339 -29.9437 8.2
      vertex 9.57953 -29.4828 8.21
      vertex 8.02339 -29.9437 8.21
    endloop
  endfacet
  facet normal 0.283987 -0.958828 0
    outer loop
      vertex 9.57953 -29.4828 8.21
      vertex 8.02339 -29.9437 8.2
      vertex 9.57953 -29.4828 8.2
    endloop
  endfacet
  facet normal -0.0784364 -0.996919 0
    outer loop
      vertex -3.24038 -30.8302 8.2
      vertex -1.62241 -30.9575 8.21
      vertex -3.24038 -30.8302 8.21
    endloop
  endfacet
  facet normal -0.0784364 -0.996919 -0
    outer loop
      vertex -1.62241 -30.9575 8.21
      vertex -3.24038 -30.8302 8.2
      vertex -1.62241 -30.9575 8.2
    endloop
  endfacet
  facet normal -0.333831 -0.942633 0
    outer loop
      vertex -11.1094 -28.941 8.2
      vertex -9.57953 -29.4828 8.21
      vertex -11.1094 -28.941 8.21
    endloop
  endfacet
  facet normal -0.333831 -0.942633 -0
    outer loop
      vertex -9.57953 -29.4828 8.21
      vertex -11.1094 -28.941 8.2
      vertex -9.57953 -29.4828 8.2
    endloop
  endfacet
  facet normal -0.283987 0.958828 0
    outer loop
      vertex -8.02339 29.9437 8.2
      vertex -9.57953 29.4828 8.21
      vertex -8.02339 29.9437 8.21
    endloop
  endfacet
  facet normal -0.283987 0.958828 0
    outer loop
      vertex -9.57953 29.4828 8.21
      vertex -8.02339 29.9437 8.2
      vertex -9.57953 29.4828 8.2
    endloop
  endfacet
  facet normal 0.725379 0.688349 0
    outer loop
      vertex 23.0375 20.743 8.21
      vertex 21.9203 21.9203 8.2
      vertex 21.9203 21.9203 8.21
    endloop
  endfacet
  facet normal 0.725379 0.688349 0
    outer loop
      vertex 21.9203 21.9203 8.2
      vertex 23.0375 20.743 8.21
      vertex 23.0375 20.743 8.2
    endloop
  endfacet
  facet normal -0.983262 -0.182198 0
    outer loop
      vertex -30.3226 -6.44526 8.2
      vertex -30.6183 -4.84947 8.21
      vertex -30.6183 -4.84947 8.2
    endloop
  endfacet
  facet normal -0.983262 -0.182198 0
    outer loop
      vertex -30.6183 -4.84947 8.21
      vertex -30.3226 -6.44526 8.2
      vertex -30.3226 -6.44526 8.21
    endloop
  endfacet
  facet normal 0.760412 -0.649441 0
    outer loop
      vertex 23.0375 -20.743 8.21
      vertex 24.0915 -19.5089 8.2
      vertex 24.0915 -19.5089 8.21
    endloop
  endfacet
  facet normal 0.760412 -0.649441 0
    outer loop
      vertex 24.0915 -19.5089 8.2
      vertex 23.0375 -20.743 8.21
      vertex 23.0375 -20.743 8.2
    endloop
  endfacet
  facet normal 0.923873 -0.382698 0
    outer loop
      vertex 28.3199 -12.6088 8.21
      vertex 28.941 -11.1094 8.2
      vertex 28.941 -11.1094 8.21
    endloop
  endfacet
  facet normal 0.923873 -0.382698 0
    outer loop
      vertex 28.941 -11.1094 8.2
      vertex 28.3199 -12.6088 8.21
      vertex 28.3199 -12.6088 8.2
    endloop
  endfacet
  facet normal 0.983262 -0.182198 0
    outer loop
      vertex 30.3226 -6.44526 8.21
      vertex 30.6183 -4.84947 8.2
      vertex 30.6183 -4.84947 8.21
    endloop
  endfacet
  facet normal 0.983262 -0.182198 0
    outer loop
      vertex 30.6183 -4.84947 8.2
      vertex 30.3226 -6.44526 8.21
      vertex 30.3226 -6.44526 8.2
    endloop
  endfacet
  facet normal -0.878822 0.47715 0
    outer loop
      vertex -27.6212 14.0737 8.2
      vertex -26.8468 15.5 8.21
      vertex -26.8468 15.5 8.2
    endloop
  endfacet
  facet normal -0.878822 0.47715 0
    outer loop
      vertex -26.8468 15.5 8.21
      vertex -27.6212 14.0737 8.2
      vertex -27.6212 14.0737 8.21
    endloop
  endfacet
  facet normal -0.23346 0.972366 0
    outer loop
      vertex -6.44526 30.3226 8.2
      vertex -8.02339 29.9437 8.21
      vertex -6.44526 30.3226 8.21
    endloop
  endfacet
  facet normal -0.23346 0.972366 0
    outer loop
      vertex -8.02339 29.9437 8.21
      vertex -6.44526 30.3226 8.2
      vertex -8.02339 29.9437 8.2
    endloop
  endfacet
  facet normal 0.47715 -0.878822 0
    outer loop
      vertex 14.0737 -27.6212 8.2
      vertex 15.5 -26.8468 8.21
      vertex 14.0737 -27.6212 8.21
    endloop
  endfacet
  facet normal 0.47715 -0.878822 0
    outer loop
      vertex 15.5 -26.8468 8.21
      vertex 14.0737 -27.6212 8.2
      vertex 15.5 -26.8468 8.2
    endloop
  endfacet
  facet normal 0.333831 0.942633 -0
    outer loop
      vertex 11.1094 28.941 8.2
      vertex 9.57953 29.4828 8.21
      vertex 11.1094 28.941 8.21
    endloop
  endfacet
  facet normal 0.333831 0.942633 0
    outer loop
      vertex 9.57953 29.4828 8.21
      vertex 11.1094 28.941 8.2
      vertex 9.57953 29.4828 8.2
    endloop
  endfacet
  facet normal -0.608757 0.793356 0
    outer loop
      vertex -18.2213 25.0795 8.2
      vertex -19.5089 24.0915 8.21
      vertex -18.2213 25.0795 8.21
    endloop
  endfacet
  facet normal -0.608757 0.793356 0
    outer loop
      vertex -19.5089 24.0915 8.21
      vertex -18.2213 25.0795 8.2
      vertex -19.5089 24.0915 8.2
    endloop
  endfacet
  facet normal 0.608757 -0.793356 0
    outer loop
      vertex 18.2213 -25.0795 8.2
      vertex 19.5089 -24.0915 8.21
      vertex 18.2213 -25.0795 8.21
    endloop
  endfacet
  facet normal 0.608757 -0.793356 0
    outer loop
      vertex 19.5089 -24.0915 8.21
      vertex 18.2213 -25.0795 8.2
      vertex 19.5089 -24.0915 8.2
    endloop
  endfacet
  facet normal -0.824108 -0.566432 0
    outer loop
      vertex -25.0795 -18.2213 8.2
      vertex -25.9988 -16.8838 8.21
      vertex -25.9988 -16.8838 8.2
    endloop
  endfacet
  facet normal -0.824108 -0.566432 0
    outer loop
      vertex -25.9988 -16.8838 8.21
      vertex -25.0795 -18.2213 8.2
      vertex -25.0795 -18.2213 8.21
    endloop
  endfacet
  facet normal -0.182198 -0.983262 0
    outer loop
      vertex -6.44526 -30.3226 8.2
      vertex -4.84947 -30.6183 8.21
      vertex -6.44526 -30.3226 8.21
    endloop
  endfacet
  facet normal -0.182198 -0.983262 -0
    outer loop
      vertex -4.84947 -30.6183 8.21
      vertex -6.44526 -30.3226 8.2
      vertex -4.84947 -30.6183 8.2
    endloop
  endfacet
  facet normal 0.382698 -0.923873 0
    outer loop
      vertex 11.1094 -28.941 8.2
      vertex 12.6088 -28.3199 8.21
      vertex 11.1094 -28.941 8.21
    endloop
  endfacet
  facet normal 0.382698 -0.923873 0
    outer loop
      vertex 12.6088 -28.3199 8.21
      vertex 11.1094 -28.941 8.2
      vertex 12.6088 -28.3199 8.2
    endloop
  endfacet
  facet normal -0.90259 0.4305 0
    outer loop
      vertex -28.3199 12.6088 8.2
      vertex -27.6212 14.0737 8.21
      vertex -27.6212 14.0737 8.2
    endloop
  endfacet
  facet normal -0.90259 0.4305 0
    outer loop
      vertex -27.6212 14.0737 8.21
      vertex -28.3199 12.6088 8.2
      vertex -28.3199 12.6088 8.21
    endloop
  endfacet
  facet normal -0.972366 0.23346 0
    outer loop
      vertex -30.3226 6.44526 8.2
      vertex -29.9437 8.02339 8.21
      vertex -29.9437 8.02339 8.2
    endloop
  endfacet
  facet normal -0.972366 0.23346 0
    outer loop
      vertex -29.9437 8.02339 8.21
      vertex -30.3226 6.44526 8.2
      vertex -30.3226 6.44526 8.21
    endloop
  endfacet
  facet normal 0.824108 0.566432 0
    outer loop
      vertex 25.9988 16.8838 8.21
      vertex 25.0795 18.2213 8.2
      vertex 25.0795 18.2213 8.21
    endloop
  endfacet
  facet normal 0.824108 0.566432 0
    outer loop
      vertex 25.0795 18.2213 8.2
      vertex 25.9988 16.8838 8.21
      vertex 25.9988 16.8838 8.2
    endloop
  endfacet
  facet normal -0.382698 -0.923873 0
    outer loop
      vertex -12.6088 -28.3199 8.2
      vertex -11.1094 -28.941 8.21
      vertex -12.6088 -28.3199 8.21
    endloop
  endfacet
  facet normal -0.382698 -0.923873 -0
    outer loop
      vertex -11.1094 -28.941 8.21
      vertex -12.6088 -28.3199 8.2
      vertex -11.1094 -28.941 8.2
    endloop
  endfacet
  facet normal -0.90259 -0.4305 0
    outer loop
      vertex -27.6212 -14.0737 8.2
      vertex -28.3199 -12.6088 8.21
      vertex -28.3199 -12.6088 8.2
    endloop
  endfacet
  facet normal -0.90259 -0.4305 0
    outer loop
      vertex -28.3199 -12.6088 8.21
      vertex -27.6212 -14.0737 8.2
      vertex -27.6212 -14.0737 8.21
    endloop
  endfacet
  facet normal 0.90259 -0.4305 0
    outer loop
      vertex 27.6212 -14.0737 8.21
      vertex 28.3199 -12.6088 8.2
      vertex 28.3199 -12.6088 8.21
    endloop
  endfacet
  facet normal 0.90259 -0.4305 0
    outer loop
      vertex 28.3199 -12.6088 8.2
      vertex 27.6212 -14.0737 8.21
      vertex 27.6212 -14.0737 8.2
    endloop
  endfacet
  facet normal -0.522501 -0.852638 0
    outer loop
      vertex -16.8838 -25.9988 8.2
      vertex -15.5 -26.8468 8.21
      vertex -16.8838 -25.9988 8.21
    endloop
  endfacet
  facet normal -0.522501 -0.852638 -0
    outer loop
      vertex -15.5 -26.8468 8.21
      vertex -16.8838 -25.9988 8.2
      vertex -15.5 -26.8468 8.2
    endloop
  endfacet
  facet normal -0.47715 -0.878822 0
    outer loop
      vertex -15.5 -26.8468 8.2
      vertex -14.0737 -27.6212 8.21
      vertex -15.5 -26.8468 8.21
    endloop
  endfacet
  facet normal -0.47715 -0.878822 -0
    outer loop
      vertex -14.0737 -27.6212 8.21
      vertex -15.5 -26.8468 8.2
      vertex -14.0737 -27.6212 8.2
    endloop
  endfacet
  facet normal 1 -0 0
    outer loop
      vertex 27.1 0 8.4
      vertex 27.1 5 8.21
      vertex 27.1 5 8.4
    endloop
  endfacet
  facet normal 1 0 0
    outer loop
      vertex 27.1 5 8.21
      vertex 27.1 0 8.4
      vertex 27.1 0 8.21
    endloop
  endfacet
  facet normal -0 0 1
    outer loop
      vertex 24.4 5 8.4
      vertex 27.1 0 8.4
      vertex 27.1 5 8.4
    endloop
  endfacet
  facet normal 0 0 1
    outer loop
      vertex 27.1 0 8.4
      vertex 24.4 5 8.4
      vertex 24.4 0 8.4
    endloop
  endfacet
  facet normal -1 0 0
    outer loop
      vertex 24.4 0 8.3
      vertex 24.4 5 8.4
      vertex 24.4 5 8.3
    endloop
  endfacet
  facet normal -1 -0 0
    outer loop
      vertex 24.4 5 8.4
      vertex 24.4 0 8.3
      vertex 24.4 0 8.4
    endloop
  endfacet
  facet normal 0 1 0
    outer loop
      vertex 27.1 5 8.4
      vertex 24.9987 5 8.3
      vertex 24.4 5 8.4
    endloop
  endfacet
  facet normal 0 1 -0
    outer loop
      vertex 27.1 5 8.21
      vertex 24.9987 5 8.3
      vertex 27.1 5 8.4
    endloop
  endfacet
  facet normal 0 1 0
    outer loop
      vertex 24.9987 5 8.3
      vertex 27.1 5 8.21
      vertex 24.9987 5 8.21
    endloop
  endfacet
  facet normal 0 1 0
    outer loop
      vertex 24.4 5 8.4
      vertex 24.9987 5 8.3
      vertex 24.4 5 8.3
    endloop
  endfacet
  facet normal 0 -1 0
    outer loop
      vertex 25.5 0 8.3
      vertex 24.4 0 8.4
      vertex 24.4 0 8.3
    endloop
  endfacet
  facet normal 0 -1 0
    outer loop
      vertex 24.4 0 8.4
      vertex 25.5 0 8.3
      vertex 27.1 0 8.4
    endloop
  endfacet
  facet normal 0 -1 0
    outer loop
      vertex 27.1 0 8.21
      vertex 25.5 0 8.3
      vertex 25.5 0 8.21
    endloop
  endfacet
  facet normal 0 -1 0
    outer loop
      vertex 25.5 0 8.3
      vertex 27.1 0 8.21
      vertex 27.1 0 8.4
    endloop
  endfacet
  facet normal 0 0 1
    outer loop
      vertex 15.6271 22.6981 8.4
      vertex 17.2534 17.2534 8.4
      vertex 19.1626 19.1626 8.4
    endloop
  endfacet
  facet normal 0 0 1
    outer loop
      vertex 17.2534 17.2534 8.4
      vertex 15.6271 22.6981 8.4
      vertex 13.7179 20.7889 8.4
    endloop
  endfacet
  facet normal -0.707107 -0.707107 0
    outer loop
      vertex 17.2534 17.2534 8.3
      vertex 13.7179 20.7889 8.4
      vertex 13.7179 20.7889 8.3
    endloop
  endfacet
  facet normal -0.707107 -0.707107 0
    outer loop
      vertex 13.7179 20.7889 8.4
      vertex 17.2534 17.2534 8.3
      vertex 17.2534 17.2534 8.4
    endloop
  endfacet
  facet normal -0.707083 0.707131 0
    outer loop
      vertex 14.1412 21.2123 8.3
      vertex 15.6271 22.6981 8.21
      vertex 14.1412 21.2123 8.21
    endloop
  endfacet
  facet normal -0.707083 0.707131 0
    outer loop
      vertex 15.6271 22.6981 8.21
      vertex 14.1412 21.2123 8.3
      vertex 15.6271 22.6981 8.4
    endloop
  endfacet
  facet normal -0.70719 0.707023 0
    outer loop
      vertex 13.7179 20.7889 8.4
      vertex 14.1412 21.2123 8.3
      vertex 13.7179 20.7889 8.3
    endloop
  endfacet
  facet normal -0.707107 0.707107 0.000707107
    outer loop
      vertex 14.1412 21.2123 8.3
      vertex 13.7179 20.7889 8.4
      vertex 15.6271 22.6981 8.4
    endloop
  endfacet
  facet normal 0.707107 -0.707107 0
    outer loop
      vertex 19.1626 19.1626 8.4
      vertex 18.0312 18.0312 8.3
      vertex 19.1626 19.1626 8.21
    endloop
  endfacet
  facet normal 0.707107 -0.707107 0
    outer loop
      vertex 17.2534 17.2534 8.4
      vertex 18.0312 18.0312 8.3
      vertex 19.1626 19.1626 8.4
    endloop
  endfacet
  facet normal 0.707107 -0.707107 0
    outer loop
      vertex 18.0312 18.0312 8.3
      vertex 17.2534 17.2534 8.4
      vertex 17.2534 17.2534 8.3
    endloop
  endfacet
  facet normal 0.707107 -0.707107 0
    outer loop
      vertex 19.1626 19.1626 8.21
      vertex 18.0312 18.0312 8.3
      vertex 18.0312 18.0312 8.21
    endloop
  endfacet
  facet normal 0.707107 0.707107 -0
    outer loop
      vertex 19.1626 19.1626 8.21
      vertex 15.6271 22.6981 8.4
      vertex 19.1626 19.1626 8.4
    endloop
  endfacet
  facet normal 0.707107 0.707107 0
    outer loop
      vertex 15.6271 22.6981 8.4
      vertex 19.1626 19.1626 8.21
      vertex 15.6271 22.6981 8.21
    endloop
  endfacet
  facet normal -0 0 1
    outer loop
      vertex -5 27.1 8.4
      vertex 0 24.4 8.4
      vertex 0 27.1 8.4
    endloop
  endfacet
  facet normal 0 0 1
    outer loop
      vertex 0 24.4 8.4
      vertex -5 27.1 8.4
      vertex -5 24.4 8.4
    endloop
  endfacet
  facet normal 0 -1 0
    outer loop
      vertex -5 24.4 8.3
      vertex 0 24.4 8.4
      vertex -5 24.4 8.4
    endloop
  endfacet
  facet normal 0 -1 -0
    outer loop
      vertex 0 24.4 8.4
      vertex -5 24.4 8.3
      vertex 0 24.4 8.3
    endloop
  endfacet
  facet normal -1 0 0
    outer loop
      vertex -5 24.9987 8.3
      vertex -5 27.1 8.21
      vertex -5 24.9987 8.21
    endloop
  endfacet
  facet normal -1 0 0
    outer loop
      vertex -5 27.1 8.21
      vertex -5 24.9987 8.3
      vertex -5 27.1 8.4
    endloop
  endfacet
  facet normal -1 0 0
    outer loop
      vertex -5 24.4 8.4
      vertex -5 24.9987 8.3
      vertex -5 24.4 8.3
    endloop
  endfacet
  facet normal -1 0 0
    outer loop
      vertex -5 24.9987 8.3
      vertex -5 24.4 8.4
      vertex -5 27.1 8.4
    endloop
  endfacet
  facet normal 1 0 0
    outer loop
      vertex 0 27.1 8.4
      vertex 0 25.5 8.3
      vertex 0 27.1 8.21
    endloop
  endfacet
  facet normal 1 -0 0
    outer loop
      vertex 0 24.4 8.4
      vertex 0 25.5 8.3
      vertex 0 27.1 8.4
    endloop
  endfacet
  facet normal 1 0 0
    outer loop
      vertex 0 25.5 8.3
      vertex 0 24.4 8.4
      vertex 0 24.4 8.3
    endloop
  endfacet
  facet normal 1 0 0
    outer loop
      vertex 0 27.1 8.21
      vertex 0 25.5 8.3
      vertex 0 25.5 8.21
    endloop
  endfacet
  facet normal 0 1 -0
    outer loop
      vertex 0 27.1 8.21
      vertex -5 27.1 8.4
      vertex 0 27.1 8.4
    endloop
  endfacet
  facet normal 0 1 0
    outer loop
      vertex -5 27.1 8.4
      vertex 0 27.1 8.21
      vertex -5 27.1 8.21
    endloop
  endfacet
  facet normal 0 0 1
    outer loop
      vertex -19.1626 19.1626 8.4
      vertex -20.7889 13.7179 8.4
      vertex -17.2534 17.2534 8.4
    endloop
  endfacet
  facet normal 0 -0 1
    outer loop
      vertex -20.7889 13.7179 8.4
      vertex -19.1626 19.1626 8.4
      vertex -22.6981 15.6271 8.4
    endloop
  endfacet
  facet normal 0.707107 -0.707107 0
    outer loop
      vertex -20.7889 13.7179 8.4
      vertex -17.2534 17.2534 8.3
      vertex -17.2534 17.2534 8.4
    endloop
  endfacet
  facet normal 0.707107 -0.707107 0
    outer loop
      vertex -17.2534 17.2534 8.3
      vertex -20.7889 13.7179 8.4
      vertex -20.7889 13.7179 8.3
    endloop
  endfacet
  facet normal -0.707107 -0.707107 0.000707107
    outer loop
      vertex -22.6981 15.6271 8.4
      vertex -21.2123 14.1412 8.3
      vertex -20.7889 13.7179 8.4
    endloop
  endfacet
  facet normal -0.707131 -0.707083 0
    outer loop
      vertex -22.6981 15.6271 8.21
      vertex -21.2123 14.1412 8.3
      vertex -22.6981 15.6271 8.4
    endloop
  endfacet
  facet normal -0.707131 -0.707083 -0
    outer loop
      vertex -21.2123 14.1412 8.3
      vertex -22.6981 15.6271 8.21
      vertex -21.2123 14.1412 8.21
    endloop
  endfacet
  facet normal -0.707023 -0.70719 -0
    outer loop
      vertex -20.7889 13.7179 8.4
      vertex -21.2123 14.1412 8.3
      vertex -20.7889 13.7179 8.3
    endloop
  endfacet
  facet normal 0.707107 0.707107 0
    outer loop
      vertex -19.1626 19.1626 8.4
      vertex -18.0312 18.0312 8.3
      vertex -19.1626 19.1626 8.21
    endloop
  endfacet
  facet normal 0.707107 0.707107 0
    outer loop
      vertex -17.2534 17.2534 8.4
      vertex -18.0312 18.0312 8.3
      vertex -19.1626 19.1626 8.4
    endloop
  endfacet
  facet normal 0.707107 0.707107 0
    outer loop
      vertex -18.0312 18.0312 8.3
      vertex -17.2534 17.2534 8.4
      vertex -17.2534 17.2534 8.3
    endloop
  endfacet
  facet normal 0.707107 0.707107 0
    outer loop
      vertex -19.1626 19.1626 8.21
      vertex -18.0312 18.0312 8.3
      vertex -18.0312 18.0312 8.21
    endloop
  endfacet
  facet normal -0.707107 0.707107 0
    outer loop
      vertex -22.6981 15.6271 8.21
      vertex -19.1626 19.1626 8.4
      vertex -19.1626 19.1626 8.21
    endloop
  endfacet
  facet normal -0.707107 0.707107 0
    outer loop
      vertex -19.1626 19.1626 8.4
      vertex -22.6981 15.6271 8.21
      vertex -22.6981 15.6271 8.4
    endloop
  endfacet
  facet normal -0 0 1
    outer loop
      vertex -27.1 0 8.4
      vertex -24.4 -5 8.4
      vertex -24.4 0 8.4
    endloop
  endfacet
  facet normal 0 0 1
    outer loop
      vertex -24.4 -5 8.4
      vertex -27.1 0 8.4
      vertex -27.1 -5 8.4
    endloop
  endfacet
  facet normal 1 -0 0
    outer loop
      vertex -24.4 -5 8.4
      vertex -24.4 0 8.3
      vertex -24.4 0 8.4
    endloop
  endfacet
  facet normal 1 0 0
    outer loop
      vertex -24.4 0 8.3
      vertex -24.4 -5 8.4
      vertex -24.4 -5 8.3
    endloop
  endfacet
  facet normal 0 -1 0
    outer loop
      vertex -27.1 -5 8.4
      vertex -24.9987 -5 8.3
      vertex -24.4 -5 8.4
    endloop
  endfacet
  facet normal 0 -1 0
    outer loop
      vertex -27.1 -5 8.21
      vertex -24.9987 -5 8.3
      vertex -27.1 -5 8.4
    endloop
  endfacet
  facet normal 0 -1 -0
    outer loop
      vertex -24.9987 -5 8.3
      vertex -27.1 -5 8.21
      vertex -24.9987 -5 8.21
    endloop
  endfacet
  facet normal 0 -1 -0
    outer loop
      vertex -24.4 -5 8.4
      vertex -24.9987 -5 8.3
      vertex -24.4 -5 8.3
    endloop
  endfacet
  facet normal 0 1 0
    outer loop
      vertex -25.5 0 8.3
      vertex -24.4 0 8.4
      vertex -24.4 0 8.3
    endloop
  endfacet
  facet normal 0 1 0
    outer loop
      vertex -24.4 0 8.4
      vertex -25.5 0 8.3
      vertex -27.1 0 8.4
    endloop
  endfacet
  facet normal 0 1 0
    outer loop
      vertex -27.1 0 8.21
      vertex -25.5 0 8.3
      vertex -25.5 0 8.21
    endloop
  endfacet
  facet normal 0 1 0
    outer loop
      vertex -25.5 0 8.3
      vertex -27.1 0 8.21
      vertex -27.1 0 8.4
    endloop
  endfacet
  facet normal -1 0 0
    outer loop
      vertex -27.1 -5 8.21
      vertex -27.1 0 8.4
      vertex -27.1 0 8.21
    endloop
  endfacet
  facet normal -1 -0 0
    outer loop
      vertex -27.1 0 8.4
      vertex -27.1 -5 8.21
      vertex -27.1 -5 8.4
    endloop
  endfacet
  facet normal -0.707107 -0.707107 0
    outer loop
      vertex -19.1626 -19.1626 8.21
      vertex -15.6271 -22.6981 8.4
      vertex -19.1626 -19.1626 8.4
    endloop
  endfacet
  facet normal -0.707107 -0.707107 -0
    outer loop
      vertex -15.6271 -22.6981 8.4
      vertex -19.1626 -19.1626 8.21
      vertex -15.6271 -22.6981 8.21
    endloop
  endfacet
  facet normal 0 0 1
    outer loop
      vertex -17.2534 -17.2534 8.4
      vertex -15.6271 -22.6981 8.4
      vertex -13.7179 -20.7889 8.4
    endloop
  endfacet
  facet normal 0 0 1
    outer loop
      vertex -15.6271 -22.6981 8.4
      vertex -17.2534 -17.2534 8.4
      vertex -19.1626 -19.1626 8.4
    endloop
  endfacet
  facet normal 0.707107 0.707107 0
    outer loop
      vertex -13.7179 -20.7889 8.4
      vertex -17.2534 -17.2534 8.3
      vertex -17.2534 -17.2534 8.4
    endloop
  endfacet
  facet normal 0.707107 0.707107 0
    outer loop
      vertex -17.2534 -17.2534 8.3
      vertex -13.7179 -20.7889 8.4
      vertex -13.7179 -20.7889 8.3
    endloop
  endfacet
  facet normal 0.70719 -0.707023 0
    outer loop
      vertex -13.7179 -20.7889 8.4
      vertex -14.1412 -21.2123 8.3
      vertex -13.7179 -20.7889 8.3
    endloop
  endfacet
  facet normal 0.707107 -0.707107 0.000707107
    outer loop
      vertex -15.6271 -22.6981 8.4
      vertex -14.1412 -21.2123 8.3
      vertex -13.7179 -20.7889 8.4
    endloop
  endfacet
  facet normal 0.707083 -0.707131 0
    outer loop
      vertex -15.6271 -22.6981 8.21
      vertex -14.1412 -21.2123 8.3
      vertex -15.6271 -22.6981 8.4
    endloop
  endfacet
  facet normal 0.707083 -0.707131 0
    outer loop
      vertex -14.1412 -21.2123 8.3
      vertex -15.6271 -22.6981 8.21
      vertex -14.1412 -21.2123 8.21
    endloop
  endfacet
  facet normal -0.707107 0.707107 0
    outer loop
      vertex -18.0312 -18.0312 8.21
      vertex -19.1626 -19.1626 8.21
      vertex -18.0312 -18.0312 8.3
    endloop
  endfacet
  facet normal -0.707107 0.707107 0
    outer loop
      vertex -18.0312 -18.0312 8.3
      vertex -17.2534 -17.2534 8.4
      vertex -17.2534 -17.2534 8.3
    endloop
  endfacet
  facet normal -0.707107 0.707107 0
    outer loop
      vertex -19.1626 -19.1626 8.4
      vertex -18.0312 -18.0312 8.3
      vertex -19.1626 -19.1626 8.21
    endloop
  endfacet
  facet normal -0.707107 0.707107 0
    outer loop
      vertex -18.0312 -18.0312 8.3
      vertex -19.1626 -19.1626 8.4
      vertex -17.2534 -17.2534 8.4
    endloop
  endfacet
  facet normal 0 -1 0
    outer loop
      vertex 0 -27.1 8.21
      vertex 5 -27.1 8.4
      vertex 0 -27.1 8.4
    endloop
  endfacet
  facet normal 0 -1 -0
    outer loop
      vertex 5 -27.1 8.4
      vertex 0 -27.1 8.21
      vertex 5 -27.1 8.21
    endloop
  endfacet
  facet normal -0 0 1
    outer loop
      vertex 0 -24.4 8.4
      vertex 5 -27.1 8.4
      vertex 5 -24.4 8.4
    endloop
  endfacet
  facet normal 0 0 1
    outer loop
      vertex 5 -27.1 8.4
      vertex 0 -24.4 8.4
      vertex 0 -27.1 8.4
    endloop
  endfacet
  facet normal 0 1 -0
    outer loop
      vertex 5 -24.4 8.3
      vertex 0 -24.4 8.4
      vertex 5 -24.4 8.4
    endloop
  endfacet
  facet normal 0 1 0
    outer loop
      vertex 0 -24.4 8.4
      vertex 5 -24.4 8.3
      vertex 0 -24.4 8.3
    endloop
  endfacet
  facet normal 1 0 0
    outer loop
      vertex 5 -24.4 8.4
      vertex 5 -24.9987 8.3
      vertex 5 -24.4 8.3
    endloop
  endfacet
  facet normal 1 -0 0
    outer loop
      vertex 5 -27.1 8.4
      vertex 5 -24.9987 8.3
      vertex 5 -24.4 8.4
    endloop
  endfacet
  facet normal 1 0 0
    outer loop
      vertex 5 -27.1 8.21
      vertex 5 -24.9987 8.3
      vertex 5 -27.1 8.4
    endloop
  endfacet
  facet normal 1 0 0
    outer loop
      vertex 5 -24.9987 8.3
      vertex 5 -27.1 8.21
      vertex 5 -24.9987 8.21
    endloop
  endfacet
  facet normal -1 0 0
    outer loop
      vertex 0 -25.5 8.21
      vertex 0 -27.1 8.21
      vertex 0 -25.5 8.3
    endloop
  endfacet
  facet normal -1 0 0
    outer loop
      vertex 0 -25.5 8.3
      vertex 0 -24.4 8.4
      vertex 0 -24.4 8.3
    endloop
  endfacet
  facet normal -1 0 0
    outer loop
      vertex 0 -27.1 8.4
      vertex 0 -25.5 8.3
      vertex 0 -27.1 8.21
    endloop
  endfacet
  facet normal -1 0 0
    outer loop
      vertex 0 -25.5 8.3
      vertex 0 -27.1 8.4
      vertex 0 -24.4 8.4
    endloop
  endfacet
  facet normal 0.707107 -0.707107 0
    outer loop
      vertex 19.1626 -19.1626 8.4
      vertex 22.6981 -15.6271 8.21
      vertex 22.6981 -15.6271 8.4
    endloop
  endfacet
  facet normal 0.707107 -0.707107 0
    outer loop
      vertex 22.6981 -15.6271 8.21
      vertex 19.1626 -19.1626 8.4
      vertex 19.1626 -19.1626 8.21
    endloop
  endfacet
  facet normal 0 0 1
    outer loop
      vertex 20.7889 -13.7179 8.4
      vertex 19.1626 -19.1626 8.4
      vertex 22.6981 -15.6271 8.4
    endloop
  endfacet
  facet normal 0 -0 1
    outer loop
      vertex 19.1626 -19.1626 8.4
      vertex 20.7889 -13.7179 8.4
      vertex 17.2534 -17.2534 8.4
    endloop
  endfacet
  facet normal -0.707107 0.707107 0
    outer loop
      vertex 17.2534 -17.2534 8.3
      vertex 20.7889 -13.7179 8.4
      vertex 20.7889 -13.7179 8.3
    endloop
  endfacet
  facet normal -0.707107 0.707107 0
    outer loop
      vertex 20.7889 -13.7179 8.4
      vertex 17.2534 -17.2534 8.3
      vertex 17.2534 -17.2534 8.4
    endloop
  endfacet
  facet normal 0.707107 0.707107 0.000707107
    outer loop
      vertex 22.6981 -15.6271 8.4
      vertex 21.2123 -14.1412 8.3
      vertex 20.7889 -13.7179 8.4
    endloop
  endfacet
  facet normal 0.707131 0.707083 -0
    outer loop
      vertex 22.6981 -15.6271 8.21
      vertex 21.2123 -14.1412 8.3
      vertex 22.6981 -15.6271 8.4
    endloop
  endfacet
  facet normal 0.707131 0.707083 0
    outer loop
      vertex 21.2123 -14.1412 8.3
      vertex 22.6981 -15.6271 8.21
      vertex 21.2123 -14.1412 8.21
    endloop
  endfacet
  facet normal 0.707023 0.70719 0
    outer loop
      vertex 20.7889 -13.7179 8.4
      vertex 21.2123 -14.1412 8.3
      vertex 20.7889 -13.7179 8.3
    endloop
  endfacet
  facet normal -0.707107 -0.707107 0
    outer loop
      vertex 18.0312 -18.0312 8.21
      vertex 19.1626 -19.1626 8.21
      vertex 18.0312 -18.0312 8.3
    endloop
  endfacet
  facet normal -0.707107 -0.707107 0
    outer loop
      vertex 18.0312 -18.0312 8.3
      vertex 17.2534 -17.2534 8.4
      vertex 17.2534 -17.2534 8.3
    endloop
  endfacet
  facet normal -0.707107 -0.707107 -0
    outer loop
      vertex 19.1626 -19.1626 8.4
      vertex 18.0312 -18.0312 8.3
      vertex 19.1626 -19.1626 8.21
    endloop
  endfacet
  facet normal -0.707107 -0.707107 0
    outer loop
      vertex 18.0312 -18.0312 8.3
      vertex 19.1626 -19.1626 8.4
      vertex 17.2534 -17.2534 8.4
    endloop
  endfacet
  facet normal 0.987693 0.156403 0
    outer loop
      vertex 93.5 0 4.4
      vertex 93.4266 0.463525 2.2
      vertex 93.4266 0.463525 4.4
    endloop
  endfacet
  facet normal 0.987693 0.156403 0
    outer loop
      vertex 93.4266 0.463525 2.2
      vertex 93.5 0 4.4
      vertex 93.5 0 2.2
    endloop
  endfacet
  facet normal 0.139133 -0.990274 0
    outer loop
      vertex 39.4079 -8.88919 2.2
      vertex 92 -1.5 4.4
      vertex 39.4079 -8.88919 4.4
    endloop
  endfacet
  facet normal 0.139133 -0.990274 0
    outer loop
      vertex 92 -1.5 4.4
      vertex 39.4079 -8.88919 2.2
      vertex 92 -1.5 2.2
    endloop
  endfacet
  facet normal 0.0784632 0.996917 -0
    outer loop
      vertex 39.4079 8.88919 2.2
      vertex 38 9 4.4
      vertex 39.4079 8.88919 4.4
    endloop
  endfacet
  facet normal 0.0784632 0.996917 0
    outer loop
      vertex 38 9 4.4
      vertex 39.4079 8.88919 2.2
      vertex 38 9 2.2
    endloop
  endfacet
  facet normal 0.707152 0.707062 -0
    outer loop
      vertex 93.2135 0.881678 2.2
      vertex 92.8817 1.21352 4.4
      vertex 93.2135 0.881678 4.4
    endloop
  endfacet
  facet normal 0.707152 0.707062 0
    outer loop
      vertex 92.8817 1.21352 4.4
      vertex 93.2135 0.881678 2.2
      vertex 92.8817 1.21352 2.2
    endloop
  endfacet
  facet normal 0.139133 0.990274 -0
    outer loop
      vertex 92 1.5 2.2
      vertex 39.4079 8.88919 4.4
      vertex 92 1.5 4.4
    endloop
  endfacet
  facet normal 0.139133 0.990274 0
    outer loop
      vertex 39.4079 8.88919 4.4
      vertex 92 1.5 2.2
      vertex 39.4079 8.88919 2.2
    endloop
  endfacet
  facet normal 0.890972 -0.454059 0
    outer loop
      vertex 93.2135 -0.881678 4.4
      vertex 93.4266 -0.463525 2.2
      vertex 93.4266 -0.463525 4.4
    endloop
  endfacet
  facet normal 0.890972 -0.454059 0
    outer loop
      vertex 93.4266 -0.463525 2.2
      vertex 93.2135 -0.881678 4.4
      vertex 93.2135 -0.881678 2.2
    endloop
  endfacet
  facet normal 0.987693 -0.156403 0
    outer loop
      vertex 93.4266 -0.463525 4.4
      vertex 93.5 0 2.2
      vertex 93.5 0 4.4
    endloop
  endfacet
  facet normal 0.987693 -0.156403 0
    outer loop
      vertex 93.5 0 2.2
      vertex 93.4266 -0.463525 4.4
      vertex 93.4266 -0.463525 2.2
    endloop
  endfacet
  facet normal -0.0784632 -0.996917 0
    outer loop
      vertex 36.5921 -8.88919 2.2
      vertex 38 -9 4.4
      vertex 36.5921 -8.88919 4.4
    endloop
  endfacet
  facet normal -0.0784632 -0.996917 -0
    outer loop
      vertex 38 -9 4.4
      vertex 36.5921 -8.88919 2.2
      vertex 38 -9 2.2
    endloop
  endfacet
  facet normal 0.156453 -0.987685 0
    outer loop
      vertex 92 -1.5 2.2
      vertex 92.4635 -1.42658 4.4
      vertex 92 -1.5 4.4
    endloop
  endfacet
  facet normal 0.156453 -0.987685 0
    outer loop
      vertex 92.4635 -1.42658 4.4
      vertex 92 -1.5 2.2
      vertex 92.4635 -1.42658 2.2
    endloop
  endfacet
  facet normal 0.0784632 -0.996917 0
    outer loop
      vertex 38 -9 2.2
      vertex 39.4079 -8.88919 4.4
      vertex 38 -9 4.4
    endloop
  endfacet
  facet normal 0.0784632 -0.996917 0
    outer loop
      vertex 39.4079 -8.88919 4.4
      vertex 38 -9 2.2
      vertex 39.4079 -8.88919 2.2
    endloop
  endfacet
  facet normal 0.453951 0.891027 -0
    outer loop
      vertex 92.8817 1.21352 2.2
      vertex 92.4635 1.42658 4.4
      vertex 92.8817 1.21352 4.4
    endloop
  endfacet
  facet normal 0.453951 0.891027 0
    outer loop
      vertex 92.4635 1.42658 4.4
      vertex 92.8817 1.21352 2.2
      vertex 92.4635 1.42658 2.2
    endloop
  endfacet
  facet normal 0.453951 -0.891027 0
    outer loop
      vertex 92.4635 -1.42658 2.2
      vertex 92.8817 -1.21352 4.4
      vertex 92.4635 -1.42658 4.4
    endloop
  endfacet
  facet normal 0.453951 -0.891027 0
    outer loop
      vertex 92.8817 -1.21352 4.4
      vertex 92.4635 -1.42658 2.2
      vertex 92.8817 -1.21352 2.2
    endloop
  endfacet
  facet normal 0.707152 -0.707062 0
    outer loop
      vertex 92.8817 -1.21352 2.2
      vertex 93.2135 -0.881678 4.4
      vertex 92.8817 -1.21352 4.4
    endloop
  endfacet
  facet normal 0.707152 -0.707062 0
    outer loop
      vertex 93.2135 -0.881678 4.4
      vertex 92.8817 -1.21352 2.2
      vertex 93.2135 -0.881678 2.2
    endloop
  endfacet
  facet normal -0.233435 -0.972372 0
    outer loop
      vertex 35.9417 -8.73305 2.2
      vertex 36.5921 -8.88919 4.4
      vertex 35.9417 -8.73305 4.4
    endloop
  endfacet
  facet normal -0.233435 -0.972372 -0
    outer loop
      vertex 36.5921 -8.88919 4.4
      vertex 35.9417 -8.73305 2.2
      vertex 36.5921 -8.88919 2.2
    endloop
  endfacet
  facet normal -0.0784632 0.996917 0
    outer loop
      vertex 38 9 2.2
      vertex 36.5921 8.88919 4.4
      vertex 38 9 4.4
    endloop
  endfacet
  facet normal -0.0784632 0.996917 0
    outer loop
      vertex 36.5921 8.88919 4.4
      vertex 38 9 2.2
      vertex 36.5921 8.88919 2.2
    endloop
  endfacet
  facet normal 0.156453 0.987685 -0
    outer loop
      vertex 92.4635 1.42658 2.2
      vertex 92 1.5 4.4
      vertex 92.4635 1.42658 4.4
    endloop
  endfacet
  facet normal 0.156453 0.987685 0
    outer loop
      vertex 92 1.5 4.4
      vertex 92.4635 1.42658 2.2
      vertex 92 1.5 2.2
    endloop
  endfacet
  facet normal 0.890972 0.454059 0
    outer loop
      vertex 93.4266 0.463525 4.4
      vertex 93.2135 0.881678 2.2
      vertex 93.2135 0.881678 4.4
    endloop
  endfacet
  facet normal 0.890972 0.454059 0
    outer loop
      vertex 93.2135 0.881678 2.2
      vertex 93.4266 0.463525 4.4
      vertex 93.4266 0.463525 2.2
    endloop
  endfacet
  facet normal -0.233435 0.972372 0
    outer loop
      vertex 36.5921 8.88919 2.2
      vertex 35.9417 8.73305 4.4
      vertex 36.5921 8.88919 4.4
    endloop
  endfacet
  facet normal -0.233435 0.972372 0
    outer loop
      vertex 35.9417 8.73305 4.4
      vertex 36.5921 8.88919 2.2
      vertex 35.9417 8.73305 2.2
    endloop
  endfacet
  facet normal 0 0 1
    outer loop
      vertex 39.0908 -1.90919 4.4
      vertex 36.7973 -3.86755 4.4
      vertex 39.65 -2.33827 4.4
    endloop
  endfacet
  facet normal 0 0 1
    outer loop
      vertex 36.5445 -5.78807 4.4
      vertex 39.65 -2.33827 4.4
      vertex 36.7973 -3.86755 4.4
    endloop
  endfacet
  facet normal 0 0 1
    outer loop
      vertex 39.65 -2.33827 4.4
      vertex 36.5445 -5.78807 4.4
      vertex 38 -9 4.4
    endloop
  endfacet
  facet normal -0 0 1
    outer loop
      vertex 36.1915 -7.69273 4.4
      vertex 38 -9 4.4
      vertex 36.5445 -5.78807 4.4
    endloop
  endfacet
  facet normal 0 0 1
    outer loop
      vertex 38 -9 4.4
      vertex 36.1915 -7.69273 4.4
      vertex 36.5921 -8.88919 4.4
    endloop
  endfacet
  facet normal 0 0 1
    outer loop
      vertex 36.5921 -8.88919 4.4
      vertex 36.1915 -7.69273 4.4
      vertex 35.9417 -8.73305 4.4
    endloop
  endfacet
  facet normal 0 0 1
    outer loop
      vertex 93.4266 0.463525 4.4
      vertex 93.4266 -0.463525 4.4
      vertex 93.5 0 4.4
    endloop
  endfacet
  facet normal 0 0 1
    outer loop
      vertex 93.2135 0.881678 4.4
      vertex 93.4266 -0.463525 4.4
      vertex 93.4266 0.463525 4.4
    endloop
  endfacet
  facet normal 0 0 1
    outer loop
      vertex 93.2135 0.881678 4.4
      vertex 93.2135 -0.881678 4.4
      vertex 93.4266 -0.463525 4.4
    endloop
  endfacet
  facet normal 0 0 1
    outer loop
      vertex 92.8817 1.21352 4.4
      vertex 93.2135 -0.881678 4.4
      vertex 93.2135 0.881678 4.4
    endloop
  endfacet
  facet normal 0 0 1
    outer loop
      vertex 92.8817 1.21352 4.4
      vertex 92.8817 -1.21352 4.4
      vertex 93.2135 -0.881678 4.4
    endloop
  endfacet
  facet normal 0 0 1
    outer loop
      vertex 92.4635 1.42658 4.4
      vertex 92.8817 -1.21352 4.4
      vertex 92.8817 1.21352 4.4
    endloop
  endfacet
  facet normal 0 0 1
    outer loop
      vertex 92.4635 1.42658 4.4
      vertex 92.4635 -1.42658 4.4
      vertex 92.8817 -1.21352 4.4
    endloop
  endfacet
  facet normal 0 0 1
    outer loop
      vertex 92 1.5 4.4
      vertex 92.4635 -1.42658 4.4
      vertex 92.4635 1.42658 4.4
    endloop
  endfacet
  facet normal 0 0 1
    outer loop
      vertex 92 1.5 4.4
      vertex 92 -1.5 4.4
      vertex 92.4635 -1.42658 4.4
    endloop
  endfacet
  facet normal 0 0 1
    outer loop
      vertex 92 1.5 4.4
      vertex 87.65 0 4.4
      vertex 92 -1.5 4.4
    endloop
  endfacet
  facet normal 0 0 1
    outer loop
      vertex 92 1.5 4.4
      vertex 87.5244 0.631427 4.4
      vertex 87.65 0 4.4
    endloop
  endfacet
  facet normal 0 0 1
    outer loop
      vertex 92 1.5 4.4
      vertex 87.1667 1.16673 4.4
      vertex 87.5244 0.631427 4.4
    endloop
  endfacet
  facet normal 0 0 1
    outer loop
      vertex 92 1.5 4.4
      vertex 86.6314 1.5244 4.4
      vertex 87.1667 1.16673 4.4
    endloop
  endfacet
  facet normal 0 0 1
    outer loop
      vertex 92 1.5 4.4
      vertex 86 1.65 4.4
      vertex 86.6314 1.5244 4.4
    endloop
  endfacet
  facet normal 0 0 1
    outer loop
      vertex 39.4079 8.88919 4.4
      vertex 86 1.65 4.4
      vertex 92 1.5 4.4
    endloop
  endfacet
  facet normal 0 0 1
    outer loop
      vertex 39.4079 8.88919 4.4
      vertex 41 2.7 4.4
      vertex 86 1.65 4.4
    endloop
  endfacet
  facet normal 0 0 1
    outer loop
      vertex 39.4079 8.88919 4.4
      vertex 40.3012 2.608 4.4
      vertex 41 2.7 4.4
    endloop
  endfacet
  facet normal -0 0 1
    outer loop
      vertex 36.5445 5.78807 4.4
      vertex 40.3012 2.608 4.4
      vertex 39.4079 8.88919 4.4
    endloop
  endfacet
  facet normal -0 -0 1
    outer loop
      vertex 36.7973 3.86755 4.4
      vertex 40.3012 2.608 4.4
      vertex 36.5445 5.78807 4.4
    endloop
  endfacet
  facet normal 0 0 1
    outer loop
      vertex 40.3012 2.608 4.4
      vertex 36.7973 3.86755 4.4
      vertex 39.65 2.33827 4.4
    endloop
  endfacet
  facet normal -0 -0 1
    outer loop
      vertex 36.9493 1.93643 4.4
      vertex 39.0908 1.90919 4.4
      vertex 36.7973 3.86755 4.4
    endloop
  endfacet
  facet normal 0 0 1
    outer loop
      vertex 39.0908 1.90919 4.4
      vertex 36.9493 1.93643 4.4
      vertex 38.6617 1.35 4.4
    endloop
  endfacet
  facet normal 0 0 1
    outer loop
      vertex 36.5445 5.78807 4.4
      vertex 39.4079 8.88919 4.4
      vertex 38 9 4.4
    endloop
  endfacet
  facet normal -0 0 1
    outer loop
      vertex 87.5244 -0.631427 4.4
      vertex 92 -1.5 4.4
      vertex 87.65 0 4.4
    endloop
  endfacet
  facet normal -0 0 1
    outer loop
      vertex 87.1667 -1.16673 4.4
      vertex 92 -1.5 4.4
      vertex 87.5244 -0.631427 4.4
    endloop
  endfacet
  facet normal 0 0 1
    outer loop
      vertex 86.6314 -1.5244 4.4
      vertex 92 -1.5 4.4
      vertex 87.1667 -1.16673 4.4
    endloop
  endfacet
  facet normal 0 0 1
    outer loop
      vertex 86 -1.65 4.4
      vertex 92 -1.5 4.4
      vertex 86.6314 -1.5244 4.4
    endloop
  endfacet
  facet normal -0 0 1
    outer loop
      vertex 86 -1.65 4.4
      vertex 39.4079 -8.88919 4.4
      vertex 92 -1.5 4.4
    endloop
  endfacet
  facet normal -0 0 1
    outer loop
      vertex 41 -2.7 4.4
      vertex 39.4079 -8.88919 4.4
      vertex 86 -1.65 4.4
    endloop
  endfacet
  facet normal 0 0 1
    outer loop
      vertex 40.3012 -2.608 4.4
      vertex 39.4079 -8.88919 4.4
      vertex 41 -2.7 4.4
    endloop
  endfacet
  facet normal 0 0 1
    outer loop
      vertex 39.65 -2.33827 4.4
      vertex 39.4079 -8.88919 4.4
      vertex 40.3012 -2.608 4.4
    endloop
  endfacet
  facet normal 0 0 1
    outer loop
      vertex 36.7973 -3.86755 4.4
      vertex 39.0908 -1.90919 4.4
      vertex 36.9493 -1.93643 4.4
    endloop
  endfacet
  facet normal 0 0 1
    outer loop
      vertex 36.9493 -1.93643 4.4
      vertex 39.0908 -1.90919 4.4
      vertex 38.6617 -1.35 4.4
    endloop
  endfacet
  facet normal 0 0 1
    outer loop
      vertex 36.9493 -1.93643 4.4
      vertex 38.392 -0.698811 4.4
      vertex 37 0 4.4
    endloop
  endfacet
  facet normal -0 0 1
    outer loop
      vertex 37 0 4.4
      vertex 38.392 -0.698811 4.4
      vertex 38.3 0 4.4
    endloop
  endfacet
  facet normal 0 0 1
    outer loop
      vertex 39.65 -2.33827 4.4
      vertex 38 -9 4.4
      vertex 39.4079 -8.88919 4.4
    endloop
  endfacet
  facet normal 0 0 1
    outer loop
      vertex 38.6617 1.35 4.4
      vertex 36.9493 1.93643 4.4
      vertex 38.392 0.698811 4.4
    endloop
  endfacet
  facet normal 0 0 1
    outer loop
      vertex 38.392 -0.698811 4.4
      vertex 36.9493 -1.93643 4.4
      vertex 38.6617 -1.35 4.4
    endloop
  endfacet
  facet normal 0 0 1
    outer loop
      vertex 38.392 0.698811 4.4
      vertex 37 0 4.4
      vertex 38.3 0 4.4
    endloop
  endfacet
  facet normal 0 -0 1
    outer loop
      vertex 37 0 4.4
      vertex 38.392 0.698811 4.4
      vertex 36.9493 1.93643 4.4
    endloop
  endfacet
  facet normal 0 0 1
    outer loop
      vertex 36.1915 7.69273 4.4
      vertex 38 9 4.4
      vertex 36.5921 8.88919 4.4
    endloop
  endfacet
  facet normal 0 0 1
    outer loop
      vertex 39.65 2.33827 4.4
      vertex 36.7973 3.86755 4.4
      vertex 39.0908 1.90919 4.4
    endloop
  endfacet
  facet normal 0 0 1
    outer loop
      vertex 38 9 4.4
      vertex 36.1915 7.69273 4.4
      vertex 36.5445 5.78807 4.4
    endloop
  endfacet
  facet normal 0 -0 1
    outer loop
      vertex 36.1915 7.69273 4.4
      vertex 36.5921 8.88919 4.4
      vertex 35.9417 8.73305 4.4
    endloop
  endfacet
  facet normal -0.991445 0.130526 0
    outer loop
      vertex 38.3 0 4.4
      vertex 38.392 0.698811 6.2
      vertex 38.392 0.698811 4.4
    endloop
  endfacet
  facet normal -0.991445 0.130526 0
    outer loop
      vertex 38.392 0.698811 6.2
      vertex 38.3 0 4.4
      vertex 38.3 0 6.2
    endloop
  endfacet
  facet normal 0.831454 0.555594 0
    outer loop
      vertex 87.5244 0.631427 6.2
      vertex 87.1667 1.16673 4.4
      vertex 87.1667 1.16673 6.2
    endloop
  endfacet
  facet normal 0.831454 0.555594 0
    outer loop
      vertex 87.1667 1.16673 4.4
      vertex 87.5244 0.631427 6.2
      vertex 87.5244 0.631427 4.4
    endloop
  endfacet
  facet normal 0.980785 0.195092 0
    outer loop
      vertex 87.65 0 6.2
      vertex 87.5244 0.631427 4.4
      vertex 87.5244 0.631427 6.2
    endloop
  endfacet
  facet normal 0.980785 0.195092 0
    outer loop
      vertex 87.5244 0.631427 4.4
      vertex 87.65 0 6.2
      vertex 87.65 0 4.4
    endloop
  endfacet
  facet normal -0.608753 0.79336 0
    outer loop
      vertex 39.65 2.33827 4.4
      vertex 39.0908 1.90919 6.2
      vertex 39.65 2.33827 6.2
    endloop
  endfacet
  facet normal -0.608753 0.79336 0
    outer loop
      vertex 39.0908 1.90919 6.2
      vertex 39.65 2.33827 4.4
      vertex 39.0908 1.90919 4.4
    endloop
  endfacet
  facet normal 0.555564 -0.831474 0
    outer loop
      vertex 86.6314 -1.5244 4.4
      vertex 87.1667 -1.16673 6.2
      vertex 86.6314 -1.5244 6.2
    endloop
  endfacet
  facet normal 0.555564 -0.831474 0
    outer loop
      vertex 87.1667 -1.16673 6.2
      vertex 86.6314 -1.5244 4.4
      vertex 87.1667 -1.16673 4.4
    endloop
  endfacet
  facet normal 0.023327 0.999728 -0
    outer loop
      vertex 86 1.65 4.4
      vertex 41 2.7 6.2
      vertex 86 1.65 6.2
    endloop
  endfacet
  facet normal 0.023327 0.999728 0
    outer loop
      vertex 41 2.7 6.2
      vertex 86 1.65 4.4
      vertex 41 2.7 4.4
    endloop
  endfacet
  facet normal -0.923895 -0.382646 0
    outer loop
      vertex 38.6617 -1.35 4.4
      vertex 38.392 -0.698811 6.2
      vertex 38.392 -0.698811 4.4
    endloop
  endfacet
  facet normal -0.923895 -0.382646 0
    outer loop
      vertex 38.392 -0.698811 6.2
      vertex 38.6617 -1.35 4.4
      vertex 38.6617 -1.35 6.2
    endloop
  endfacet
  facet normal 0.023327 -0.999728 0
    outer loop
      vertex 41 -2.7 4.4
      vertex 86 -1.65 6.2
      vertex 41 -2.7 6.2
    endloop
  endfacet
  facet normal 0.023327 -0.999728 0
    outer loop
      vertex 86 -1.65 6.2
      vertex 41 -2.7 4.4
      vertex 86 -1.65 4.4
    endloop
  endfacet
  facet normal -0.130528 0.991445 0
    outer loop
      vertex 41 2.7 4.4
      vertex 40.3012 2.608 6.2
      vertex 41 2.7 6.2
    endloop
  endfacet
  facet normal -0.130528 0.991445 0
    outer loop
      vertex 40.3012 2.608 6.2
      vertex 41 2.7 4.4
      vertex 40.3012 2.608 4.4
    endloop
  endfacet
  facet normal -0.793341 0.608778 0
    outer loop
      vertex 38.6617 1.35 4.4
      vertex 39.0908 1.90919 6.2
      vertex 39.0908 1.90919 4.4
    endloop
  endfacet
  facet normal -0.793341 0.608778 0
    outer loop
      vertex 39.0908 1.90919 6.2
      vertex 38.6617 1.35 4.4
      vertex 38.6617 1.35 6.2
    endloop
  endfacet
  facet normal -0.923895 0.382646 0
    outer loop
      vertex 38.392 0.698811 4.4
      vertex 38.6617 1.35 6.2
      vertex 38.6617 1.35 4.4
    endloop
  endfacet
  facet normal -0.923895 0.382646 0
    outer loop
      vertex 38.6617 1.35 6.2
      vertex 38.392 0.698811 4.4
      vertex 38.392 0.698811 6.2
    endloop
  endfacet
  facet normal -0.130528 -0.991445 0
    outer loop
      vertex 40.3012 -2.608 4.4
      vertex 41 -2.7 6.2
      vertex 40.3012 -2.608 6.2
    endloop
  endfacet
  facet normal -0.130528 -0.991445 -0
    outer loop
      vertex 41 -2.7 6.2
      vertex 40.3012 -2.608 4.4
      vertex 41 -2.7 4.4
    endloop
  endfacet
  facet normal -0.608753 -0.79336 0
    outer loop
      vertex 39.0908 -1.90919 4.4
      vertex 39.65 -2.33827 6.2
      vertex 39.0908 -1.90919 6.2
    endloop
  endfacet
  facet normal -0.608753 -0.79336 -0
    outer loop
      vertex 39.65 -2.33827 6.2
      vertex 39.0908 -1.90919 4.4
      vertex 39.65 -2.33827 4.4
    endloop
  endfacet
  facet normal 0.831454 -0.555594 0
    outer loop
      vertex 87.1667 -1.16673 6.2
      vertex 87.5244 -0.631427 4.4
      vertex 87.5244 -0.631427 6.2
    endloop
  endfacet
  facet normal 0.831454 -0.555594 0
    outer loop
      vertex 87.5244 -0.631427 4.4
      vertex 87.1667 -1.16673 6.2
      vertex 87.1667 -1.16673 4.4
    endloop
  endfacet
  facet normal -0.793341 -0.608778 0
    outer loop
      vertex 39.0908 -1.90919 4.4
      vertex 38.6617 -1.35 6.2
      vertex 38.6617 -1.35 4.4
    endloop
  endfacet
  facet normal -0.793341 -0.608778 0
    outer loop
      vertex 38.6617 -1.35 6.2
      vertex 39.0908 -1.90919 4.4
      vertex 39.0908 -1.90919 6.2
    endloop
  endfacet
  facet normal -0.991445 -0.130526 0
    outer loop
      vertex 38.392 -0.698811 4.4
      vertex 38.3 0 6.2
      vertex 38.3 0 4.4
    endloop
  endfacet
  facet normal -0.991445 -0.130526 0
    outer loop
      vertex 38.3 0 6.2
      vertex 38.392 -0.698811 4.4
      vertex 38.392 -0.698811 6.2
    endloop
  endfacet
  facet normal -0.382676 0.923882 0
    outer loop
      vertex 40.3012 2.608 4.4
      vertex 39.65 2.33827 6.2
      vertex 40.3012 2.608 6.2
    endloop
  endfacet
  facet normal -0.382676 0.923882 0
    outer loop
      vertex 39.65 2.33827 6.2
      vertex 40.3012 2.608 4.4
      vertex 39.65 2.33827 4.4
    endloop
  endfacet
  facet normal 0 0 1
    outer loop
      vertex 87.5244 0.631427 6.2
      vertex 87.5244 -0.631427 6.2
      vertex 87.65 0 6.2
    endloop
  endfacet
  facet normal 0 0 1
    outer loop
      vertex 87.1667 1.16673 6.2
      vertex 87.5244 -0.631427 6.2
      vertex 87.5244 0.631427 6.2
    endloop
  endfacet
  facet normal 0 0 1
    outer loop
      vertex 87.1667 1.16673 6.2
      vertex 87.1667 -1.16673 6.2
      vertex 87.5244 -0.631427 6.2
    endloop
  endfacet
  facet normal 0 0 1
    outer loop
      vertex 86.6314 1.5244 6.2
      vertex 87.1667 -1.16673 6.2
      vertex 87.1667 1.16673 6.2
    endloop
  endfacet
  facet normal 0 0 1
    outer loop
      vertex 86.6314 1.5244 6.2
      vertex 86.6314 -1.5244 6.2
      vertex 87.1667 -1.16673 6.2
    endloop
  endfacet
  facet normal 0 0 1
    outer loop
      vertex 86 1.65 6.2
      vertex 86.6314 -1.5244 6.2
      vertex 86.6314 1.5244 6.2
    endloop
  endfacet
  facet normal 0 0 1
    outer loop
      vertex 86 1.65 6.2
      vertex 86 -1.65 6.2
      vertex 86.6314 -1.5244 6.2
    endloop
  endfacet
  facet normal 0 0 1
    outer loop
      vertex 41 2.7 6.2
      vertex 86 -1.65 6.2
      vertex 86 1.65 6.2
    endloop
  endfacet
  facet normal 0 0 1
    outer loop
      vertex 41 2.7 6.2
      vertex 41 -2.7 6.2
      vertex 86 -1.65 6.2
    endloop
  endfacet
  facet normal -0 0 1
    outer loop
      vertex 40.3012 2.608 6.2
      vertex 41 -2.7 6.2
      vertex 41 2.7 6.2
    endloop
  endfacet
  facet normal 0 0 1
    outer loop
      vertex 40.3012 2.608 6.2
      vertex 40.3012 -2.608 6.2
      vertex 41 -2.7 6.2
    endloop
  endfacet
  facet normal -0 0 1
    outer loop
      vertex 39.65 2.33827 6.2
      vertex 40.3012 -2.608 6.2
      vertex 40.3012 2.608 6.2
    endloop
  endfacet
  facet normal 0 0 1
    outer loop
      vertex 39.65 2.33827 6.2
      vertex 39.65 -2.33827 6.2
      vertex 40.3012 -2.608 6.2
    endloop
  endfacet
  facet normal -0 0 1
    outer loop
      vertex 39.0908 1.90919 6.2
      vertex 39.65 -2.33827 6.2
      vertex 39.65 2.33827 6.2
    endloop
  endfacet
  facet normal 0 0 1
    outer loop
      vertex 39.0908 1.90919 6.2
      vertex 39.0908 -1.90919 6.2
      vertex 39.65 -2.33827 6.2
    endloop
  endfacet
  facet normal -0 0 1
    outer loop
      vertex 38.6617 1.35 6.2
      vertex 39.0908 -1.90919 6.2
      vertex 39.0908 1.90919 6.2
    endloop
  endfacet
  facet normal 0 0 1
    outer loop
      vertex 38.6617 1.35 6.2
      vertex 38.6617 -1.35 6.2
      vertex 39.0908 -1.90919 6.2
    endloop
  endfacet
  facet normal -0 0 1
    outer loop
      vertex 38.392 0.698811 6.2
      vertex 38.6617 -1.35 6.2
      vertex 38.6617 1.35 6.2
    endloop
  endfacet
  facet normal 0 0 1
    outer loop
      vertex 38.392 0.698811 6.2
      vertex 38.392 -0.698811 6.2
      vertex 38.6617 -1.35 6.2
    endloop
  endfacet
  facet normal 0 -0 1
    outer loop
      vertex 38.392 -0.698811 6.2
      vertex 38.392 0.698811 6.2
      vertex 38.3 0 6.2
    endloop
  endfacet
  facet normal 0.980785 -0.195092 0
    outer loop
      vertex 87.5244 -0.631427 6.2
      vertex 87.65 0 4.4
      vertex 87.65 0 6.2
    endloop
  endfacet
  facet normal 0.980785 -0.195092 0
    outer loop
      vertex 87.65 0 4.4
      vertex 87.5244 -0.631427 6.2
      vertex 87.5244 -0.631427 4.4
    endloop
  endfacet
  facet normal 0.1951 -0.980783 0
    outer loop
      vertex 86 -1.65 4.4
      vertex 86.6314 -1.5244 6.2
      vertex 86 -1.65 6.2
    endloop
  endfacet
  facet normal 0.1951 -0.980783 0
    outer loop
      vertex 86.6314 -1.5244 6.2
      vertex 86 -1.65 4.4
      vertex 86.6314 -1.5244 4.4
    endloop
  endfacet
  facet normal 0.1951 0.980783 -0
    outer loop
      vertex 86.6314 1.5244 4.4
      vertex 86 1.65 6.2
      vertex 86.6314 1.5244 6.2
    endloop
  endfacet
  facet normal 0.1951 0.980783 0
    outer loop
      vertex 86 1.65 6.2
      vertex 86.6314 1.5244 4.4
      vertex 86 1.65 4.4
    endloop
  endfacet
  facet normal 0.555564 0.831474 -0
    outer loop
      vertex 87.1667 1.16673 4.4
      vertex 86.6314 1.5244 6.2
      vertex 87.1667 1.16673 6.2
    endloop
  endfacet
  facet normal 0.555564 0.831474 0
    outer loop
      vertex 86.6314 1.5244 6.2
      vertex 87.1667 1.16673 4.4
      vertex 86.6314 1.5244 4.4
    endloop
  endfacet
  facet normal -0.382676 -0.923882 0
    outer loop
      vertex 39.65 -2.33827 4.4
      vertex 40.3012 -2.608 6.2
      vertex 39.65 -2.33827 6.2
    endloop
  endfacet
  facet normal -0.382676 -0.923882 -0
    outer loop
      vertex 40.3012 -2.608 6.2
      vertex 39.65 -2.33827 4.4
      vertex 40.3012 -2.608 4.4
    endloop
  endfacet
  facet normal -0.987693 -0.156403 0
    outer loop
      vertex -93.4266 -0.463525 2.2
      vertex -93.5 0 4.4
      vertex -93.5 0 2.2
    endloop
  endfacet
  facet normal -0.987693 -0.156403 0
    outer loop
      vertex -93.5 0 4.4
      vertex -93.4266 -0.463525 2.2
      vertex -93.4266 -0.463525 4.4
    endloop
  endfacet
  facet normal -0.139133 0.990274 0
    outer loop
      vertex -39.4079 8.88919 2.2
      vertex -92 1.5 4.4
      vertex -39.4079 8.88919 4.4
    endloop
  endfacet
  facet normal -0.139133 0.990274 0
    outer loop
      vertex -92 1.5 4.4
      vertex -39.4079 8.88919 2.2
      vertex -92 1.5 2.2
    endloop
  endfacet
  facet normal -0.0784632 -0.996917 0
    outer loop
      vertex -39.4079 -8.88919 2.2
      vertex -38 -9 4.4
      vertex -39.4079 -8.88919 4.4
    endloop
  endfacet
  facet normal -0.0784632 -0.996917 -0
    outer loop
      vertex -38 -9 4.4
      vertex -39.4079 -8.88919 2.2
      vertex -38 -9 2.2
    endloop
  endfacet
  facet normal -0.707152 -0.707062 0
    outer loop
      vertex -93.2135 -0.881678 2.2
      vertex -92.8817 -1.21352 4.4
      vertex -93.2135 -0.881678 4.4
    endloop
  endfacet
  facet normal -0.707152 -0.707062 -0
    outer loop
      vertex -92.8817 -1.21352 4.4
      vertex -93.2135 -0.881678 2.2
      vertex -92.8817 -1.21352 2.2
    endloop
  endfacet
  facet normal -0.139133 -0.990274 0
    outer loop
      vertex -92 -1.5 2.2
      vertex -39.4079 -8.88919 4.4
      vertex -92 -1.5 4.4
    endloop
  endfacet
  facet normal -0.139133 -0.990274 -0
    outer loop
      vertex -39.4079 -8.88919 4.4
      vertex -92 -1.5 2.2
      vertex -39.4079 -8.88919 2.2
    endloop
  endfacet
  facet normal -0.890972 0.454059 0
    outer loop
      vertex -93.4266 0.463525 2.2
      vertex -93.2135 0.881678 4.4
      vertex -93.2135 0.881678 2.2
    endloop
  endfacet
  facet normal -0.890972 0.454059 0
    outer loop
      vertex -93.2135 0.881678 4.4
      vertex -93.4266 0.463525 2.2
      vertex -93.4266 0.463525 4.4
    endloop
  endfacet
  facet normal -0.987693 0.156403 0
    outer loop
      vertex -93.5 0 2.2
      vertex -93.4266 0.463525 4.4
      vertex -93.4266 0.463525 2.2
    endloop
  endfacet
  facet normal -0.987693 0.156403 0
    outer loop
      vertex -93.4266 0.463525 4.4
      vertex -93.5 0 2.2
      vertex -93.5 0 4.4
    endloop
  endfacet
  facet normal 0.0784632 0.996917 -0
    outer loop
      vertex -36.5921 8.88919 2.2
      vertex -38 9 4.4
      vertex -36.5921 8.88919 4.4
    endloop
  endfacet
  facet normal 0.0784632 0.996917 0
    outer loop
      vertex -38 9 4.4
      vertex -36.5921 8.88919 2.2
      vertex -38 9 2.2
    endloop
  endfacet
  facet normal -0.156453 0.987685 0
    outer loop
      vertex -92 1.5 2.2
      vertex -92.4635 1.42658 4.4
      vertex -92 1.5 4.4
    endloop
  endfacet
  facet normal -0.156453 0.987685 0
    outer loop
      vertex -92.4635 1.42658 4.4
      vertex -92 1.5 2.2
      vertex -92.4635 1.42658 2.2
    endloop
  endfacet
  facet normal -0.0784632 0.996917 0
    outer loop
      vertex -38 9 2.2
      vertex -39.4079 8.88919 4.4
      vertex -38 9 4.4
    endloop
  endfacet
  facet normal -0.0784632 0.996917 0
    outer loop
      vertex -39.4079 8.88919 4.4
      vertex -38 9 2.2
      vertex -39.4079 8.88919 2.2
    endloop
  endfacet
  facet normal -0.453951 -0.891027 0
    outer loop
      vertex -92.8817 -1.21352 2.2
      vertex -92.4635 -1.42658 4.4
      vertex -92.8817 -1.21352 4.4
    endloop
  endfacet
  facet normal -0.453951 -0.891027 -0
    outer loop
      vertex -92.4635 -1.42658 4.4
      vertex -92.8817 -1.21352 2.2
      vertex -92.4635 -1.42658 2.2
    endloop
  endfacet
  facet normal -0.453951 0.891027 0
    outer loop
      vertex -92.4635 1.42658 2.2
      vertex -92.8817 1.21352 4.4
      vertex -92.4635 1.42658 4.4
    endloop
  endfacet
  facet normal -0.453951 0.891027 0
    outer loop
      vertex -92.8817 1.21352 4.4
      vertex -92.4635 1.42658 2.2
      vertex -92.8817 1.21352 2.2
    endloop
  endfacet
  facet normal -0.707152 0.707062 0
    outer loop
      vertex -92.8817 1.21352 2.2
      vertex -93.2135 0.881678 4.4
      vertex -92.8817 1.21352 4.4
    endloop
  endfacet
  facet normal -0.707152 0.707062 0
    outer loop
      vertex -93.2135 0.881678 4.4
      vertex -92.8817 1.21352 2.2
      vertex -93.2135 0.881678 2.2
    endloop
  endfacet
  facet normal 0.233435 0.972372 -0
    outer loop
      vertex -35.9417 8.73305 2.2
      vertex -36.5921 8.88919 4.4
      vertex -35.9417 8.73305 4.4
    endloop
  endfacet
  facet normal 0.233435 0.972372 0
    outer loop
      vertex -36.5921 8.88919 4.4
      vertex -35.9417 8.73305 2.2
      vertex -36.5921 8.88919 2.2
    endloop
  endfacet
  facet normal 0.0784632 -0.996917 0
    outer loop
      vertex -38 -9 2.2
      vertex -36.5921 -8.88919 4.4
      vertex -38 -9 4.4
    endloop
  endfacet
  facet normal 0.0784632 -0.996917 0
    outer loop
      vertex -36.5921 -8.88919 4.4
      vertex -38 -9 2.2
      vertex -36.5921 -8.88919 2.2
    endloop
  endfacet
  facet normal -0.156453 -0.987685 0
    outer loop
      vertex -92.4635 -1.42658 2.2
      vertex -92 -1.5 4.4
      vertex -92.4635 -1.42658 4.4
    endloop
  endfacet
  facet normal -0.156453 -0.987685 -0
    outer loop
      vertex -92 -1.5 4.4
      vertex -92.4635 -1.42658 2.2
      vertex -92 -1.5 2.2
    endloop
  endfacet
  facet normal -0.890972 -0.454059 0
    outer loop
      vertex -93.2135 -0.881678 2.2
      vertex -93.4266 -0.463525 4.4
      vertex -93.4266 -0.463525 2.2
    endloop
  endfacet
  facet normal -0.890972 -0.454059 0
    outer loop
      vertex -93.4266 -0.463525 4.4
      vertex -93.2135 -0.881678 2.2
      vertex -93.2135 -0.881678 4.4
    endloop
  endfacet
  facet normal 0.233435 -0.972372 0
    outer loop
      vertex -36.5921 -8.88919 2.2
      vertex -35.9417 -8.73305 4.4
      vertex -36.5921 -8.88919 4.4
    endloop
  endfacet
  facet normal 0.233435 -0.972372 0
    outer loop
      vertex -35.9417 -8.73305 4.4
      vertex -36.5921 -8.88919 2.2
      vertex -35.9417 -8.73305 2.2
    endloop
  endfacet
  facet normal 0 0 1
    outer loop
      vertex -36.5921 8.88919 4.4
      vertex -36.1915 7.69273 4.4
      vertex -35.9417 8.73305 4.4
    endloop
  endfacet
  facet normal 0 0 1
    outer loop
      vertex -38 9 4.4
      vertex -36.1915 7.69273 4.4
      vertex -36.5921 8.88919 4.4
    endloop
  endfacet
  facet normal 0 0 1
    outer loop
      vertex -36.1915 7.69273 4.4
      vertex -38 9 4.4
      vertex -36.5445 5.78807 4.4
    endloop
  endfacet
  facet normal -0 0 1
    outer loop
      vertex -39.4079 8.88919 4.4
      vertex -36.5445 5.78807 4.4
      vertex -38 9 4.4
    endloop
  endfacet
  facet normal 0 -0 1
    outer loop
      vertex -39.0908 1.90919 4.4
      vertex -36.7973 3.86755 4.4
      vertex -39.65 2.33827 4.4
    endloop
  endfacet
  facet normal 0 0 1
    outer loop
      vertex -40.3012 2.608 4.4
      vertex -36.5445 5.78807 4.4
      vertex -39.4079 8.88919 4.4
    endloop
  endfacet
  facet normal 0 0 1
    outer loop
      vertex -36.1915 -7.69273 4.4
      vertex -36.5921 -8.88919 4.4
      vertex -35.9417 -8.73305 4.4
    endloop
  endfacet
  facet normal 0 0 1
    outer loop
      vertex -38 -9 4.4
      vertex -36.1915 -7.69273 4.4
      vertex -36.5445 -5.78807 4.4
    endloop
  endfacet
  facet normal 0 0 1
    outer loop
      vertex -40.3012 -2.608 4.4
      vertex -36.5445 -5.78807 4.4
      vertex -36.7973 -3.86755 4.4
    endloop
  endfacet
  facet normal 0 0 1
    outer loop
      vertex -39.0908 -1.90919 4.4
      vertex -36.7973 -3.86755 4.4
      vertex -36.9493 -1.93643 4.4
    endloop
  endfacet
  facet normal 0 -0 1
    outer loop
      vertex -38.392 0.698811 4.4
      vertex -36.9493 1.93643 4.4
      vertex -38.6617 1.35 4.4
    endloop
  endfacet
  facet normal 0 -0 1
    outer loop
      vertex -38.3 0 4.4
      vertex -37 0 4.4
      vertex -38.392 0.698811 4.4
    endloop
  endfacet
  facet normal 0 0 1
    outer loop
      vertex -37 0 4.4
      vertex -38.392 -0.698811 4.4
      vertex -36.9493 -1.93643 4.4
    endloop
  endfacet
  facet normal -0 0 1
    outer loop
      vertex -38.6617 -1.35 4.4
      vertex -36.9493 -1.93643 4.4
      vertex -38.392 -0.698811 4.4
    endloop
  endfacet
  facet normal 0 0 1
    outer loop
      vertex -38.392 -0.698811 4.4
      vertex -37 0 4.4
      vertex -38.3 0 4.4
    endloop
  endfacet
  facet normal 0 0 1
    outer loop
      vertex -36.9493 1.93643 4.4
      vertex -38.392 0.698811 4.4
      vertex -37 0 4.4
    endloop
  endfacet
  facet normal 0 0 1
    outer loop
      vertex -36.9493 1.93643 4.4
      vertex -39.0908 1.90919 4.4
      vertex -38.6617 1.35 4.4
    endloop
  endfacet
  facet normal 0 0 1
    outer loop
      vertex -36.5445 5.78807 4.4
      vertex -40.3012 2.608 4.4
      vertex -36.7973 3.86755 4.4
    endloop
  endfacet
  facet normal 0 0 1
    outer loop
      vertex -36.7973 3.86755 4.4
      vertex -39.0908 1.90919 4.4
      vertex -36.9493 1.93643 4.4
    endloop
  endfacet
  facet normal 0 0 1
    outer loop
      vertex -36.7973 3.86755 4.4
      vertex -40.3012 2.608 4.4
      vertex -39.65 2.33827 4.4
    endloop
  endfacet
  facet normal 0 0 1
    outer loop
      vertex -39.4079 8.88919 4.4
      vertex -41 2.7 4.4
      vertex -40.3012 2.608 4.4
    endloop
  endfacet
  facet normal 0 0 1
    outer loop
      vertex -39.4079 8.88919 4.4
      vertex -86 1.65 4.4
      vertex -41 2.7 4.4
    endloop
  endfacet
  facet normal 0 0 1
    outer loop
      vertex -87.5244 0.631427 4.4
      vertex -92 1.5 4.4
      vertex -87.65 0 4.4
    endloop
  endfacet
  facet normal 0 0 1
    outer loop
      vertex -87.1667 1.16673 4.4
      vertex -92 1.5 4.4
      vertex -87.5244 0.631427 4.4
    endloop
  endfacet
  facet normal 0 0 1
    outer loop
      vertex -86.6314 1.5244 4.4
      vertex -92 1.5 4.4
      vertex -87.1667 1.16673 4.4
    endloop
  endfacet
  facet normal 0 0 1
    outer loop
      vertex -86 1.65 4.4
      vertex -92 1.5 4.4
      vertex -86.6314 1.5244 4.4
    endloop
  endfacet
  facet normal 0 0 1
    outer loop
      vertex -92 1.5 4.4
      vertex -86 1.65 4.4
      vertex -39.4079 8.88919 4.4
    endloop
  endfacet
  facet normal -0 0 1
    outer loop
      vertex -39.0908 -1.90919 4.4
      vertex -36.9493 -1.93643 4.4
      vertex -38.6617 -1.35 4.4
    endloop
  endfacet
  facet normal 0 0 1
    outer loop
      vertex -36.7973 -3.86755 4.4
      vertex -39.0908 -1.90919 4.4
      vertex -39.65 -2.33827 4.4
    endloop
  endfacet
  facet normal -0 0 1
    outer loop
      vertex -40.3012 -2.608 4.4
      vertex -36.7973 -3.86755 4.4
      vertex -39.65 -2.33827 4.4
    endloop
  endfacet
  facet normal 0 0 1
    outer loop
      vertex -36.1915 -7.69273 4.4
      vertex -38 -9 4.4
      vertex -36.5921 -8.88919 4.4
    endloop
  endfacet
  facet normal 0 0 1
    outer loop
      vertex -36.5445 -5.78807 4.4
      vertex -39.4079 -8.88919 4.4
      vertex -38 -9 4.4
    endloop
  endfacet
  facet normal 0 0 1
    outer loop
      vertex -36.5445 -5.78807 4.4
      vertex -40.3012 -2.608 4.4
      vertex -39.4079 -8.88919 4.4
    endloop
  endfacet
  facet normal -0 0 1
    outer loop
      vertex -41 -2.7 4.4
      vertex -39.4079 -8.88919 4.4
      vertex -40.3012 -2.608 4.4
    endloop
  endfacet
  facet normal 0 0 1
    outer loop
      vertex -86 -1.65 4.4
      vertex -39.4079 -8.88919 4.4
      vertex -41 -2.7 4.4
    endloop
  endfacet
  facet normal 0 0 1
    outer loop
      vertex -92 -1.5 4.4
      vertex -87.65 0 4.4
      vertex -92 1.5 4.4
    endloop
  endfacet
  facet normal 0 0 1
    outer loop
      vertex -87.65 0 4.4
      vertex -92 -1.5 4.4
      vertex -87.5244 -0.631427 4.4
    endloop
  endfacet
  facet normal 0 0 1
    outer loop
      vertex -87.5244 -0.631427 4.4
      vertex -92 -1.5 4.4
      vertex -87.1667 -1.16673 4.4
    endloop
  endfacet
  facet normal 0 0 1
    outer loop
      vertex -86 -1.65 4.4
      vertex -92 -1.5 4.4
      vertex -39.4079 -8.88919 4.4
    endloop
  endfacet
  facet normal 0 0 1
    outer loop
      vertex -86.6314 -1.5244 4.4
      vertex -92 -1.5 4.4
      vertex -86 -1.65 4.4
    endloop
  endfacet
  facet normal 0 0 1
    outer loop
      vertex -87.1667 -1.16673 4.4
      vertex -92 -1.5 4.4
      vertex -86.6314 -1.5244 4.4
    endloop
  endfacet
  facet normal -0 0 1
    outer loop
      vertex -92.4635 1.42658 4.4
      vertex -92 -1.5 4.4
      vertex -92 1.5 4.4
    endloop
  endfacet
  facet normal 0 0 1
    outer loop
      vertex -92.4635 1.42658 4.4
      vertex -92.4635 -1.42658 4.4
      vertex -92 -1.5 4.4
    endloop
  endfacet
  facet normal -0 0 1
    outer loop
      vertex -92.8817 1.21352 4.4
      vertex -92.4635 -1.42658 4.4
      vertex -92.4635 1.42658 4.4
    endloop
  endfacet
  facet normal 0 0 1
    outer loop
      vertex -92.8817 1.21352 4.4
      vertex -92.8817 -1.21352 4.4
      vertex -92.4635 -1.42658 4.4
    endloop
  endfacet
  facet normal -0 0 1
    outer loop
      vertex -93.2135 0.881678 4.4
      vertex -92.8817 -1.21352 4.4
      vertex -92.8817 1.21352 4.4
    endloop
  endfacet
  facet normal 0 0 1
    outer loop
      vertex -93.2135 0.881678 4.4
      vertex -93.2135 -0.881678 4.4
      vertex -92.8817 -1.21352 4.4
    endloop
  endfacet
  facet normal -0 0 1
    outer loop
      vertex -93.4266 0.463525 4.4
      vertex -93.2135 -0.881678 4.4
      vertex -93.2135 0.881678 4.4
    endloop
  endfacet
  facet normal 0 0 1
    outer loop
      vertex -93.4266 0.463525 4.4
      vertex -93.4266 -0.463525 4.4
      vertex -93.2135 -0.881678 4.4
    endloop
  endfacet
  facet normal 0 -0 1
    outer loop
      vertex -93.4266 -0.463525 4.4
      vertex -93.4266 0.463525 4.4
      vertex -93.5 0 4.4
    endloop
  endfacet
  facet normal 0.991445 -0.130526 0
    outer loop
      vertex -38.392 -0.698811 6.2
      vertex -38.3 0 4.4
      vertex -38.3 0 6.2
    endloop
  endfacet
  facet normal 0.991445 -0.130526 0
    outer loop
      vertex -38.3 0 4.4
      vertex -38.392 -0.698811 6.2
      vertex -38.392 -0.698811 4.4
    endloop
  endfacet
  facet normal -0.831454 -0.555594 0
    outer loop
      vertex -87.1667 -1.16673 4.4
      vertex -87.5244 -0.631427 6.2
      vertex -87.5244 -0.631427 4.4
    endloop
  endfacet
  facet normal -0.831454 -0.555594 0
    outer loop
      vertex -87.5244 -0.631427 6.2
      vertex -87.1667 -1.16673 4.4
      vertex -87.1667 -1.16673 6.2
    endloop
  endfacet
  facet normal -0.980785 -0.195092 0
    outer loop
      vertex -87.5244 -0.631427 4.4
      vertex -87.65 0 6.2
      vertex -87.65 0 4.4
    endloop
  endfacet
  facet normal -0.980785 -0.195092 0
    outer loop
      vertex -87.65 0 6.2
      vertex -87.5244 -0.631427 4.4
      vertex -87.5244 -0.631427 6.2
    endloop
  endfacet
  facet normal 0.608753 -0.79336 0
    outer loop
      vertex -39.65 -2.33827 4.4
      vertex -39.0908 -1.90919 6.2
      vertex -39.65 -2.33827 6.2
    endloop
  endfacet
  facet normal 0.608753 -0.79336 0
    outer loop
      vertex -39.0908 -1.90919 6.2
      vertex -39.65 -2.33827 4.4
      vertex -39.0908 -1.90919 4.4
    endloop
  endfacet
  facet normal -0.555564 0.831474 0
    outer loop
      vertex -86.6314 1.5244 4.4
      vertex -87.1667 1.16673 6.2
      vertex -86.6314 1.5244 6.2
    endloop
  endfacet
  facet normal -0.555564 0.831474 0
    outer loop
      vertex -87.1667 1.16673 6.2
      vertex -86.6314 1.5244 4.4
      vertex -87.1667 1.16673 4.4
    endloop
  endfacet
  facet normal -0.023327 -0.999728 0
    outer loop
      vertex -86 -1.65 4.4
      vertex -41 -2.7 6.2
      vertex -86 -1.65 6.2
    endloop
  endfacet
  facet normal -0.023327 -0.999728 -0
    outer loop
      vertex -41 -2.7 6.2
      vertex -86 -1.65 4.4
      vertex -41 -2.7 4.4
    endloop
  endfacet
  facet normal 0.923895 0.382646 0
    outer loop
      vertex -38.392 0.698811 6.2
      vertex -38.6617 1.35 4.4
      vertex -38.6617 1.35 6.2
    endloop
  endfacet
  facet normal 0.923895 0.382646 0
    outer loop
      vertex -38.6617 1.35 4.4
      vertex -38.392 0.698811 6.2
      vertex -38.392 0.698811 4.4
    endloop
  endfacet
  facet normal -0.023327 0.999728 0
    outer loop
      vertex -41 2.7 4.4
      vertex -86 1.65 6.2
      vertex -41 2.7 6.2
    endloop
  endfacet
  facet normal -0.023327 0.999728 0
    outer loop
      vertex -86 1.65 6.2
      vertex -41 2.7 4.4
      vertex -86 1.65 4.4
    endloop
  endfacet
  facet normal 0.130528 -0.991445 0
    outer loop
      vertex -41 -2.7 4.4
      vertex -40.3012 -2.608 6.2
      vertex -41 -2.7 6.2
    endloop
  endfacet
  facet normal 0.130528 -0.991445 0
    outer loop
      vertex -40.3012 -2.608 6.2
      vertex -41 -2.7 4.4
      vertex -40.3012 -2.608 4.4
    endloop
  endfacet
  facet normal 0.793341 -0.608778 0
    outer loop
      vertex -39.0908 -1.90919 6.2
      vertex -38.6617 -1.35 4.4
      vertex -38.6617 -1.35 6.2
    endloop
  endfacet
  facet normal 0.793341 -0.608778 0
    outer loop
      vertex -38.6617 -1.35 4.4
      vertex -39.0908 -1.90919 6.2
      vertex -39.0908 -1.90919 4.4
    endloop
  endfacet
  facet normal 0.923895 -0.382646 0
    outer loop
      vertex -38.6617 -1.35 6.2
      vertex -38.392 -0.698811 4.4
      vertex -38.392 -0.698811 6.2
    endloop
  endfacet
  facet normal 0.923895 -0.382646 0
    outer loop
      vertex -38.392 -0.698811 4.4
      vertex -38.6617 -1.35 6.2
      vertex -38.6617 -1.35 4.4
    endloop
  endfacet
  facet normal 0.130528 0.991445 -0
    outer loop
      vertex -40.3012 2.608 4.4
      vertex -41 2.7 6.2
      vertex -40.3012 2.608 6.2
    endloop
  endfacet
  facet normal 0.130528 0.991445 0
    outer loop
      vertex -41 2.7 6.2
      vertex -40.3012 2.608 4.4
      vertex -41 2.7 4.4
    endloop
  endfacet
  facet normal 0.608753 0.79336 -0
    outer loop
      vertex -39.0908 1.90919 4.4
      vertex -39.65 2.33827 6.2
      vertex -39.0908 1.90919 6.2
    endloop
  endfacet
  facet normal 0.608753 0.79336 0
    outer loop
      vertex -39.65 2.33827 6.2
      vertex -39.0908 1.90919 4.4
      vertex -39.65 2.33827 4.4
    endloop
  endfacet
  facet normal -0.831454 0.555594 0
    outer loop
      vertex -87.5244 0.631427 4.4
      vertex -87.1667 1.16673 6.2
      vertex -87.1667 1.16673 4.4
    endloop
  endfacet
  facet normal -0.831454 0.555594 0
    outer loop
      vertex -87.1667 1.16673 6.2
      vertex -87.5244 0.631427 4.4
      vertex -87.5244 0.631427 6.2
    endloop
  endfacet
  facet normal 0.793341 0.608778 0
    outer loop
      vertex -38.6617 1.35 6.2
      vertex -39.0908 1.90919 4.4
      vertex -39.0908 1.90919 6.2
    endloop
  endfacet
  facet normal 0.793341 0.608778 0
    outer loop
      vertex -39.0908 1.90919 4.4
      vertex -38.6617 1.35 6.2
      vertex -38.6617 1.35 4.4
    endloop
  endfacet
  facet normal 0.991445 0.130526 0
    outer loop
      vertex -38.3 0 6.2
      vertex -38.392 0.698811 4.4
      vertex -38.392 0.698811 6.2
    endloop
  endfacet
  facet normal 0.991445 0.130526 0
    outer loop
      vertex -38.392 0.698811 4.4
      vertex -38.3 0 6.2
      vertex -38.3 0 4.4
    endloop
  endfacet
  facet normal 0.382676 -0.923882 0
    outer loop
      vertex -40.3012 -2.608 4.4
      vertex -39.65 -2.33827 6.2
      vertex -40.3012 -2.608 6.2
    endloop
  endfacet
  facet normal 0.382676 -0.923882 0
    outer loop
      vertex -39.65 -2.33827 6.2
      vertex -40.3012 -2.608 4.4
      vertex -39.65 -2.33827 4.4
    endloop
  endfacet
  facet normal 0 0 1
    outer loop
      vertex -38.392 0.698811 6.2
      vertex -38.392 -0.698811 6.2
      vertex -38.3 0 6.2
    endloop
  endfacet
  facet normal 0 0 1
    outer loop
      vertex -38.6617 1.35 6.2
      vertex -38.392 -0.698811 6.2
      vertex -38.392 0.698811 6.2
    endloop
  endfacet
  facet normal 0 0 1
    outer loop
      vertex -38.6617 1.35 6.2
      vertex -38.6617 -1.35 6.2
      vertex -38.392 -0.698811 6.2
    endloop
  endfacet
  facet normal 0 0 1
    outer loop
      vertex -39.0908 1.90919 6.2
      vertex -38.6617 -1.35 6.2
      vertex -38.6617 1.35 6.2
    endloop
  endfacet
  facet normal 0 0 1
    outer loop
      vertex -39.0908 1.90919 6.2
      vertex -39.0908 -1.90919 6.2
      vertex -38.6617 -1.35 6.2
    endloop
  endfacet
  facet normal 0 0 1
    outer loop
      vertex -39.65 2.33827 6.2
      vertex -39.0908 -1.90919 6.2
      vertex -39.0908 1.90919 6.2
    endloop
  endfacet
  facet normal 0 0 1
    outer loop
      vertex -39.65 2.33827 6.2
      vertex -39.65 -2.33827 6.2
      vertex -39.0908 -1.90919 6.2
    endloop
  endfacet
  facet normal 0 0 1
    outer loop
      vertex -40.3012 2.608 6.2
      vertex -39.65 -2.33827 6.2
      vertex -39.65 2.33827 6.2
    endloop
  endfacet
  facet normal 0 0 1
    outer loop
      vertex -40.3012 2.608 6.2
      vertex -40.3012 -2.608 6.2
      vertex -39.65 -2.33827 6.2
    endloop
  endfacet
  facet normal 0 0 1
    outer loop
      vertex -41 2.7 6.2
      vertex -40.3012 -2.608 6.2
      vertex -40.3012 2.608 6.2
    endloop
  endfacet
  facet normal 0 0 1
    outer loop
      vertex -41 2.7 6.2
      vertex -41 -2.7 6.2
      vertex -40.3012 -2.608 6.2
    endloop
  endfacet
  facet normal -0 0 1
    outer loop
      vertex -86 1.65 6.2
      vertex -41 -2.7 6.2
      vertex -41 2.7 6.2
    endloop
  endfacet
  facet normal 0 0 1
    outer loop
      vertex -86 1.65 6.2
      vertex -86 -1.65 6.2
      vertex -41 -2.7 6.2
    endloop
  endfacet
  facet normal -0 0 1
    outer loop
      vertex -86.6314 1.5244 6.2
      vertex -86 -1.65 6.2
      vertex -86 1.65 6.2
    endloop
  endfacet
  facet normal 0 0 1
    outer loop
      vertex -86.6314 1.5244 6.2
      vertex -86.6314 -1.5244 6.2
      vertex -86 -1.65 6.2
    endloop
  endfacet
  facet normal -0 0 1
    outer loop
      vertex -87.1667 1.16673 6.2
      vertex -86.6314 -1.5244 6.2
      vertex -86.6314 1.5244 6.2
    endloop
  endfacet
  facet normal 0 0 1
    outer loop
      vertex -87.1667 1.16673 6.2
      vertex -87.1667 -1.16673 6.2
      vertex -86.6314 -1.5244 6.2
    endloop
  endfacet
  facet normal -0 0 1
    outer loop
      vertex -87.5244 0.631427 6.2
      vertex -87.1667 -1.16673 6.2
      vertex -87.1667 1.16673 6.2
    endloop
  endfacet
  facet normal 0 0 1
    outer loop
      vertex -87.5244 0.631427 6.2
      vertex -87.5244 -0.631427 6.2
      vertex -87.1667 -1.16673 6.2
    endloop
  endfacet
  facet normal 0 -0 1
    outer loop
      vertex -87.5244 -0.631427 6.2
      vertex -87.5244 0.631427 6.2
      vertex -87.65 0 6.2
    endloop
  endfacet
  facet normal -0.980785 0.195092 0
    outer loop
      vertex -87.65 0 4.4
      vertex -87.5244 0.631427 6.2
      vertex -87.5244 0.631427 4.4
    endloop
  endfacet
  facet normal -0.980785 0.195092 0
    outer loop
      vertex -87.5244 0.631427 6.2
      vertex -87.65 0 4.4
      vertex -87.65 0 6.2
    endloop
  endfacet
  facet normal -0.1951 0.980783 0
    outer loop
      vertex -86 1.65 4.4
      vertex -86.6314 1.5244 6.2
      vertex -86 1.65 6.2
    endloop
  endfacet
  facet normal -0.1951 0.980783 0
    outer loop
      vertex -86.6314 1.5244 6.2
      vertex -86 1.65 4.4
      vertex -86.6314 1.5244 4.4
    endloop
  endfacet
  facet normal -0.1951 -0.980783 0
    outer loop
      vertex -86.6314 -1.5244 4.4
      vertex -86 -1.65 6.2
      vertex -86.6314 -1.5244 6.2
    endloop
  endfacet
  facet normal -0.1951 -0.980783 -0
    outer loop
      vertex -86 -1.65 6.2
      vertex -86.6314 -1.5244 4.4
      vertex -86 -1.65 4.4
    endloop
  endfacet
  facet normal -0.555564 -0.831474 0
    outer loop
      vertex -87.1667 -1.16673 4.4
      vertex -86.6314 -1.5244 6.2
      vertex -87.1667 -1.16673 6.2
    endloop
  endfacet
  facet normal -0.555564 -0.831474 -0
    outer loop
      vertex -86.6314 -1.5244 6.2
      vertex -87.1667 -1.16673 4.4
      vertex -86.6314 -1.5244 4.4
    endloop
  endfacet
  facet normal 0.382676 0.923882 -0
    outer loop
      vertex -39.65 2.33827 4.4
      vertex -40.3012 2.608 6.2
      vertex -39.65 2.33827 6.2
    endloop
  endfacet
  facet normal 0.382676 0.923882 0
    outer loop
      vertex -40.3012 2.608 6.2
      vertex -39.65 2.33827 4.4
      vertex -40.3012 2.608 4.4
    endloop
  endfacet
  facet normal 0 1 -0
    outer loop
      vertex 3.4 41.2 2.2
      vertex 1 41.2 11.7
      vertex 3.4 41.2 11.7
    endloop
  endfacet
  facet normal 0 1 0
    outer loop
      vertex 1 41.2 11.7
      vertex 3.4 41.2 2.2
      vertex 1 41.2 2.2
    endloop
  endfacet
  facet normal -0 0 1
    outer loop
      vertex 1 42.8 14.2
      vertex 3.4 39 14.2
      vertex 3.4 42.8 14.2
    endloop
  endfacet
  facet normal 0 0 1
    outer loop
      vertex 3.4 39 14.2
      vertex 1 42.8 14.2
      vertex 1 39 14.2
    endloop
  endfacet
  facet normal 0 0 -1
    outer loop
      vertex 1 39 2.2
      vertex 3.4 41.2 2.2
      vertex 3.4 39 2.2
    endloop
  endfacet
  facet normal -0 0 -1
    outer loop
      vertex 3.4 41.2 2.2
      vertex 1 39 2.2
      vertex 1 41.2 2.2
    endloop
  endfacet
  facet normal 0 -1 0
    outer loop
      vertex 1 39 2.2
      vertex 3.4 39 14.2
      vertex 1 39 14.2
    endloop
  endfacet
  facet normal 0 -1 -0
    outer loop
      vertex 3.4 39 14.2
      vertex 1 39 2.2
      vertex 3.4 39 2.2
    endloop
  endfacet
  facet normal -1 0 0
    outer loop
      vertex 1 41.2 2.2
      vertex 1 39 2.2
      vertex 1 41.2 11.7
    endloop
  endfacet
  facet normal -1 0 0
    outer loop
      vertex 1 41.2 11.7
      vertex 1 39 14.2
      vertex 1 42.8 14.2
    endloop
  endfacet
  facet normal -1 0 0
    outer loop
      vertex 1 39 14.2
      vertex 1 41.2 11.7
      vertex 1 39 2.2
    endloop
  endfacet
  facet normal 1 -0 0
    outer loop
      vertex 3.4 39 14.2
      vertex 3.4 41.2 11.7
      vertex 3.4 42.8 14.2
    endloop
  endfacet
  facet normal 1 0 0
    outer loop
      vertex 3.4 39 2.2
      vertex 3.4 41.2 11.7
      vertex 3.4 39 14.2
    endloop
  endfacet
  facet normal 1 0 0
    outer loop
      vertex 3.4 41.2 11.7
      vertex 3.4 39 2.2
      vertex 3.4 41.2 2.2
    endloop
  endfacet
  facet normal 0 0.842271 -0.539054
    outer loop
      vertex 3.4 41.2 11.7
      vertex 1 42.8 14.2
      vertex 3.4 42.8 14.2
    endloop
  endfacet
  facet normal 0 0.842271 -0.539054
    outer loop
      vertex 1 42.8 14.2
      vertex 3.4 41.2 11.7
      vertex 1 41.2 11.7
    endloop
  endfacet
  facet normal 0 1 -0
    outer loop
      vertex -1 41.2 2.2
      vertex -3.4 41.2 11.7
      vertex -1 41.2 11.7
    endloop
  endfacet
  facet normal 0 1 0
    outer loop
      vertex -3.4 41.2 11.7
      vertex -1 41.2 2.2
      vertex -3.4 41.2 2.2
    endloop
  endfacet
  facet normal -0 0 1
    outer loop
      vertex -3.4 42.8 14.2
      vertex -1 39 14.2
      vertex -1 42.8 14.2
    endloop
  endfacet
  facet normal 0 0 1
    outer loop
      vertex -1 39 14.2
      vertex -3.4 42.8 14.2
      vertex -3.4 39 14.2
    endloop
  endfacet
  facet normal 0 0 -1
    outer loop
      vertex -3.4 39 2.2
      vertex -1 41.2 2.2
      vertex -1 39 2.2
    endloop
  endfacet
  facet normal -0 0 -1
    outer loop
      vertex -1 41.2 2.2
      vertex -3.4 39 2.2
      vertex -3.4 41.2 2.2
    endloop
  endfacet
  facet normal 0 -1 0
    outer loop
      vertex -3.4 39 2.2
      vertex -1 39 14.2
      vertex -3.4 39 14.2
    endloop
  endfacet
  facet normal 0 -1 -0
    outer loop
      vertex -1 39 14.2
      vertex -3.4 39 2.2
      vertex -1 39 2.2
    endloop
  endfacet
  facet normal -1 0 0
    outer loop
      vertex -3.4 41.2 2.2
      vertex -3.4 39 2.2
      vertex -3.4 41.2 11.7
    endloop
  endfacet
  facet normal -1 0 0
    outer loop
      vertex -3.4 41.2 11.7
      vertex -3.4 39 14.2
      vertex -3.4 42.8 14.2
    endloop
  endfacet
  facet normal -1 0 0
    outer loop
      vertex -3.4 39 14.2
      vertex -3.4 41.2 11.7
      vertex -3.4 39 2.2
    endloop
  endfacet
  facet normal 1 -0 0
    outer loop
      vertex -1 39 14.2
      vertex -1 41.2 11.7
      vertex -1 42.8 14.2
    endloop
  endfacet
  facet normal 1 0 0
    outer loop
      vertex -1 39 2.2
      vertex -1 41.2 11.7
      vertex -1 39 14.2
    endloop
  endfacet
  facet normal 1 0 0
    outer loop
      vertex -1 41.2 11.7
      vertex -1 39 2.2
      vertex -1 41.2 2.2
    endloop
  endfacet
  facet normal 0 0.842271 -0.539054
    outer loop
      vertex -1 41.2 11.7
      vertex -3.4 42.8 14.2
      vertex -1 42.8 14.2
    endloop
  endfacet
  facet normal 0 0.842271 -0.539054
    outer loop
      vertex -3.4 42.8 14.2
      vertex -1 41.2 11.7
      vertex -3.4 41.2 11.7
    endloop
  endfacet
  facet normal 0 -1 0
    outer loop
      vertex -3.4 -41.2 2.2
      vertex -1 -41.2 11.7
      vertex -3.4 -41.2 11.7
    endloop
  endfacet
  facet normal 0 -1 -0
    outer loop
      vertex -1 -41.2 11.7
      vertex -3.4 -41.2 2.2
      vertex -1 -41.2 2.2
    endloop
  endfacet
  facet normal -0 0 1
    outer loop
      vertex -3.4 -39 14.2
      vertex -1 -42.8 14.2
      vertex -1 -39 14.2
    endloop
  endfacet
  facet normal 0 0 1
    outer loop
      vertex -1 -42.8 14.2
      vertex -3.4 -39 14.2
      vertex -3.4 -42.8 14.2
    endloop
  endfacet
  facet normal 0 0 -1
    outer loop
      vertex -3.4 -41.2 2.2
      vertex -1 -39 2.2
      vertex -1 -41.2 2.2
    endloop
  endfacet
  facet normal -0 0 -1
    outer loop
      vertex -1 -39 2.2
      vertex -3.4 -41.2 2.2
      vertex -3.4 -39 2.2
    endloop
  endfacet
  facet normal 0 1 -0
    outer loop
      vertex -1 -39 2.2
      vertex -3.4 -39 14.2
      vertex -1 -39 14.2
    endloop
  endfacet
  facet normal 0 1 0
    outer loop
      vertex -3.4 -39 14.2
      vertex -1 -39 2.2
      vertex -3.4 -39 2.2
    endloop
  endfacet
  facet normal 1 0 0
    outer loop
      vertex -1 -39 14.2
      vertex -1 -41.2 11.7
      vertex -1 -39 2.2
    endloop
  endfacet
  facet normal 1 0 -0
    outer loop
      vertex -1 -41.2 11.7
      vertex -1 -39 14.2
      vertex -1 -42.8 14.2
    endloop
  endfacet
  facet normal 1 0 0
    outer loop
      vertex -1 -39 2.2
      vertex -1 -41.2 11.7
      vertex -1 -41.2 2.2
    endloop
  endfacet
  facet normal -1 0 0
    outer loop
      vertex -3.4 -41.2 11.7
      vertex -3.4 -39 2.2
      vertex -3.4 -41.2 2.2
    endloop
  endfacet
  facet normal -1 0 0
    outer loop
      vertex -3.4 -39 2.2
      vertex -3.4 -41.2 11.7
      vertex -3.4 -39 14.2
    endloop
  endfacet
  facet normal -1 -0 0
    outer loop
      vertex -3.4 -39 14.2
      vertex -3.4 -41.2 11.7
      vertex -3.4 -42.8 14.2
    endloop
  endfacet
  facet normal 0 -0.842271 -0.539054
    outer loop
      vertex -3.4 -41.2 11.7
      vertex -1 -42.8 14.2
      vertex -3.4 -42.8 14.2
    endloop
  endfacet
  facet normal 0 -0.842271 -0.539054
    outer loop
      vertex -1 -42.8 14.2
      vertex -3.4 -41.2 11.7
      vertex -1 -41.2 11.7
    endloop
  endfacet
  facet normal 0 -1 0
    outer loop
      vertex 1 -41.2 2.2
      vertex 3.4 -41.2 11.7
      vertex 1 -41.2 11.7
    endloop
  endfacet
  facet normal 0 -1 -0
    outer loop
      vertex 3.4 -41.2 11.7
      vertex 1 -41.2 2.2
      vertex 3.4 -41.2 2.2
    endloop
  endfacet
  facet normal -0 0 1
    outer loop
      vertex 1 -39 14.2
      vertex 3.4 -42.8 14.2
      vertex 3.4 -39 14.2
    endloop
  endfacet
  facet normal 0 0 1
    outer loop
      vertex 3.4 -42.8 14.2
      vertex 1 -39 14.2
      vertex 1 -42.8 14.2
    endloop
  endfacet
  facet normal 0 0 -1
    outer loop
      vertex 1 -41.2 2.2
      vertex 3.4 -39 2.2
      vertex 3.4 -41.2 2.2
    endloop
  endfacet
  facet normal -0 0 -1
    outer loop
      vertex 3.4 -39 2.2
      vertex 1 -41.2 2.2
      vertex 1 -39 2.2
    endloop
  endfacet
  facet normal 0 1 -0
    outer loop
      vertex 3.4 -39 2.2
      vertex 1 -39 14.2
      vertex 3.4 -39 14.2
    endloop
  endfacet
  facet normal 0 1 0
    outer loop
      vertex 1 -39 14.2
      vertex 3.4 -39 2.2
      vertex 1 -39 2.2
    endloop
  endfacet
  facet normal 1 0 0
    outer loop
      vertex 3.4 -39 14.2
      vertex 3.4 -41.2 11.7
      vertex 3.4 -39 2.2
    endloop
  endfacet
  facet normal 1 0 -0
    outer loop
      vertex 3.4 -41.2 11.7
      vertex 3.4 -39 14.2
      vertex 3.4 -42.8 14.2
    endloop
  endfacet
  facet normal 1 0 0
    outer loop
      vertex 3.4 -39 2.2
      vertex 3.4 -41.2 11.7
      vertex 3.4 -41.2 2.2
    endloop
  endfacet
  facet normal -1 0 0
    outer loop
      vertex 1 -41.2 11.7
      vertex 1 -39 2.2
      vertex 1 -41.2 2.2
    endloop
  endfacet
  facet normal -1 0 0
    outer loop
      vertex 1 -39 2.2
      vertex 1 -41.2 11.7
      vertex 1 -39 14.2
    endloop
  endfacet
  facet normal -1 -0 0
    outer loop
      vertex 1 -39 14.2
      vertex 1 -41.2 11.7
      vertex 1 -42.8 14.2
    endloop
  endfacet
  facet normal 0 -0.842271 -0.539054
    outer loop
      vertex 1 -41.2 11.7
      vertex 3.4 -42.8 14.2
      vertex 1 -42.8 14.2
    endloop
  endfacet
  facet normal 0 -0.842271 -0.539054
    outer loop
      vertex 3.4 -42.8 14.2
      vertex 1 -41.2 11.7
      vertex 3.4 -41.2 11.7
    endloop
  endfacet
  facet normal -0.824151 -0.566371 0
    outer loop
      vertex 45.6773 1.08928 2.2
      vertex 45.618 1.17557 4.5
      vertex 45.618 1.17557 2.2
    endloop
  endfacet
  facet normal -0.824151 -0.566371 0
    outer loop
      vertex 45.618 1.17557 4.5
      vertex 45.6773 1.08928 2.2
      vertex 45.6773 1.08928 4.5
    endloop
  endfacet
  facet normal -0.824151 -0.566371 0
    outer loop
      vertex 45.6773 1.08928 0
      vertex 45.618 1.17557 2.2
      vertex 45.618 1.17557 0
    endloop
  endfacet
  facet normal -0.824151 -0.566371 0
    outer loop
      vertex 45.618 1.17557 2.2
      vertex 45.6773 1.08928 0
      vertex 45.6773 1.08928 2.2
    endloop
  endfacet
  facet normal 0.609073 0.793114 -0
    outer loop
      vertex 42.8244 -1.61803 2.2
      vertex 42.7414 -1.55429 4.5
      vertex 42.8244 -1.61803 4.5
    endloop
  endfacet
  facet normal 0.609073 0.793114 0
    outer loop
      vertex 42.7414 -1.55429 4.5
      vertex 42.8244 -1.61803 2.2
      vertex 42.7414 -1.55429 2.2
    endloop
  endfacet
  facet normal 0.609073 0.793114 -0
    outer loop
      vertex 42.8244 -1.61803 0
      vertex 42.7414 -1.55429 2.2
      vertex 42.8244 -1.61803 2.2
    endloop
  endfacet
  facet normal 0.609073 0.793114 0
    outer loop
      vertex 42.7414 -1.55429 2.2
      vertex 42.8244 -1.61803 0
      vertex 42.7414 -1.55429 0
    endloop
  endfacet
  facet normal 0.879066 0.476699 0
    outer loop
      vertex 42.2679 -1 4.5
      vertex 42.218 -0.907981 2.2
      vertex 42.218 -0.907981 4.5
    endloop
  endfacet
  facet normal 0.879066 0.476699 0
    outer loop
      vertex 42.218 -0.907981 2.2
      vertex 42.2679 -1 4.5
      vertex 42.2679 -1 2.2
    endloop
  endfacet
  facet normal 0.879066 0.476699 0
    outer loop
      vertex 42.2679 -1 2.2
      vertex 42.218 -0.907981 0
      vertex 42.218 -0.907981 2.2
    endloop
  endfacet
  facet normal 0.879066 0.476699 0
    outer loop
      vertex 42.218 -0.907981 0
      vertex 42.2679 -1 2.2
      vertex 42.2679 -1 0
    endloop
  endfacet
  facet normal -0.130474 0.991452 0
    outer loop
      vertex 44.3129 -1.97538 2.2
      vertex 44.2091 -1.98904 4.5
      vertex 44.3129 -1.97538 4.5
    endloop
  endfacet
  facet normal -0.130474 0.991452 0
    outer loop
      vertex 44.2091 -1.98904 4.5
      vertex 44.3129 -1.97538 2.2
      vertex 44.2091 -1.98904 2.2
    endloop
  endfacet
  facet normal -0.130474 0.991452 0
    outer loop
      vertex 44.3129 -1.97538 0
      vertex 44.2091 -1.98904 2.2
      vertex 44.3129 -1.97538 2.2
    endloop
  endfacet
  facet normal -0.130474 0.991452 0
    outer loop
      vertex 44.2091 -1.98904 2.2
      vertex 44.3129 -1.97538 0
      vertex 44.2091 -1.98904 0
    endloop
  endfacet
  facet normal -0.130474 -0.991452 0
    outer loop
      vertex 44.2091 1.98904 2.2
      vertex 44.3129 1.97538 4.5
      vertex 44.2091 1.98904 4.5
    endloop
  endfacet
  facet normal -0.130474 -0.991452 -0
    outer loop
      vertex 44.3129 1.97538 4.5
      vertex 44.2091 1.98904 2.2
      vertex 44.3129 1.97538 2.2
    endloop
  endfacet
  facet normal -0.130474 -0.991452 0
    outer loop
      vertex 44.2091 1.98904 0
      vertex 44.3129 1.97538 2.2
      vertex 44.2091 1.98904 2.2
    endloop
  endfacet
  facet normal -0.130474 -0.991452 -0
    outer loop
      vertex 44.3129 1.97538 2.2
      vertex 44.2091 1.98904 0
      vertex 44.3129 1.97538 0
    endloop
  endfacet
  facet normal -0.923777 -0.38293 0
    outer loop
      vertex 45.8672 0.716736 2.2
      vertex 45.8271 0.813473 4.5
      vertex 45.8271 0.813473 2.2
    endloop
  endfacet
  facet normal -0.923777 -0.38293 0
    outer loop
      vertex 45.8271 0.813473 4.5
      vertex 45.8672 0.716736 2.2
      vertex 45.8672 0.716736 4.5
    endloop
  endfacet
  facet normal -0.923777 -0.38293 0
    outer loop
      vertex 45.8672 0.716736 0
      vertex 45.8271 0.813473 2.2
      vertex 45.8271 0.813473 0
    endloop
  endfacet
  facet normal -0.923777 -0.38293 0
    outer loop
      vertex 45.8271 0.813473 2.2
      vertex 45.8672 0.716736 0
      vertex 45.8672 0.716736 2.2
    endloop
  endfacet
  facet normal -0.996854 -0.0792624 0
    outer loop
      vertex 45.9973 0.104671 2.2
      vertex 45.989 0.209057 4.5
      vertex 45.989 0.209057 2.2
    endloop
  endfacet
  facet normal -0.996854 -0.0792624 0
    outer loop
      vertex 45.989 0.209057 4.5
      vertex 45.9973 0.104671 2.2
      vertex 45.9973 0.104671 4.5
    endloop
  endfacet
  facet normal -0.996854 -0.0792624 0
    outer loop
      vertex 45.9973 0.104671 0
      vertex 45.989 0.209057 2.2
      vertex 45.989 0.209057 0
    endloop
  endfacet
  facet normal -0.996854 -0.0792624 0
    outer loop
      vertex 45.989 0.209057 2.2
      vertex 45.9973 0.104671 0
      vertex 45.9973 0.104671 2.2
    endloop
  endfacet
  facet normal -0.95866 -0.284554 0
    outer loop
      vertex 45.9319 0.517637 2.2
      vertex 45.9021 0.618033 4.5
      vertex 45.9021 0.618033 2.2
    endloop
  endfacet
  facet normal -0.95866 -0.284554 0
    outer loop
      vertex 45.9021 0.618033 4.5
      vertex 45.9319 0.517637 2.2
      vertex 45.9319 0.517637 4.5
    endloop
  endfacet
  facet normal -0.95866 -0.284554 0
    outer loop
      vertex 45.9319 0.517637 0
      vertex 45.9021 0.618033 2.2
      vertex 45.9021 0.618033 0
    endloop
  endfacet
  facet normal -0.95866 -0.284554 0
    outer loop
      vertex 45.9021 0.618033 2.2
      vertex 45.9319 0.517637 0
      vertex 45.9319 0.517637 2.2
    endloop
  endfacet
  facet normal -0.609073 0.793114 0
    outer loop
      vertex 45.2586 -1.55429 2.2
      vertex 45.1756 -1.61803 4.5
      vertex 45.2586 -1.55429 4.5
    endloop
  endfacet
  facet normal -0.609073 0.793114 0
    outer loop
      vertex 45.1756 -1.61803 4.5
      vertex 45.2586 -1.55429 2.2
      vertex 45.1756 -1.61803 2.2
    endloop
  endfacet
  facet normal -0.609073 0.793114 0
    outer loop
      vertex 45.2586 -1.55429 0
      vertex 45.1756 -1.61803 2.2
      vertex 45.2586 -1.55429 2.2
    endloop
  endfacet
  facet normal -0.609073 0.793114 0
    outer loop
      vertex 45.1756 -1.61803 2.2
      vertex 45.2586 -1.55429 0
      vertex 45.1756 -1.61803 0
    endloop
  endfacet
  facet normal 0.991527 0.129897 0
    outer loop
      vertex 42.0246 -0.312868 4.5
      vertex 42.011 -0.209057 2.2
      vertex 42.011 -0.209057 4.5
    endloop
  endfacet
  facet normal 0.991527 0.129897 0
    outer loop
      vertex 42.011 -0.209057 2.2
      vertex 42.0246 -0.312868 4.5
      vertex 42.0246 -0.312868 2.2
    endloop
  endfacet
  facet normal 0.991527 0.129897 0
    outer loop
      vertex 42.0246 -0.312868 2.2
      vertex 42.011 -0.209057 0
      vertex 42.011 -0.209057 2.2
    endloop
  endfacet
  facet normal 0.991527 0.129897 0
    outer loop
      vertex 42.011 -0.209057 0
      vertex 42.0246 -0.312868 2.2
      vertex 42.0246 -0.312868 0
    endloop
  endfacet
  facet normal -0.983223 -0.182406 0
    outer loop
      vertex 45.9754 0.312868 2.2
      vertex 45.9563 0.415823 4.5
      vertex 45.9563 0.415823 2.2
    endloop
  endfacet
  facet normal -0.983223 -0.182406 0
    outer loop
      vertex 45.9563 0.415823 4.5
      vertex 45.9754 0.312868 2.2
      vertex 45.9754 0.312868 4.5
    endloop
  endfacet
  facet normal -0.983223 -0.182406 0
    outer loop
      vertex 45.9754 0.312868 0
      vertex 45.9563 0.415823 2.2
      vertex 45.9563 0.415823 0
    endloop
  endfacet
  facet normal -0.983223 -0.182406 0
    outer loop
      vertex 45.9563 0.415823 2.2
      vertex 45.9754 0.312868 0
      vertex 45.9754 0.312868 2.2
    endloop
  endfacet
  facet normal -0.688624 -0.725119 0
    outer loop
      vertex 45.3383 1.48629 2.2
      vertex 45.4142 1.41421 4.5
      vertex 45.3383 1.48629 4.5
    endloop
  endfacet
  facet normal -0.688624 -0.725119 -0
    outer loop
      vertex 45.4142 1.41421 4.5
      vertex 45.3383 1.48629 2.2
      vertex 45.4142 1.41421 2.2
    endloop
  endfacet
  facet normal -0.688624 -0.725119 0
    outer loop
      vertex 45.3383 1.48629 0
      vertex 45.4142 1.41421 2.2
      vertex 45.3383 1.48629 2.2
    endloop
  endfacet
  facet normal -0.688624 -0.725119 -0
    outer loop
      vertex 45.4142 1.41421 2.2
      vertex 45.3383 1.48629 0
      vertex 45.4142 1.41421 0
    endloop
  endfacet
  facet normal -0.333794 0.942646 0
    outer loop
      vertex 44.7167 -1.86716 2.2
      vertex 44.618 -1.90211 4.5
      vertex 44.7167 -1.86716 4.5
    endloop
  endfacet
  facet normal -0.333794 0.942646 0
    outer loop
      vertex 44.618 -1.90211 4.5
      vertex 44.7167 -1.86716 2.2
      vertex 44.618 -1.90211 2.2
    endloop
  endfacet
  facet normal -0.333794 0.942646 0
    outer loop
      vertex 44.7167 -1.86716 0
      vertex 44.618 -1.90211 2.2
      vertex 44.7167 -1.86716 2.2
    endloop
  endfacet
  facet normal -0.333794 0.942646 0
    outer loop
      vertex 44.618 -1.90211 2.2
      vertex 44.7167 -1.86716 0
      vertex 44.618 -1.90211 0
    endloop
  endfacet
  facet normal -0.999667 0.0257865 0
    outer loop
      vertex 45.9973 -0.104671 2.2
      vertex 46 0 4.5
      vertex 46 0 2.2
    endloop
  endfacet
  facet normal -0.999667 0.0257865 0
    outer loop
      vertex 46 0 4.5
      vertex 45.9973 -0.104671 2.2
      vertex 45.9973 -0.104671 4.5
    endloop
  endfacet
  facet normal -0.999667 0.0257865 0
    outer loop
      vertex 45.9973 -0.104671 0
      vertex 46 0 2.2
      vertex 46 0 0
    endloop
  endfacet
  facet normal -0.999667 0.0257865 0
    outer loop
      vertex 46 0 2.2
      vertex 45.9973 -0.104671 0
      vertex 45.9973 -0.104671 2.2
    endloop
  endfacet
  facet normal 0.923777 0.38293 0
    outer loop
      vertex 42.1729 -0.813473 4.5
      vertex 42.1328 -0.716736 2.2
      vertex 42.1328 -0.716736 4.5
    endloop
  endfacet
  facet normal 0.923777 0.38293 0
    outer loop
      vertex 42.1328 -0.716736 2.2
      vertex 42.1729 -0.813473 4.5
      vertex 42.1729 -0.813473 2.2
    endloop
  endfacet
  facet normal 0.923777 0.38293 0
    outer loop
      vertex 42.1729 -0.813473 2.2
      vertex 42.1328 -0.716736 0
      vertex 42.1328 -0.716736 2.2
    endloop
  endfacet
  facet normal 0.923777 0.38293 0
    outer loop
      vertex 42.1328 -0.716736 0
      vertex 42.1729 -0.813473 2.2
      vertex 42.1729 -0.813473 0
    endloop
  endfacet
  facet normal -0.522408 -0.852696 0
    outer loop
      vertex 45 1.73205 2.2
      vertex 45.0893 1.67734 4.5
      vertex 45 1.73205 4.5
    endloop
  endfacet
  facet normal -0.522408 -0.852696 -0
    outer loop
      vertex 45.0893 1.67734 4.5
      vertex 45 1.73205 2.2
      vertex 45.0893 1.67734 2.2
    endloop
  endfacet
  facet normal -0.522408 -0.852696 0
    outer loop
      vertex 45 1.73205 0
      vertex 45.0893 1.67734 2.2
      vertex 45 1.73205 2.2
    endloop
  endfacet
  facet normal -0.522408 -0.852696 -0
    outer loop
      vertex 45.0893 1.67734 2.2
      vertex 45 1.73205 0
      vertex 45.0893 1.67734 0
    endloop
  endfacet
  facet normal -0.72525 0.688486 0
    outer loop
      vertex 45.4142 -1.41421 2.2
      vertex 45.4863 -1.33826 4.5
      vertex 45.4863 -1.33826 2.2
    endloop
  endfacet
  facet normal -0.72525 0.688486 0
    outer loop
      vertex 45.4863 -1.33826 4.5
      vertex 45.4142 -1.41421 2.2
      vertex 45.4142 -1.41421 4.5
    endloop
  endfacet
  facet normal -0.72525 0.688486 0
    outer loop
      vertex 45.4142 -1.41421 0
      vertex 45.4863 -1.33826 2.2
      vertex 45.4863 -1.33826 0
    endloop
  endfacet
  facet normal -0.72525 0.688486 0
    outer loop
      vertex 45.4863 -1.33826 2.2
      vertex 45.4142 -1.41421 0
      vertex 45.4142 -1.41421 2.2
    endloop
  endfacet
  facet normal -0.902504 -0.430682 0
    outer loop
      vertex 45.8271 0.813473 2.2
      vertex 45.782 0.907981 4.5
      vertex 45.782 0.907981 2.2
    endloop
  endfacet
  facet normal -0.902504 -0.430682 0
    outer loop
      vertex 45.782 0.907981 4.5
      vertex 45.8271 0.813473 2.2
      vertex 45.8271 0.813473 4.5
    endloop
  endfacet
  facet normal -0.902504 -0.430682 0
    outer loop
      vertex 45.8271 0.813473 0
      vertex 45.782 0.907981 2.2
      vertex 45.782 0.907981 0
    endloop
  endfacet
  facet normal -0.902504 -0.430682 0
    outer loop
      vertex 45.782 0.907981 2.2
      vertex 45.8271 0.813473 0
      vertex 45.8271 0.813473 2.2
    endloop
  endfacet
  facet normal -0.64906 -0.760737 0
    outer loop
      vertex 45.2586 1.55429 2.2
      vertex 45.3383 1.48629 4.5
      vertex 45.2586 1.55429 4.5
    endloop
  endfacet
  facet normal -0.64906 -0.760737 -0
    outer loop
      vertex 45.3383 1.48629 4.5
      vertex 45.2586 1.55429 2.2
      vertex 45.3383 1.48629 2.2
    endloop
  endfacet
  facet normal -0.64906 -0.760737 0
    outer loop
      vertex 45.2586 1.55429 0
      vertex 45.3383 1.48629 2.2
      vertex 45.2586 1.55429 2.2
    endloop
  endfacet
  facet normal -0.64906 -0.760737 -0
    outer loop
      vertex 45.3383 1.48629 2.2
      vertex 45.2586 1.55429 0
      vertex 45.3383 1.48629 0
    endloop
  endfacet
  facet normal -0.566391 -0.824137 0
    outer loop
      vertex 45.0893 1.67734 2.2
      vertex 45.1756 1.61803 4.5
      vertex 45.0893 1.67734 4.5
    endloop
  endfacet
  facet normal -0.566391 -0.824137 -0
    outer loop
      vertex 45.1756 1.61803 4.5
      vertex 45.0893 1.67734 2.2
      vertex 45.1756 1.61803 2.2
    endloop
  endfacet
  facet normal -0.566391 -0.824137 0
    outer loop
      vertex 45.0893 1.67734 0
      vertex 45.1756 1.61803 2.2
      vertex 45.0893 1.67734 2.2
    endloop
  endfacet
  facet normal -0.566391 -0.824137 -0
    outer loop
      vertex 45.1756 1.61803 2.2
      vertex 45.0893 1.67734 0
      vertex 45.1756 1.61803 0
    endloop
  endfacet
  facet normal 0.688624 0.725119 -0
    outer loop
      vertex 42.6617 -1.48629 2.2
      vertex 42.5858 -1.41421 4.5
      vertex 42.6617 -1.48629 4.5
    endloop
  endfacet
  facet normal 0.688624 0.725119 0
    outer loop
      vertex 42.5858 -1.41421 4.5
      vertex 42.6617 -1.48629 2.2
      vertex 42.5858 -1.41421 2.2
    endloop
  endfacet
  facet normal 0.688624 0.725119 -0
    outer loop
      vertex 42.6617 -1.48629 0
      vertex 42.5858 -1.41421 2.2
      vertex 42.6617 -1.48629 2.2
    endloop
  endfacet
  facet normal 0.688624 0.725119 0
    outer loop
      vertex 42.5858 -1.41421 2.2
      vertex 42.6617 -1.48629 0
      vertex 42.5858 -1.41421 0
    endloop
  endfacet
  facet normal -0.878666 0.477437 0
    outer loop
      vertex 45.732 -1 2.2
      vertex 45.782 -0.907981 4.5
      vertex 45.782 -0.907981 2.2
    endloop
  endfacet
  facet normal -0.878666 0.477437 0
    outer loop
      vertex 45.782 -0.907981 4.5
      vertex 45.732 -1 2.2
      vertex 45.732 -1 4.5
    endloop
  endfacet
  facet normal -0.878666 0.477437 0
    outer loop
      vertex 45.732 -1 0
      vertex 45.782 -0.907981 2.2
      vertex 45.782 -0.907981 0
    endloop
  endfacet
  facet normal -0.878666 0.477437 0
    outer loop
      vertex 45.782 -0.907981 2.2
      vertex 45.732 -1 0
      vertex 45.732 -1 2.2
    endloop
  endfacet
  facet normal -0.760415 0.649438 0
    outer loop
      vertex 45.4863 -1.33826 2.2
      vertex 45.5543 -1.25864 4.5
      vertex 45.5543 -1.25864 2.2
    endloop
  endfacet
  facet normal -0.760415 0.649438 0
    outer loop
      vertex 45.5543 -1.25864 4.5
      vertex 45.4863 -1.33826 2.2
      vertex 45.4863 -1.33826 4.5
    endloop
  endfacet
  facet normal -0.760415 0.649438 0
    outer loop
      vertex 45.4863 -1.33826 0
      vertex 45.5543 -1.25864 2.2
      vertex 45.5543 -1.25864 0
    endloop
  endfacet
  facet normal -0.760415 0.649438 0
    outer loop
      vertex 45.5543 -1.25864 2.2
      vertex 45.4863 -1.33826 0
      vertex 45.4863 -1.33826 2.2
    endloop
  endfacet
  facet normal 0.0261611 0.999658 -0
    outer loop
      vertex 44 -2 2.2
      vertex 43.8953 -1.99726 4.5
      vertex 44 -2 4.5
    endloop
  endfacet
  facet normal 0.0261611 0.999658 0
    outer loop
      vertex 43.8953 -1.99726 4.5
      vertex 44 -2 2.2
      vertex 43.8953 -1.99726 2.2
    endloop
  endfacet
  facet normal 0.0261611 0.999658 -0
    outer loop
      vertex 44 -2 0
      vertex 43.8953 -1.99726 2.2
      vertex 44 -2 2.2
    endloop
  endfacet
  facet normal 0.0261611 0.999658 0
    outer loop
      vertex 43.8953 -1.99726 2.2
      vertex 44 -2 0
      vertex 43.8953 -1.99726 0
    endloop
  endfacet
  facet normal -0.972464 -0.233054 0
    outer loop
      vertex 45.9563 0.415823 2.2
      vertex 45.9319 0.517637 4.5
      vertex 45.9319 0.517637 2.2
    endloop
  endfacet
  facet normal -0.972464 -0.233054 0
    outer loop
      vertex 45.9319 0.517637 4.5
      vertex 45.9563 0.415823 2.2
      vertex 45.9563 0.415823 4.5
    endloop
  endfacet
  facet normal -0.972464 -0.233054 0
    outer loop
      vertex 45.9563 0.415823 0
      vertex 45.9319 0.517637 2.2
      vertex 45.9319 0.517637 0
    endloop
  endfacet
  facet normal -0.972464 -0.233054 0
    outer loop
      vertex 45.9319 0.517637 2.2
      vertex 45.9563 0.415823 0
      vertex 45.9563 0.415823 2.2
    endloop
  endfacet
  facet normal 0.64906 -0.760737 0
    outer loop
      vertex 42.6617 1.48629 2.2
      vertex 42.7414 1.55429 4.5
      vertex 42.6617 1.48629 4.5
    endloop
  endfacet
  facet normal 0.64906 -0.760737 0
    outer loop
      vertex 42.7414 1.55429 4.5
      vertex 42.6617 1.48629 2.2
      vertex 42.7414 1.55429 2.2
    endloop
  endfacet
  facet normal 0.64906 -0.760737 0
    outer loop
      vertex 42.6617 1.48629 0
      vertex 42.7414 1.55429 2.2
      vertex 42.6617 1.48629 2.2
    endloop
  endfacet
  facet normal 0.64906 -0.760737 0
    outer loop
      vertex 42.7414 1.55429 2.2
      vertex 42.6617 1.48629 0
      vertex 42.7414 1.55429 0
    endloop
  endfacet
  facet normal 0.95866 -0.284554 0
    outer loop
      vertex 42.0681 0.517637 4.5
      vertex 42.0979 0.618033 2.2
      vertex 42.0979 0.618033 4.5
    endloop
  endfacet
  facet normal 0.95866 -0.284554 0
    outer loop
      vertex 42.0979 0.618033 2.2
      vertex 42.0681 0.517637 4.5
      vertex 42.0681 0.517637 2.2
    endloop
  endfacet
  facet normal 0.95866 -0.284554 0
    outer loop
      vertex 42.0681 0.517637 2.2
      vertex 42.0979 0.618033 0
      vertex 42.0979 0.618033 2.2
    endloop
  endfacet
  facet normal 0.95866 -0.284554 0
    outer loop
      vertex 42.0979 0.618033 0
      vertex 42.0681 0.517637 2.2
      vertex 42.0681 0.517637 0
    endloop
  endfacet
  facet normal -0.999667 -0.0257865 0
    outer loop
      vertex 46 0 2.2
      vertex 45.9973 0.104671 4.5
      vertex 45.9973 0.104671 2.2
    endloop
  endfacet
  facet normal -0.999667 -0.0257865 0
    outer loop
      vertex 45.9973 0.104671 4.5
      vertex 46 0 2.2
      vertex 46 0 4.5
    endloop
  endfacet
  facet normal -0.999667 -0.0257865 0
    outer loop
      vertex 46 0 0
      vertex 45.9973 0.104671 2.2
      vertex 45.9973 0.104671 0
    endloop
  endfacet
  facet normal -0.999667 -0.0257865 0
    outer loop
      vertex 45.9973 0.104671 2.2
      vertex 46 0 0
      vertex 46 0 2.2
    endloop
  endfacet
  facet normal -0.233536 0.972348 0
    outer loop
      vertex 44.5176 -1.93185 2.2
      vertex 44.4158 -1.9563 4.5
      vertex 44.5176 -1.93185 4.5
    endloop
  endfacet
  facet normal -0.233536 0.972348 0
    outer loop
      vertex 44.4158 -1.9563 4.5
      vertex 44.5176 -1.93185 2.2
      vertex 44.4158 -1.9563 2.2
    endloop
  endfacet
  facet normal -0.233536 0.972348 0
    outer loop
      vertex 44.5176 -1.93185 0
      vertex 44.4158 -1.9563 2.2
      vertex 44.5176 -1.93185 2.2
    endloop
  endfacet
  facet normal -0.233536 0.972348 0
    outer loop
      vertex 44.4158 -1.9563 2.2
      vertex 44.5176 -1.93185 0
      vertex 44.4158 -1.9563 0
    endloop
  endfacet
  facet normal 0.430556 0.902564 -0
    outer loop
      vertex 43.1865 -1.82709 2.2
      vertex 43.092 -1.78201 4.5
      vertex 43.1865 -1.82709 4.5
    endloop
  endfacet
  facet normal 0.430556 0.902564 0
    outer loop
      vertex 43.092 -1.78201 4.5
      vertex 43.1865 -1.82709 2.2
      vertex 43.092 -1.78201 2.2
    endloop
  endfacet
  facet normal 0.430556 0.902564 -0
    outer loop
      vertex 43.1865 -1.82709 0
      vertex 43.092 -1.78201 2.2
      vertex 43.1865 -1.82709 2.2
    endloop
  endfacet
  facet normal 0.430556 0.902564 0
    outer loop
      vertex 43.092 -1.78201 2.2
      vertex 43.1865 -1.82709 0
      vertex 43.092 -1.78201 0
    endloop
  endfacet
  facet normal 0.760415 0.649438 0
    outer loop
      vertex 42.5137 -1.33826 4.5
      vertex 42.4457 -1.25864 2.2
      vertex 42.4457 -1.25864 4.5
    endloop
  endfacet
  facet normal 0.760415 0.649438 0
    outer loop
      vertex 42.4457 -1.25864 2.2
      vertex 42.5137 -1.33826 4.5
      vertex 42.5137 -1.33826 2.2
    endloop
  endfacet
  facet normal 0.760415 0.649438 0
    outer loop
      vertex 42.5137 -1.33826 2.2
      vertex 42.4457 -1.25864 0
      vertex 42.4457 -1.25864 2.2
    endloop
  endfacet
  facet normal 0.760415 0.649438 0
    outer loop
      vertex 42.4457 -1.25864 0
      vertex 42.5137 -1.33826 2.2
      vertex 42.5137 -1.33826 0
    endloop
  endfacet
  facet normal -0.991527 -0.129897 0
    outer loop
      vertex 45.989 0.209057 2.2
      vertex 45.9754 0.312868 4.5
      vertex 45.9754 0.312868 2.2
    endloop
  endfacet
  facet normal -0.991527 -0.129897 0
    outer loop
      vertex 45.9754 0.312868 4.5
      vertex 45.989 0.209057 2.2
      vertex 45.989 0.209057 4.5
    endloop
  endfacet
  facet normal -0.991527 -0.129897 0
    outer loop
      vertex 45.989 0.209057 0
      vertex 45.9754 0.312868 2.2
      vertex 45.9754 0.312868 0
    endloop
  endfacet
  facet normal -0.991527 -0.129897 0
    outer loop
      vertex 45.9754 0.312868 2.2
      vertex 45.989 0.209057 0
      vertex 45.989 0.209057 2.2
    endloop
  endfacet
  facet normal -0.72525 -0.688486 0
    outer loop
      vertex 45.4863 1.33826 2.2
      vertex 45.4142 1.41421 4.5
      vertex 45.4142 1.41421 2.2
    endloop
  endfacet
  facet normal -0.72525 -0.688486 0
    outer loop
      vertex 45.4142 1.41421 4.5
      vertex 45.4863 1.33826 2.2
      vertex 45.4863 1.33826 4.5
    endloop
  endfacet
  facet normal -0.72525 -0.688486 0
    outer loop
      vertex 45.4863 1.33826 0
      vertex 45.4142 1.41421 2.2
      vertex 45.4142 1.41421 0
    endloop
  endfacet
  facet normal -0.72525 -0.688486 0
    outer loop
      vertex 45.4142 1.41421 2.2
      vertex 45.4863 1.33826 0
      vertex 45.4863 1.33826 2.2
    endloop
  endfacet
  facet normal -0.991527 0.129897 0
    outer loop
      vertex 45.9754 -0.312868 2.2
      vertex 45.989 -0.209057 4.5
      vertex 45.989 -0.209057 2.2
    endloop
  endfacet
  facet normal -0.991527 0.129897 0
    outer loop
      vertex 45.989 -0.209057 4.5
      vertex 45.9754 -0.312868 2.2
      vertex 45.9754 -0.312868 4.5
    endloop
  endfacet
  facet normal -0.991527 0.129897 0
    outer loop
      vertex 45.9754 -0.312868 0
      vertex 45.989 -0.209057 2.2
      vertex 45.989 -0.209057 0
    endloop
  endfacet
  facet normal -0.991527 0.129897 0
    outer loop
      vertex 45.989 -0.209057 2.2
      vertex 45.9754 -0.312868 0
      vertex 45.9754 -0.312868 2.2
    endloop
  endfacet
  facet normal 0.0784927 0.996915 -0
    outer loop
      vertex 43.8953 -1.99726 2.2
      vertex 43.7909 -1.98904 4.5
      vertex 43.8953 -1.99726 4.5
    endloop
  endfacet
  facet normal 0.0784927 0.996915 0
    outer loop
      vertex 43.7909 -1.98904 4.5
      vertex 43.8953 -1.99726 2.2
      vertex 43.7909 -1.98904 2.2
    endloop
  endfacet
  facet normal 0.0784927 0.996915 -0
    outer loop
      vertex 43.8953 -1.99726 0
      vertex 43.7909 -1.98904 2.2
      vertex 43.8953 -1.99726 2.2
    endloop
  endfacet
  facet normal 0.0784927 0.996915 0
    outer loop
      vertex 43.7909 -1.98904 2.2
      vertex 43.8953 -1.99726 0
      vertex 43.7909 -1.98904 0
    endloop
  endfacet
  facet normal 0.942799 0.333361 0
    outer loop
      vertex 42.1328 -0.716736 4.5
      vertex 42.0979 -0.618033 2.2
      vertex 42.0979 -0.618033 4.5
    endloop
  endfacet
  facet normal 0.942799 0.333361 0
    outer loop
      vertex 42.0979 -0.618033 2.2
      vertex 42.1328 -0.716736 4.5
      vertex 42.1328 -0.716736 2.2
    endloop
  endfacet
  facet normal 0.942799 0.333361 0
    outer loop
      vertex 42.1328 -0.716736 2.2
      vertex 42.0979 -0.618033 0
      vertex 42.0979 -0.618033 2.2
    endloop
  endfacet
  facet normal 0.942799 0.333361 0
    outer loop
      vertex 42.0979 -0.618033 0
      vertex 42.1328 -0.716736 2.2
      vertex 42.1328 -0.716736 0
    endloop
  endfacet
  facet normal 0.824151 -0.566371 0
    outer loop
      vertex 42.3227 1.08928 4.5
      vertex 42.382 1.17557 2.2
      vertex 42.382 1.17557 4.5
    endloop
  endfacet
  facet normal 0.824151 -0.566371 0
    outer loop
      vertex 42.382 1.17557 2.2
      vertex 42.3227 1.08928 4.5
      vertex 42.3227 1.08928 2.2
    endloop
  endfacet
  facet normal 0.824151 -0.566371 0
    outer loop
      vertex 42.3227 1.08928 2.2
      vertex 42.382 1.17557 0
      vertex 42.382 1.17557 2.2
    endloop
  endfacet
  facet normal 0.824151 -0.566371 0
    outer loop
      vertex 42.382 1.17557 0
      vertex 42.3227 1.08928 2.2
      vertex 42.3227 1.08928 0
    endloop
  endfacet
  facet normal 0.64906 0.760737 -0
    outer loop
      vertex 42.7414 -1.55429 2.2
      vertex 42.6617 -1.48629 4.5
      vertex 42.7414 -1.55429 4.5
    endloop
  endfacet
  facet normal 0.64906 0.760737 0
    outer loop
      vertex 42.6617 -1.48629 4.5
      vertex 42.7414 -1.55429 2.2
      vertex 42.6617 -1.48629 2.2
    endloop
  endfacet
  facet normal 0.64906 0.760737 -0
    outer loop
      vertex 42.7414 -1.55429 0
      vertex 42.6617 -1.48629 2.2
      vertex 42.7414 -1.55429 2.2
    endloop
  endfacet
  facet normal 0.64906 0.760737 0
    outer loop
      vertex 42.6617 -1.48629 2.2
      vertex 42.7414 -1.55429 0
      vertex 42.6617 -1.48629 0
    endloop
  endfacet
  facet normal -0.284017 -0.958819 0
    outer loop
      vertex 44.5176 1.93185 2.2
      vertex 44.618 1.90211 4.5
      vertex 44.5176 1.93185 4.5
    endloop
  endfacet
  facet normal -0.284017 -0.958819 -0
    outer loop
      vertex 44.618 1.90211 4.5
      vertex 44.5176 1.93185 2.2
      vertex 44.618 1.90211 2.2
    endloop
  endfacet
  facet normal -0.284017 -0.958819 0
    outer loop
      vertex 44.5176 1.93185 0
      vertex 44.618 1.90211 2.2
      vertex 44.5176 1.93185 2.2
    endloop
  endfacet
  facet normal -0.284017 -0.958819 -0
    outer loop
      vertex 44.618 1.90211 2.2
      vertex 44.5176 1.93185 0
      vertex 44.618 1.90211 0
    endloop
  endfacet
  facet normal -0.878666 -0.477437 0
    outer loop
      vertex 45.782 0.907981 2.2
      vertex 45.732 1 4.5
      vertex 45.732 1 2.2
    endloop
  endfacet
  facet normal -0.878666 -0.477437 0
    outer loop
      vertex 45.732 1 4.5
      vertex 45.782 0.907981 2.2
      vertex 45.782 0.907981 4.5
    endloop
  endfacet
  facet normal -0.878666 -0.477437 0
    outer loop
      vertex 45.782 0.907981 0
      vertex 45.732 1 2.2
      vertex 45.732 1 0
    endloop
  endfacet
  facet normal -0.878666 -0.477437 0
    outer loop
      vertex 45.732 1 2.2
      vertex 45.782 0.907981 0
      vertex 45.782 0.907981 2.2
    endloop
  endfacet
  facet normal -0.902504 0.430682 0
    outer loop
      vertex 45.782 -0.907981 2.2
      vertex 45.8271 -0.813473 4.5
      vertex 45.8271 -0.813473 2.2
    endloop
  endfacet
  facet normal -0.902504 0.430682 0
    outer loop
      vertex 45.8271 -0.813473 4.5
      vertex 45.782 -0.907981 2.2
      vertex 45.782 -0.907981 4.5
    endloop
  endfacet
  facet normal -0.902504 0.430682 0
    outer loop
      vertex 45.782 -0.907981 0
      vertex 45.8271 -0.813473 2.2
      vertex 45.8271 -0.813473 0
    endloop
  endfacet
  facet normal -0.902504 0.430682 0
    outer loop
      vertex 45.8271 -0.813473 2.2
      vertex 45.782 -0.907981 0
      vertex 45.782 -0.907981 2.2
    endloop
  endfacet
  facet normal 0.996854 -0.0792624 0
    outer loop
      vertex 42.0027 0.104671 4.5
      vertex 42.011 0.209057 2.2
      vertex 42.011 0.209057 4.5
    endloop
  endfacet
  facet normal 0.996854 -0.0792624 0
    outer loop
      vertex 42.011 0.209057 2.2
      vertex 42.0027 0.104671 4.5
      vertex 42.0027 0.104671 2.2
    endloop
  endfacet
  facet normal 0.996854 -0.0792624 0
    outer loop
      vertex 42.0027 0.104671 2.2
      vertex 42.011 0.209057 0
      vertex 42.011 0.209057 2.2
    endloop
  endfacet
  facet normal 0.996854 -0.0792624 0
    outer loop
      vertex 42.011 0.209057 0
      vertex 42.0027 0.104671 2.2
      vertex 42.0027 0.104671 0
    endloop
  endfacet
  facet normal -0.477218 -0.878785 0
    outer loop
      vertex 44.908 1.78201 2.2
      vertex 45 1.73205 4.5
      vertex 44.908 1.78201 4.5
    endloop
  endfacet
  facet normal -0.477218 -0.878785 -0
    outer loop
      vertex 45 1.73205 4.5
      vertex 44.908 1.78201 2.2
      vertex 45 1.73205 2.2
    endloop
  endfacet
  facet normal -0.477218 -0.878785 0
    outer loop
      vertex 44.908 1.78201 0
      vertex 45 1.73205 2.2
      vertex 44.908 1.78201 2.2
    endloop
  endfacet
  facet normal -0.477218 -0.878785 -0
    outer loop
      vertex 45 1.73205 2.2
      vertex 44.908 1.78201 0
      vertex 45 1.73205 0
    endloop
  endfacet
  facet normal 0.902504 -0.430682 0
    outer loop
      vertex 42.1729 0.813473 4.5
      vertex 42.218 0.907981 2.2
      vertex 42.218 0.907981 4.5
    endloop
  endfacet
  facet normal 0.902504 -0.430682 0
    outer loop
      vertex 42.218 0.907981 2.2
      vertex 42.1729 0.813473 4.5
      vertex 42.1729 0.813473 2.2
    endloop
  endfacet
  facet normal 0.902504 -0.430682 0
    outer loop
      vertex 42.1729 0.813473 2.2
      vertex 42.218 0.907981 0
      vertex 42.218 0.907981 2.2
    endloop
  endfacet
  facet normal 0.902504 -0.430682 0
    outer loop
      vertex 42.218 0.907981 0
      vertex 42.1729 0.813473 2.2
      vertex 42.1729 0.813473 0
    endloop
  endfacet
  facet normal 0.879066 -0.476699 0
    outer loop
      vertex 42.218 0.907981 4.5
      vertex 42.2679 1 2.2
      vertex 42.2679 1 4.5
    endloop
  endfacet
  facet normal 0.879066 -0.476699 0
    outer loop
      vertex 42.2679 1 2.2
      vertex 42.218 0.907981 4.5
      vertex 42.218 0.907981 2.2
    endloop
  endfacet
  facet normal 0.879066 -0.476699 0
    outer loop
      vertex 42.218 0.907981 2.2
      vertex 42.2679 1 0
      vertex 42.2679 1 2.2
    endloop
  endfacet
  facet normal 0.879066 -0.476699 0
    outer loop
      vertex 42.2679 1 0
      vertex 42.218 0.907981 2.2
      vertex 42.218 0.907981 0
    endloop
  endfacet
  facet normal 0.477218 0.878785 -0
    outer loop
      vertex 43.092 -1.78201 2.2
      vertex 43 -1.73205 4.5
      vertex 43.092 -1.78201 4.5
    endloop
  endfacet
  facet normal 0.477218 0.878785 0
    outer loop
      vertex 43 -1.73205 4.5
      vertex 43.092 -1.78201 2.2
      vertex 43 -1.73205 2.2
    endloop
  endfacet
  facet normal 0.477218 0.878785 -0
    outer loop
      vertex 43.092 -1.78201 0
      vertex 43 -1.73205 2.2
      vertex 43.092 -1.78201 2.2
    endloop
  endfacet
  facet normal 0.477218 0.878785 0
    outer loop
      vertex 43 -1.73205 2.2
      vertex 43.092 -1.78201 0
      vertex 43 -1.73205 0
    endloop
  endfacet
  facet normal -0.760415 -0.649438 0
    outer loop
      vertex 45.5543 1.25864 2.2
      vertex 45.4863 1.33826 4.5
      vertex 45.4863 1.33826 2.2
    endloop
  endfacet
  facet normal -0.760415 -0.649438 0
    outer loop
      vertex 45.4863 1.33826 4.5
      vertex 45.5543 1.25864 2.2
      vertex 45.5543 1.25864 4.5
    endloop
  endfacet
  facet normal -0.760415 -0.649438 0
    outer loop
      vertex 45.5543 1.25864 0
      vertex 45.4863 1.33826 2.2
      vertex 45.4863 1.33826 0
    endloop
  endfacet
  facet normal -0.760415 -0.649438 0
    outer loop
      vertex 45.4863 1.33826 2.2
      vertex 45.5543 1.25864 0
      vertex 45.5543 1.25864 2.2
    endloop
  endfacet
  facet normal 0.182315 0.98324 -0
    outer loop
      vertex 43.6871 -1.97538 2.2
      vertex 43.5842 -1.9563 4.5
      vertex 43.6871 -1.97538 4.5
    endloop
  endfacet
  facet normal 0.182315 0.98324 0
    outer loop
      vertex 43.5842 -1.9563 4.5
      vertex 43.6871 -1.97538 2.2
      vertex 43.5842 -1.9563 2.2
    endloop
  endfacet
  facet normal 0.182315 0.98324 -0
    outer loop
      vertex 43.6871 -1.97538 0
      vertex 43.5842 -1.9563 2.2
      vertex 43.6871 -1.97538 2.2
    endloop
  endfacet
  facet normal 0.182315 0.98324 0
    outer loop
      vertex 43.5842 -1.9563 2.2
      vertex 43.6871 -1.97538 0
      vertex 43.5842 -1.9563 0
    endloop
  endfacet
  facet normal -0.64906 0.760737 0
    outer loop
      vertex 45.3383 -1.48629 2.2
      vertex 45.2586 -1.55429 4.5
      vertex 45.3383 -1.48629 4.5
    endloop
  endfacet
  facet normal -0.64906 0.760737 0
    outer loop
      vertex 45.2586 -1.55429 4.5
      vertex 45.3383 -1.48629 2.2
      vertex 45.2586 -1.55429 2.2
    endloop
  endfacet
  facet normal -0.64906 0.760737 0
    outer loop
      vertex 45.3383 -1.48629 0
      vertex 45.2586 -1.55429 2.2
      vertex 45.3383 -1.48629 2.2
    endloop
  endfacet
  facet normal -0.64906 0.760737 0
    outer loop
      vertex 45.2586 -1.55429 2.2
      vertex 45.3383 -1.48629 0
      vertex 45.2586 -1.55429 0
    endloop
  endfacet
  facet normal 0.942799 -0.333361 0
    outer loop
      vertex 42.0979 0.618033 4.5
      vertex 42.1328 0.716736 2.2
      vertex 42.1328 0.716736 4.5
    endloop
  endfacet
  facet normal 0.942799 -0.333361 0
    outer loop
      vertex 42.1328 0.716736 2.2
      vertex 42.0979 0.618033 4.5
      vertex 42.0979 0.618033 2.2
    endloop
  endfacet
  facet normal 0.942799 -0.333361 0
    outer loop
      vertex 42.0979 0.618033 2.2
      vertex 42.1328 0.716736 0
      vertex 42.1328 0.716736 2.2
    endloop
  endfacet
  facet normal 0.942799 -0.333361 0
    outer loop
      vertex 42.1328 0.716736 0
      vertex 42.0979 0.618033 2.2
      vertex 42.0979 0.618033 0
    endloop
  endfacet
  facet normal -0.233536 -0.972348 0
    outer loop
      vertex 44.4158 1.9563 2.2
      vertex 44.5176 1.93185 4.5
      vertex 44.4158 1.9563 4.5
    endloop
  endfacet
  facet normal -0.233536 -0.972348 -0
    outer loop
      vertex 44.5176 1.93185 4.5
      vertex 44.4158 1.9563 2.2
      vertex 44.5176 1.93185 2.2
    endloop
  endfacet
  facet normal -0.233536 -0.972348 0
    outer loop
      vertex 44.4158 1.9563 0
      vertex 44.5176 1.93185 2.2
      vertex 44.4158 1.9563 2.2
    endloop
  endfacet
  facet normal -0.233536 -0.972348 -0
    outer loop
      vertex 44.5176 1.93185 2.2
      vertex 44.4158 1.9563 0
      vertex 44.5176 1.93185 0
    endloop
  endfacet
  facet normal 0.793546 -0.60851 0
    outer loop
      vertex 42.382 1.17557 4.5
      vertex 42.4457 1.25864 2.2
      vertex 42.4457 1.25864 4.5
    endloop
  endfacet
  facet normal 0.793546 -0.60851 0
    outer loop
      vertex 42.4457 1.25864 2.2
      vertex 42.382 1.17557 4.5
      vertex 42.382 1.17557 2.2
    endloop
  endfacet
  facet normal 0.793546 -0.60851 0
    outer loop
      vertex 42.382 1.17557 2.2
      vertex 42.4457 1.25864 0
      vertex 42.4457 1.25864 2.2
    endloop
  endfacet
  facet normal 0.793546 -0.60851 0
    outer loop
      vertex 42.4457 1.25864 0
      vertex 42.382 1.17557 2.2
      vertex 42.382 1.17557 0
    endloop
  endfacet
  facet normal 0.991527 -0.129897 0
    outer loop
      vertex 42.011 0.209057 4.5
      vertex 42.0246 0.312868 2.2
      vertex 42.0246 0.312868 4.5
    endloop
  endfacet
  facet normal 0.991527 -0.129897 0
    outer loop
      vertex 42.0246 0.312868 2.2
      vertex 42.011 0.209057 4.5
      vertex 42.011 0.209057 2.2
    endloop
  endfacet
  facet normal 0.991527 -0.129897 0
    outer loop
      vertex 42.011 0.209057 2.2
      vertex 42.0246 0.312868 0
      vertex 42.0246 0.312868 2.2
    endloop
  endfacet
  facet normal 0.991527 -0.129897 0
    outer loop
      vertex 42.0246 0.312868 0
      vertex 42.011 0.209057 2.2
      vertex 42.011 0.209057 0
    endloop
  endfacet
  facet normal -0.522408 0.852696 0
    outer loop
      vertex 45.0893 -1.67734 2.2
      vertex 45 -1.73205 4.5
      vertex 45.0893 -1.67734 4.5
    endloop
  endfacet
  facet normal -0.522408 0.852696 0
    outer loop
      vertex 45 -1.73205 4.5
      vertex 45.0893 -1.67734 2.2
      vertex 45 -1.73205 2.2
    endloop
  endfacet
  facet normal -0.522408 0.852696 0
    outer loop
      vertex 45.0893 -1.67734 0
      vertex 45 -1.73205 2.2
      vertex 45.0893 -1.67734 2.2
    endloop
  endfacet
  facet normal -0.522408 0.852696 0
    outer loop
      vertex 45 -1.73205 2.2
      vertex 45.0893 -1.67734 0
      vertex 45 -1.73205 0
    endloop
  endfacet
  facet normal 0.72525 -0.688486 0
    outer loop
      vertex 42.5137 1.33826 4.5
      vertex 42.5858 1.41421 2.2
      vertex 42.5858 1.41421 4.5
    endloop
  endfacet
  facet normal 0.72525 -0.688486 0
    outer loop
      vertex 42.5858 1.41421 2.2
      vertex 42.5137 1.33826 4.5
      vertex 42.5137 1.33826 2.2
    endloop
  endfacet
  facet normal 0.72525 -0.688486 0
    outer loop
      vertex 42.5137 1.33826 2.2
      vertex 42.5858 1.41421 0
      vertex 42.5858 1.41421 2.2
    endloop
  endfacet
  facet normal 0.72525 -0.688486 0
    outer loop
      vertex 42.5858 1.41421 0
      vertex 42.5137 1.33826 2.2
      vertex 42.5137 1.33826 0
    endloop
  endfacet
  facet normal 0.983223 0.182406 0
    outer loop
      vertex 42.0437 -0.415823 4.5
      vertex 42.0246 -0.312868 2.2
      vertex 42.0246 -0.312868 4.5
    endloop
  endfacet
  facet normal 0.983223 0.182406 0
    outer loop
      vertex 42.0246 -0.312868 2.2
      vertex 42.0437 -0.415823 4.5
      vertex 42.0437 -0.415823 2.2
    endloop
  endfacet
  facet normal 0.983223 0.182406 0
    outer loop
      vertex 42.0437 -0.415823 2.2
      vertex 42.0246 -0.312868 0
      vertex 42.0246 -0.312868 2.2
    endloop
  endfacet
  facet normal 0.983223 0.182406 0
    outer loop
      vertex 42.0246 -0.312868 0
      vertex 42.0437 -0.415823 2.2
      vertex 42.0437 -0.415823 0
    endloop
  endfacet
  facet normal 0.902504 0.430682 0
    outer loop
      vertex 42.218 -0.907981 4.5
      vertex 42.1729 -0.813473 2.2
      vertex 42.1729 -0.813473 4.5
    endloop
  endfacet
  facet normal 0.902504 0.430682 0
    outer loop
      vertex 42.1729 -0.813473 2.2
      vertex 42.218 -0.907981 4.5
      vertex 42.218 -0.907981 2.2
    endloop
  endfacet
  facet normal 0.902504 0.430682 0
    outer loop
      vertex 42.218 -0.907981 2.2
      vertex 42.1729 -0.813473 0
      vertex 42.1729 -0.813473 2.2
    endloop
  endfacet
  facet normal 0.902504 0.430682 0
    outer loop
      vertex 42.1729 -0.813473 0
      vertex 42.218 -0.907981 2.2
      vertex 42.218 -0.907981 0
    endloop
  endfacet
  facet normal 0.999667 0.0257865 0
    outer loop
      vertex 42.0027 -0.104671 4.5
      vertex 42 0 2.2
      vertex 42 0 4.5
    endloop
  endfacet
  facet normal 0.999667 0.0257865 0
    outer loop
      vertex 42 0 2.2
      vertex 42.0027 -0.104671 4.5
      vertex 42.0027 -0.104671 2.2
    endloop
  endfacet
  facet normal 0.999667 0.0257865 0
    outer loop
      vertex 42.0027 -0.104671 2.2
      vertex 42 0 0
      vertex 42 0 2.2
    endloop
  endfacet
  facet normal 0.999667 0.0257865 0
    outer loop
      vertex 42 0 0
      vertex 42.0027 -0.104671 2.2
      vertex 42.0027 -0.104671 0
    endloop
  endfacet
  facet normal -0.972464 0.233054 0
    outer loop
      vertex 45.9319 -0.517637 2.2
      vertex 45.9563 -0.415823 4.5
      vertex 45.9563 -0.415823 2.2
    endloop
  endfacet
  facet normal -0.972464 0.233054 0
    outer loop
      vertex 45.9563 -0.415823 4.5
      vertex 45.9319 -0.517637 2.2
      vertex 45.9319 -0.517637 4.5
    endloop
  endfacet
  facet normal -0.972464 0.233054 0
    outer loop
      vertex 45.9319 -0.517637 0
      vertex 45.9563 -0.415823 2.2
      vertex 45.9563 -0.415823 0
    endloop
  endfacet
  facet normal -0.972464 0.233054 0
    outer loop
      vertex 45.9563 -0.415823 2.2
      vertex 45.9319 -0.517637 0
      vertex 45.9319 -0.517637 2.2
    endloop
  endfacet
  facet normal 0.824151 0.566371 0
    outer loop
      vertex 42.382 -1.17557 4.5
      vertex 42.3227 -1.08928 2.2
      vertex 42.3227 -1.08928 4.5
    endloop
  endfacet
  facet normal 0.824151 0.566371 0
    outer loop
      vertex 42.3227 -1.08928 2.2
      vertex 42.382 -1.17557 4.5
      vertex 42.382 -1.17557 2.2
    endloop
  endfacet
  facet normal 0.824151 0.566371 0
    outer loop
      vertex 42.382 -1.17557 2.2
      vertex 42.3227 -1.08928 0
      vertex 42.3227 -1.08928 2.2
    endloop
  endfacet
  facet normal 0.824151 0.566371 0
    outer loop
      vertex 42.3227 -1.08928 0
      vertex 42.382 -1.17557 2.2
      vertex 42.382 -1.17557 0
    endloop
  endfacet
  facet normal -0.852686 -0.522423 0
    outer loop
      vertex 45.732 1 2.2
      vertex 45.6773 1.08928 4.5
      vertex 45.6773 1.08928 2.2
    endloop
  endfacet
  facet normal -0.852686 -0.522423 0
    outer loop
      vertex 45.6773 1.08928 4.5
      vertex 45.732 1 2.2
      vertex 45.732 1 4.5
    endloop
  endfacet
  facet normal -0.852686 -0.522423 0
    outer loop
      vertex 45.732 1 0
      vertex 45.6773 1.08928 2.2
      vertex 45.6773 1.08928 0
    endloop
  endfacet
  facet normal -0.852686 -0.522423 0
    outer loop
      vertex 45.6773 1.08928 2.2
      vertex 45.732 1 0
      vertex 45.732 1 2.2
    endloop
  endfacet
  facet normal 0.477218 -0.878785 0
    outer loop
      vertex 43 1.73205 2.2
      vertex 43.092 1.78201 4.5
      vertex 43 1.73205 4.5
    endloop
  endfacet
  facet normal 0.477218 -0.878785 0
    outer loop
      vertex 43.092 1.78201 4.5
      vertex 43 1.73205 2.2
      vertex 43.092 1.78201 2.2
    endloop
  endfacet
  facet normal 0.477218 -0.878785 0
    outer loop
      vertex 43 1.73205 0
      vertex 43.092 1.78201 2.2
      vertex 43 1.73205 2.2
    endloop
  endfacet
  facet normal 0.477218 -0.878785 0
    outer loop
      vertex 43.092 1.78201 2.2
      vertex 43 1.73205 0
      vertex 43.092 1.78201 0
    endloop
  endfacet
  facet normal 0.852261 0.523117 0
    outer loop
      vertex 42.3227 -1.08928 4.5
      vertex 42.2679 -1 2.2
      vertex 42.2679 -1 4.5
    endloop
  endfacet
  facet normal 0.852261 0.523117 0
    outer loop
      vertex 42.2679 -1 2.2
      vertex 42.3227 -1.08928 4.5
      vertex 42.3227 -1.08928 2.2
    endloop
  endfacet
  facet normal 0.852261 0.523117 0
    outer loop
      vertex 42.3227 -1.08928 2.2
      vertex 42.2679 -1 0
      vertex 42.2679 -1 2.2
    endloop
  endfacet
  facet normal 0.852261 0.523117 0
    outer loop
      vertex 42.2679 -1 0
      vertex 42.3227 -1.08928 2.2
      vertex 42.3227 -1.08928 0
    endloop
  endfacet
  facet normal 0.923777 -0.38293 0
    outer loop
      vertex 42.1328 0.716736 4.5
      vertex 42.1729 0.813473 2.2
      vertex 42.1729 0.813473 4.5
    endloop
  endfacet
  facet normal 0.923777 -0.38293 0
    outer loop
      vertex 42.1729 0.813473 2.2
      vertex 42.1328 0.716736 4.5
      vertex 42.1328 0.716736 2.2
    endloop
  endfacet
  facet normal 0.923777 -0.38293 0
    outer loop
      vertex 42.1328 0.716736 2.2
      vertex 42.1729 0.813473 0
      vertex 42.1729 0.813473 2.2
    endloop
  endfacet
  facet normal 0.923777 -0.38293 0
    outer loop
      vertex 42.1729 0.813473 0
      vertex 42.1328 0.716736 2.2
      vertex 42.1328 0.716736 0
    endloop
  endfacet
  facet normal 0.609073 -0.793114 0
    outer loop
      vertex 42.7414 1.55429 2.2
      vertex 42.8244 1.61803 4.5
      vertex 42.7414 1.55429 4.5
    endloop
  endfacet
  facet normal 0.609073 -0.793114 0
    outer loop
      vertex 42.8244 1.61803 4.5
      vertex 42.7414 1.55429 2.2
      vertex 42.8244 1.61803 2.2
    endloop
  endfacet
  facet normal 0.609073 -0.793114 0
    outer loop
      vertex 42.7414 1.55429 0
      vertex 42.8244 1.61803 2.2
      vertex 42.7414 1.55429 2.2
    endloop
  endfacet
  facet normal 0.609073 -0.793114 0
    outer loop
      vertex 42.8244 1.61803 2.2
      vertex 42.7414 1.55429 0
      vertex 42.8244 1.61803 0
    endloop
  endfacet
  facet normal -0.0784927 -0.996915 0
    outer loop
      vertex 44.1047 1.99726 2.2
      vertex 44.2091 1.98904 4.5
      vertex 44.1047 1.99726 4.5
    endloop
  endfacet
  facet normal -0.0784927 -0.996915 -0
    outer loop
      vertex 44.2091 1.98904 4.5
      vertex 44.1047 1.99726 2.2
      vertex 44.2091 1.98904 2.2
    endloop
  endfacet
  facet normal -0.0784927 -0.996915 0
    outer loop
      vertex 44.1047 1.99726 0
      vertex 44.2091 1.98904 2.2
      vertex 44.1047 1.99726 2.2
    endloop
  endfacet
  facet normal -0.0784927 -0.996915 -0
    outer loop
      vertex 44.2091 1.98904 2.2
      vertex 44.1047 1.99726 0
      vertex 44.2091 1.98904 0
    endloop
  endfacet
  facet normal 0.996854 0.0792624 0
    outer loop
      vertex 42.011 -0.209057 4.5
      vertex 42.0027 -0.104671 2.2
      vertex 42.0027 -0.104671 4.5
    endloop
  endfacet
  facet normal 0.996854 0.0792624 0
    outer loop
      vertex 42.0027 -0.104671 2.2
      vertex 42.011 -0.209057 4.5
      vertex 42.011 -0.209057 2.2
    endloop
  endfacet
  facet normal 0.996854 0.0792624 0
    outer loop
      vertex 42.011 -0.209057 2.2
      vertex 42.0027 -0.104671 0
      vertex 42.0027 -0.104671 2.2
    endloop
  endfacet
  facet normal 0.996854 0.0792624 0
    outer loop
      vertex 42.0027 -0.104671 0
      vertex 42.011 -0.209057 2.2
      vertex 42.011 -0.209057 0
    endloop
  endfacet
  facet normal -0.0784927 0.996915 0
    outer loop
      vertex 44.2091 -1.98904 2.2
      vertex 44.1047 -1.99726 4.5
      vertex 44.2091 -1.98904 4.5
    endloop
  endfacet
  facet normal -0.0784927 0.996915 0
    outer loop
      vertex 44.1047 -1.99726 4.5
      vertex 44.2091 -1.98904 2.2
      vertex 44.1047 -1.99726 2.2
    endloop
  endfacet
  facet normal -0.0784927 0.996915 0
    outer loop
      vertex 44.2091 -1.98904 0
      vertex 44.1047 -1.99726 2.2
      vertex 44.2091 -1.98904 2.2
    endloop
  endfacet
  facet normal -0.0784927 0.996915 0
    outer loop
      vertex 44.1047 -1.99726 2.2
      vertex 44.2091 -1.98904 0
      vertex 44.1047 -1.99726 0
    endloop
  endfacet
  facet normal -0.793546 -0.60851 0
    outer loop
      vertex 45.618 1.17557 2.2
      vertex 45.5543 1.25864 4.5
      vertex 45.5543 1.25864 2.2
    endloop
  endfacet
  facet normal -0.793546 -0.60851 0
    outer loop
      vertex 45.5543 1.25864 4.5
      vertex 45.618 1.17557 2.2
      vertex 45.618 1.17557 4.5
    endloop
  endfacet
  facet normal -0.793546 -0.60851 0
    outer loop
      vertex 45.618 1.17557 0
      vertex 45.5543 1.25864 2.2
      vertex 45.5543 1.25864 0
    endloop
  endfacet
  facet normal -0.793546 -0.60851 0
    outer loop
      vertex 45.5543 1.25864 2.2
      vertex 45.618 1.17557 0
      vertex 45.618 1.17557 2.2
    endloop
  endfacet
  facet normal -0.182315 -0.98324 0
    outer loop
      vertex 44.3129 1.97538 2.2
      vertex 44.4158 1.9563 4.5
      vertex 44.3129 1.97538 4.5
    endloop
  endfacet
  facet normal -0.182315 -0.98324 -0
    outer loop
      vertex 44.4158 1.9563 4.5
      vertex 44.3129 1.97538 2.2
      vertex 44.4158 1.9563 2.2
    endloop
  endfacet
  facet normal -0.182315 -0.98324 0
    outer loop
      vertex 44.3129 1.97538 0
      vertex 44.4158 1.9563 2.2
      vertex 44.3129 1.97538 2.2
    endloop
  endfacet
  facet normal -0.182315 -0.98324 -0
    outer loop
      vertex 44.4158 1.9563 2.2
      vertex 44.3129 1.97538 0
      vertex 44.4158 1.9563 0
    endloop
  endfacet
  facet normal -0.382473 -0.923967 0
    outer loop
      vertex 44.7167 1.86716 2.2
      vertex 44.8135 1.82709 4.5
      vertex 44.7167 1.86716 4.5
    endloop
  endfacet
  facet normal -0.382473 -0.923967 -0
    outer loop
      vertex 44.8135 1.82709 4.5
      vertex 44.7167 1.86716 2.2
      vertex 44.8135 1.82709 2.2
    endloop
  endfacet
  facet normal -0.382473 -0.923967 0
    outer loop
      vertex 44.7167 1.86716 0
      vertex 44.8135 1.82709 2.2
      vertex 44.7167 1.86716 2.2
    endloop
  endfacet
  facet normal -0.382473 -0.923967 -0
    outer loop
      vertex 44.8135 1.82709 2.2
      vertex 44.7167 1.86716 0
      vertex 44.8135 1.82709 0
    endloop
  endfacet
  facet normal -0.430556 0.902564 0
    outer loop
      vertex 44.908 -1.78201 2.2
      vertex 44.8135 -1.82709 4.5
      vertex 44.908 -1.78201 4.5
    endloop
  endfacet
  facet normal -0.430556 0.902564 0
    outer loop
      vertex 44.8135 -1.82709 4.5
      vertex 44.908 -1.78201 2.2
      vertex 44.8135 -1.82709 2.2
    endloop
  endfacet
  facet normal -0.430556 0.902564 0
    outer loop
      vertex 44.908 -1.78201 0
      vertex 44.8135 -1.82709 2.2
      vertex 44.908 -1.78201 2.2
    endloop
  endfacet
  facet normal -0.430556 0.902564 0
    outer loop
      vertex 44.8135 -1.82709 2.2
      vertex 44.908 -1.78201 0
      vertex 44.8135 -1.82709 0
    endloop
  endfacet
  facet normal 0.130474 -0.991452 0
    outer loop
      vertex 43.6871 1.97538 2.2
      vertex 43.7909 1.98904 4.5
      vertex 43.6871 1.97538 4.5
    endloop
  endfacet
  facet normal 0.130474 -0.991452 0
    outer loop
      vertex 43.7909 1.98904 4.5
      vertex 43.6871 1.97538 2.2
      vertex 43.7909 1.98904 2.2
    endloop
  endfacet
  facet normal 0.130474 -0.991452 0
    outer loop
      vertex 43.6871 1.97538 0
      vertex 43.7909 1.98904 2.2
      vertex 43.6871 1.97538 2.2
    endloop
  endfacet
  facet normal 0.130474 -0.991452 0
    outer loop
      vertex 43.7909 1.98904 2.2
      vertex 43.6871 1.97538 0
      vertex 43.7909 1.98904 0
    endloop
  endfacet
  facet normal -0.382473 0.923967 0
    outer loop
      vertex 44.8135 -1.82709 2.2
      vertex 44.7167 -1.86716 4.5
      vertex 44.8135 -1.82709 4.5
    endloop
  endfacet
  facet normal -0.382473 0.923967 0
    outer loop
      vertex 44.7167 -1.86716 4.5
      vertex 44.8135 -1.82709 2.2
      vertex 44.7167 -1.86716 2.2
    endloop
  endfacet
  facet normal -0.382473 0.923967 0
    outer loop
      vertex 44.8135 -1.82709 0
      vertex 44.7167 -1.86716 2.2
      vertex 44.8135 -1.82709 2.2
    endloop
  endfacet
  facet normal -0.382473 0.923967 0
    outer loop
      vertex 44.7167 -1.86716 2.2
      vertex 44.8135 -1.82709 0
      vertex 44.7167 -1.86716 0
    endloop
  endfacet
  facet normal 0.284017 -0.958819 0
    outer loop
      vertex 43.382 1.90211 2.2
      vertex 43.4824 1.93185 4.5
      vertex 43.382 1.90211 4.5
    endloop
  endfacet
  facet normal 0.284017 -0.958819 0
    outer loop
      vertex 43.4824 1.93185 4.5
      vertex 43.382 1.90211 2.2
      vertex 43.4824 1.93185 2.2
    endloop
  endfacet
  facet normal 0.284017 -0.958819 0
    outer loop
      vertex 43.382 1.90211 0
      vertex 43.4824 1.93185 2.2
      vertex 43.382 1.90211 2.2
    endloop
  endfacet
  facet normal 0.284017 -0.958819 0
    outer loop
      vertex 43.4824 1.93185 2.2
      vertex 43.382 1.90211 0
      vertex 43.4824 1.93185 0
    endloop
  endfacet
  facet normal 0.983223 -0.182406 0
    outer loop
      vertex 42.0246 0.312868 4.5
      vertex 42.0437 0.415823 2.2
      vertex 42.0437 0.415823 4.5
    endloop
  endfacet
  facet normal 0.983223 -0.182406 0
    outer loop
      vertex 42.0437 0.415823 2.2
      vertex 42.0246 0.312868 4.5
      vertex 42.0246 0.312868 2.2
    endloop
  endfacet
  facet normal 0.983223 -0.182406 0
    outer loop
      vertex 42.0246 0.312868 2.2
      vertex 42.0437 0.415823 0
      vertex 42.0437 0.415823 2.2
    endloop
  endfacet
  facet normal 0.983223 -0.182406 0
    outer loop
      vertex 42.0437 0.415823 0
      vertex 42.0246 0.312868 2.2
      vertex 42.0246 0.312868 0
    endloop
  endfacet
  facet normal -0.942799 -0.333361 0
    outer loop
      vertex 45.9021 0.618033 2.2
      vertex 45.8672 0.716736 4.5
      vertex 45.8672 0.716736 2.2
    endloop
  endfacet
  facet normal -0.942799 -0.333361 0
    outer loop
      vertex 45.8672 0.716736 4.5
      vertex 45.9021 0.618033 2.2
      vertex 45.9021 0.618033 4.5
    endloop
  endfacet
  facet normal -0.942799 -0.333361 0
    outer loop
      vertex 45.9021 0.618033 0
      vertex 45.8672 0.716736 2.2
      vertex 45.8672 0.716736 0
    endloop
  endfacet
  facet normal -0.942799 -0.333361 0
    outer loop
      vertex 45.8672 0.716736 2.2
      vertex 45.9021 0.618033 0
      vertex 45.9021 0.618033 2.2
    endloop
  endfacet
  facet normal -0.95866 0.284554 0
    outer loop
      vertex 45.9021 -0.618033 2.2
      vertex 45.9319 -0.517637 4.5
      vertex 45.9319 -0.517637 2.2
    endloop
  endfacet
  facet normal -0.95866 0.284554 0
    outer loop
      vertex 45.9319 -0.517637 4.5
      vertex 45.9021 -0.618033 2.2
      vertex 45.9021 -0.618033 4.5
    endloop
  endfacet
  facet normal -0.95866 0.284554 0
    outer loop
      vertex 45.9021 -0.618033 0
      vertex 45.9319 -0.517637 2.2
      vertex 45.9319 -0.517637 0
    endloop
  endfacet
  facet normal -0.95866 0.284554 0
    outer loop
      vertex 45.9319 -0.517637 2.2
      vertex 45.9021 -0.618033 0
      vertex 45.9021 -0.618033 2.2
    endloop
  endfacet
  facet normal -0.284017 0.958819 0
    outer loop
      vertex 44.618 -1.90211 2.2
      vertex 44.5176 -1.93185 4.5
      vertex 44.618 -1.90211 4.5
    endloop
  endfacet
  facet normal -0.284017 0.958819 0
    outer loop
      vertex 44.5176 -1.93185 4.5
      vertex 44.618 -1.90211 2.2
      vertex 44.5176 -1.93185 2.2
    endloop
  endfacet
  facet normal -0.284017 0.958819 0
    outer loop
      vertex 44.618 -1.90211 0
      vertex 44.5176 -1.93185 2.2
      vertex 44.618 -1.90211 2.2
    endloop
  endfacet
  facet normal -0.284017 0.958819 0
    outer loop
      vertex 44.5176 -1.93185 2.2
      vertex 44.618 -1.90211 0
      vertex 44.5176 -1.93185 0
    endloop
  endfacet
  facet normal -0.430556 -0.902564 0
    outer loop
      vertex 44.8135 1.82709 2.2
      vertex 44.908 1.78201 4.5
      vertex 44.8135 1.82709 4.5
    endloop
  endfacet
  facet normal -0.430556 -0.902564 -0
    outer loop
      vertex 44.908 1.78201 4.5
      vertex 44.8135 1.82709 2.2
      vertex 44.908 1.78201 2.2
    endloop
  endfacet
  facet normal -0.430556 -0.902564 0
    outer loop
      vertex 44.8135 1.82709 0
      vertex 44.908 1.78201 2.2
      vertex 44.8135 1.82709 2.2
    endloop
  endfacet
  facet normal -0.430556 -0.902564 -0
    outer loop
      vertex 44.908 1.78201 2.2
      vertex 44.8135 1.82709 0
      vertex 44.908 1.78201 0
    endloop
  endfacet
  facet normal -0.0261611 0.999658 0
    outer loop
      vertex 44.1047 -1.99726 2.2
      vertex 44 -2 4.5
      vertex 44.1047 -1.99726 4.5
    endloop
  endfacet
  facet normal -0.0261611 0.999658 0
    outer loop
      vertex 44 -2 4.5
      vertex 44.1047 -1.99726 2.2
      vertex 44 -2 2.2
    endloop
  endfacet
  facet normal -0.0261611 0.999658 0
    outer loop
      vertex 44.1047 -1.99726 0
      vertex 44 -2 2.2
      vertex 44.1047 -1.99726 2.2
    endloop
  endfacet
  facet normal -0.0261611 0.999658 0
    outer loop
      vertex 44 -2 2.2
      vertex 44.1047 -1.99726 0
      vertex 44 -2 0
    endloop
  endfacet
  facet normal -0.996854 0.0792624 0
    outer loop
      vertex 45.989 -0.209057 2.2
      vertex 45.9973 -0.104671 4.5
      vertex 45.9973 -0.104671 2.2
    endloop
  endfacet
  facet normal -0.996854 0.0792624 0
    outer loop
      vertex 45.9973 -0.104671 4.5
      vertex 45.989 -0.209057 2.2
      vertex 45.989 -0.209057 4.5
    endloop
  endfacet
  facet normal -0.996854 0.0792624 0
    outer loop
      vertex 45.989 -0.209057 0
      vertex 45.9973 -0.104671 2.2
      vertex 45.9973 -0.104671 0
    endloop
  endfacet
  facet normal -0.996854 0.0792624 0
    outer loop
      vertex 45.9973 -0.104671 2.2
      vertex 45.989 -0.209057 0
      vertex 45.989 -0.209057 2.2
    endloop
  endfacet
  facet normal 0.382473 -0.923967 0
    outer loop
      vertex 43.1865 1.82709 2.2
      vertex 43.2833 1.86716 4.5
      vertex 43.1865 1.82709 4.5
    endloop
  endfacet
  facet normal 0.382473 -0.923967 0
    outer loop
      vertex 43.2833 1.86716 4.5
      vertex 43.1865 1.82709 2.2
      vertex 43.2833 1.86716 2.2
    endloop
  endfacet
  facet normal 0.382473 -0.923967 0
    outer loop
      vertex 43.1865 1.82709 0
      vertex 43.2833 1.86716 2.2
      vertex 43.1865 1.82709 2.2
    endloop
  endfacet
  facet normal 0.382473 -0.923967 0
    outer loop
      vertex 43.2833 1.86716 2.2
      vertex 43.1865 1.82709 0
      vertex 43.2833 1.86716 0
    endloop
  endfacet
  facet normal 0.999667 -0.0257865 0
    outer loop
      vertex 42 0 4.5
      vertex 42.0027 0.104671 2.2
      vertex 42.0027 0.104671 4.5
    endloop
  endfacet
  facet normal 0.999667 -0.0257865 0
    outer loop
      vertex 42.0027 0.104671 2.2
      vertex 42 0 4.5
      vertex 42 0 2.2
    endloop
  endfacet
  facet normal 0.999667 -0.0257865 0
    outer loop
      vertex 42 0 2.2
      vertex 42.0027 0.104671 0
      vertex 42.0027 0.104671 2.2
    endloop
  endfacet
  facet normal 0.999667 -0.0257865 0
    outer loop
      vertex 42.0027 0.104671 0
      vertex 42 0 2.2
      vertex 42 0 0
    endloop
  endfacet
  facet normal -0.609073 -0.793114 0
    outer loop
      vertex 45.1756 1.61803 2.2
      vertex 45.2586 1.55429 4.5
      vertex 45.1756 1.61803 4.5
    endloop
  endfacet
  facet normal -0.609073 -0.793114 -0
    outer loop
      vertex 45.2586 1.55429 4.5
      vertex 45.1756 1.61803 2.2
      vertex 45.2586 1.55429 2.2
    endloop
  endfacet
  facet normal -0.609073 -0.793114 0
    outer loop
      vertex 45.1756 1.61803 0
      vertex 45.2586 1.55429 2.2
      vertex 45.1756 1.61803 2.2
    endloop
  endfacet
  facet normal -0.609073 -0.793114 -0
    outer loop
      vertex 45.2586 1.55429 2.2
      vertex 45.1756 1.61803 0
      vertex 45.2586 1.55429 0
    endloop
  endfacet
  facet normal -0.983223 0.182406 0
    outer loop
      vertex 45.9563 -0.415823 2.2
      vertex 45.9754 -0.312868 4.5
      vertex 45.9754 -0.312868 2.2
    endloop
  endfacet
  facet normal -0.983223 0.182406 0
    outer loop
      vertex 45.9754 -0.312868 4.5
      vertex 45.9563 -0.415823 2.2
      vertex 45.9563 -0.415823 4.5
    endloop
  endfacet
  facet normal -0.983223 0.182406 0
    outer loop
      vertex 45.9563 -0.415823 0
      vertex 45.9754 -0.312868 2.2
      vertex 45.9754 -0.312868 0
    endloop
  endfacet
  facet normal -0.983223 0.182406 0
    outer loop
      vertex 45.9754 -0.312868 2.2
      vertex 45.9563 -0.415823 0
      vertex 45.9563 -0.415823 2.2
    endloop
  endfacet
  facet normal 0.233536 -0.972348 0
    outer loop
      vertex 43.4824 1.93185 2.2
      vertex 43.5842 1.9563 4.5
      vertex 43.4824 1.93185 4.5
    endloop
  endfacet
  facet normal 0.233536 -0.972348 0
    outer loop
      vertex 43.5842 1.9563 4.5
      vertex 43.4824 1.93185 2.2
      vertex 43.5842 1.9563 2.2
    endloop
  endfacet
  facet normal 0.233536 -0.972348 0
    outer loop
      vertex 43.4824 1.93185 0
      vertex 43.5842 1.9563 2.2
      vertex 43.4824 1.93185 2.2
    endloop
  endfacet
  facet normal 0.233536 -0.972348 0
    outer loop
      vertex 43.5842 1.9563 2.2
      vertex 43.4824 1.93185 0
      vertex 43.5842 1.9563 0
    endloop
  endfacet
  facet normal 0.0784927 -0.996915 0
    outer loop
      vertex 43.7909 1.98904 2.2
      vertex 43.8953 1.99726 4.5
      vertex 43.7909 1.98904 4.5
    endloop
  endfacet
  facet normal 0.0784927 -0.996915 0
    outer loop
      vertex 43.8953 1.99726 4.5
      vertex 43.7909 1.98904 2.2
      vertex 43.8953 1.99726 2.2
    endloop
  endfacet
  facet normal 0.0784927 -0.996915 0
    outer loop
      vertex 43.7909 1.98904 0
      vertex 43.8953 1.99726 2.2
      vertex 43.7909 1.98904 2.2
    endloop
  endfacet
  facet normal 0.0784927 -0.996915 0
    outer loop
      vertex 43.8953 1.99726 2.2
      vertex 43.7909 1.98904 0
      vertex 43.8953 1.99726 0
    endloop
  endfacet
  facet normal 0.182315 -0.98324 0
    outer loop
      vertex 43.5842 1.9563 2.2
      vertex 43.6871 1.97538 4.5
      vertex 43.5842 1.9563 4.5
    endloop
  endfacet
  facet normal 0.182315 -0.98324 0
    outer loop
      vertex 43.6871 1.97538 4.5
      vertex 43.5842 1.9563 2.2
      vertex 43.6871 1.97538 2.2
    endloop
  endfacet
  facet normal 0.182315 -0.98324 0
    outer loop
      vertex 43.5842 1.9563 0
      vertex 43.6871 1.97538 2.2
      vertex 43.5842 1.9563 2.2
    endloop
  endfacet
  facet normal 0.182315 -0.98324 0
    outer loop
      vertex 43.6871 1.97538 2.2
      vertex 43.5842 1.9563 0
      vertex 43.6871 1.97538 0
    endloop
  endfacet
  facet normal 0.522408 -0.852696 0
    outer loop
      vertex 42.9107 1.67734 2.2
      vertex 43 1.73205 4.5
      vertex 42.9107 1.67734 4.5
    endloop
  endfacet
  facet normal 0.522408 -0.852696 0
    outer loop
      vertex 43 1.73205 4.5
      vertex 42.9107 1.67734 2.2
      vertex 43 1.73205 2.2
    endloop
  endfacet
  facet normal 0.522408 -0.852696 0
    outer loop
      vertex 42.9107 1.67734 0
      vertex 43 1.73205 2.2
      vertex 42.9107 1.67734 2.2
    endloop
  endfacet
  facet normal 0.522408 -0.852696 0
    outer loop
      vertex 43 1.73205 2.2
      vertex 42.9107 1.67734 0
      vertex 43 1.73205 0
    endloop
  endfacet
  facet normal 0.430556 -0.902564 0
    outer loop
      vertex 43.092 1.78201 2.2
      vertex 43.1865 1.82709 4.5
      vertex 43.092 1.78201 4.5
    endloop
  endfacet
  facet normal 0.430556 -0.902564 0
    outer loop
      vertex 43.1865 1.82709 4.5
      vertex 43.092 1.78201 2.2
      vertex 43.1865 1.82709 2.2
    endloop
  endfacet
  facet normal 0.430556 -0.902564 0
    outer loop
      vertex 43.092 1.78201 0
      vertex 43.1865 1.82709 2.2
      vertex 43.092 1.78201 2.2
    endloop
  endfacet
  facet normal 0.430556 -0.902564 0
    outer loop
      vertex 43.1865 1.82709 2.2
      vertex 43.092 1.78201 0
      vertex 43.1865 1.82709 0
    endloop
  endfacet
  facet normal 0.760415 -0.649438 0
    outer loop
      vertex 42.4457 1.25864 4.5
      vertex 42.5137 1.33826 2.2
      vertex 42.5137 1.33826 4.5
    endloop
  endfacet
  facet normal 0.760415 -0.649438 0
    outer loop
      vertex 42.5137 1.33826 2.2
      vertex 42.4457 1.25864 4.5
      vertex 42.4457 1.25864 2.2
    endloop
  endfacet
  facet normal 0.760415 -0.649438 0
    outer loop
      vertex 42.4457 1.25864 2.2
      vertex 42.5137 1.33826 0
      vertex 42.5137 1.33826 2.2
    endloop
  endfacet
  facet normal 0.760415 -0.649438 0
    outer loop
      vertex 42.5137 1.33826 0
      vertex 42.4457 1.25864 2.2
      vertex 42.4457 1.25864 0
    endloop
  endfacet
  facet normal 0 0 -1
    outer loop
      vertex 45.9973 -0.104671 4.5
      vertex 45.9973 0.104671 4.5
      vertex 46 0 4.5
    endloop
  endfacet
  facet normal 0 0 -1
    outer loop
      vertex 45.989 -0.209057 4.5
      vertex 45.9973 0.104671 4.5
      vertex 45.9973 -0.104671 4.5
    endloop
  endfacet
  facet normal 0 0 -1
    outer loop
      vertex 45.989 -0.209057 4.5
      vertex 45.989 0.209057 4.5
      vertex 45.9973 0.104671 4.5
    endloop
  endfacet
  facet normal 0 0 -1
    outer loop
      vertex 45.9754 -0.312868 4.5
      vertex 45.989 0.209057 4.5
      vertex 45.989 -0.209057 4.5
    endloop
  endfacet
  facet normal 0 0 -1
    outer loop
      vertex 45.9754 -0.312868 4.5
      vertex 45.9754 0.312868 4.5
      vertex 45.989 0.209057 4.5
    endloop
  endfacet
  facet normal 0 0 -1
    outer loop
      vertex 45.9563 -0.415823 4.5
      vertex 45.9754 0.312868 4.5
      vertex 45.9754 -0.312868 4.5
    endloop
  endfacet
  facet normal 0 0 -1
    outer loop
      vertex 45.9563 -0.415823 4.5
      vertex 45.9563 0.415823 4.5
      vertex 45.9754 0.312868 4.5
    endloop
  endfacet
  facet normal 0 0 -1
    outer loop
      vertex 45.9319 -0.517637 4.5
      vertex 45.9563 0.415823 4.5
      vertex 45.9563 -0.415823 4.5
    endloop
  endfacet
  facet normal 0 0 -1
    outer loop
      vertex 45.9319 -0.517637 4.5
      vertex 45.9319 0.517637 4.5
      vertex 45.9563 0.415823 4.5
    endloop
  endfacet
  facet normal 0 0 -1
    outer loop
      vertex 45.9021 -0.618033 4.5
      vertex 45.9319 0.517637 4.5
      vertex 45.9319 -0.517637 4.5
    endloop
  endfacet
  facet normal 0 0 -1
    outer loop
      vertex 45.9021 -0.618033 4.5
      vertex 45.9021 0.618033 4.5
      vertex 45.9319 0.517637 4.5
    endloop
  endfacet
  facet normal 0 0 -1
    outer loop
      vertex 45.8672 -0.716736 4.5
      vertex 45.9021 0.618033 4.5
      vertex 45.9021 -0.618033 4.5
    endloop
  endfacet
  facet normal 0 0 -1
    outer loop
      vertex 45.8672 -0.716736 4.5
      vertex 45.8672 0.716736 4.5
      vertex 45.9021 0.618033 4.5
    endloop
  endfacet
  facet normal 0 0 -1
    outer loop
      vertex 45.8271 -0.813473 4.5
      vertex 45.8672 0.716736 4.5
      vertex 45.8672 -0.716736 4.5
    endloop
  endfacet
  facet normal 0 0 -1
    outer loop
      vertex 45.8271 -0.813473 4.5
      vertex 45.8271 0.813473 4.5
      vertex 45.8672 0.716736 4.5
    endloop
  endfacet
  facet normal 0 0 -1
    outer loop
      vertex 45.782 -0.907981 4.5
      vertex 45.8271 0.813473 4.5
      vertex 45.8271 -0.813473 4.5
    endloop
  endfacet
  facet normal 0 0 -1
    outer loop
      vertex 45.782 -0.907981 4.5
      vertex 45.782 0.907981 4.5
      vertex 45.8271 0.813473 4.5
    endloop
  endfacet
  facet normal 0 0 -1
    outer loop
      vertex 45.732 -1 4.5
      vertex 45.782 0.907981 4.5
      vertex 45.782 -0.907981 4.5
    endloop
  endfacet
  facet normal 0 0 -1
    outer loop
      vertex 45.732 -1 4.5
      vertex 45.732 1 4.5
      vertex 45.782 0.907981 4.5
    endloop
  endfacet
  facet normal 0 0 -1
    outer loop
      vertex 45.6773 -1.08928 4.5
      vertex 45.732 1 4.5
      vertex 45.732 -1 4.5
    endloop
  endfacet
  facet normal 0 0 -1
    outer loop
      vertex 45.6773 -1.08928 4.5
      vertex 45.6773 1.08928 4.5
      vertex 45.732 1 4.5
    endloop
  endfacet
  facet normal 0 0 -1
    outer loop
      vertex 45.618 -1.17557 4.5
      vertex 45.6773 1.08928 4.5
      vertex 45.6773 -1.08928 4.5
    endloop
  endfacet
  facet normal 0 0 -1
    outer loop
      vertex 45.618 -1.17557 4.5
      vertex 45.618 1.17557 4.5
      vertex 45.6773 1.08928 4.5
    endloop
  endfacet
  facet normal 0 0 -1
    outer loop
      vertex 45.5543 -1.25864 4.5
      vertex 45.618 1.17557 4.5
      vertex 45.618 -1.17557 4.5
    endloop
  endfacet
  facet normal 0 0 -1
    outer loop
      vertex 45.5543 -1.25864 4.5
      vertex 45.5543 1.25864 4.5
      vertex 45.618 1.17557 4.5
    endloop
  endfacet
  facet normal 0 0 -1
    outer loop
      vertex 45.4863 -1.33826 4.5
      vertex 45.5543 1.25864 4.5
      vertex 45.5543 -1.25864 4.5
    endloop
  endfacet
  facet normal 0 0 -1
    outer loop
      vertex 45.4863 -1.33826 4.5
      vertex 45.4863 1.33826 4.5
      vertex 45.5543 1.25864 4.5
    endloop
  endfacet
  facet normal 0 0 -1
    outer loop
      vertex 45.4142 -1.41421 4.5
      vertex 45.4863 1.33826 4.5
      vertex 45.4863 -1.33826 4.5
    endloop
  endfacet
  facet normal 0 0 -1
    outer loop
      vertex 45.4142 -1.41421 4.5
      vertex 45.4142 1.41421 4.5
      vertex 45.4863 1.33826 4.5
    endloop
  endfacet
  facet normal 0 0 -1
    outer loop
      vertex 45.3383 -1.48629 4.5
      vertex 45.4142 1.41421 4.5
      vertex 45.4142 -1.41421 4.5
    endloop
  endfacet
  facet normal 0 0 -1
    outer loop
      vertex 45.3383 -1.48629 4.5
      vertex 45.3383 1.48629 4.5
      vertex 45.4142 1.41421 4.5
    endloop
  endfacet
  facet normal 0 0 -1
    outer loop
      vertex 45.2586 -1.55429 4.5
      vertex 45.3383 1.48629 4.5
      vertex 45.3383 -1.48629 4.5
    endloop
  endfacet
  facet normal 0 0 -1
    outer loop
      vertex 45.2586 -1.55429 4.5
      vertex 45.2586 1.55429 4.5
      vertex 45.3383 1.48629 4.5
    endloop
  endfacet
  facet normal 0 0 -1
    outer loop
      vertex 45.1756 -1.61803 4.5
      vertex 45.2586 1.55429 4.5
      vertex 45.2586 -1.55429 4.5
    endloop
  endfacet
  facet normal 0 0 -1
    outer loop
      vertex 45.1756 -1.61803 4.5
      vertex 45.1756 1.61803 4.5
      vertex 45.2586 1.55429 4.5
    endloop
  endfacet
  facet normal 0 0 -1
    outer loop
      vertex 45.0893 -1.67734 4.5
      vertex 45.1756 1.61803 4.5
      vertex 45.1756 -1.61803 4.5
    endloop
  endfacet
  facet normal 0 0 -1
    outer loop
      vertex 45.0893 -1.67734 4.5
      vertex 45.0893 1.67734 4.5
      vertex 45.1756 1.61803 4.5
    endloop
  endfacet
  facet normal 0 0 -1
    outer loop
      vertex 45 -1.73205 4.5
      vertex 45.0893 1.67734 4.5
      vertex 45.0893 -1.67734 4.5
    endloop
  endfacet
  facet normal 0 0 -1
    outer loop
      vertex 45 -1.73205 4.5
      vertex 45 1.73205 4.5
      vertex 45.0893 1.67734 4.5
    endloop
  endfacet
  facet normal 0 0 -1
    outer loop
      vertex 44.908 -1.78201 4.5
      vertex 45 1.73205 4.5
      vertex 45 -1.73205 4.5
    endloop
  endfacet
  facet normal 0 0 -1
    outer loop
      vertex 44.908 -1.78201 4.5
      vertex 44.908 1.78201 4.5
      vertex 45 1.73205 4.5
    endloop
  endfacet
  facet normal 0 0 -1
    outer loop
      vertex 44.8135 -1.82709 4.5
      vertex 44.908 1.78201 4.5
      vertex 44.908 -1.78201 4.5
    endloop
  endfacet
  facet normal 0 0 -1
    outer loop
      vertex 44.8135 -1.82709 4.5
      vertex 44.8135 1.82709 4.5
      vertex 44.908 1.78201 4.5
    endloop
  endfacet
  facet normal 0 0 -1
    outer loop
      vertex 44.7167 -1.86716 4.5
      vertex 44.8135 1.82709 4.5
      vertex 44.8135 -1.82709 4.5
    endloop
  endfacet
  facet normal 0 0 -1
    outer loop
      vertex 44.7167 -1.86716 4.5
      vertex 44.7167 1.86716 4.5
      vertex 44.8135 1.82709 4.5
    endloop
  endfacet
  facet normal 0 0 -1
    outer loop
      vertex 44.618 -1.90211 4.5
      vertex 44.7167 1.86716 4.5
      vertex 44.7167 -1.86716 4.5
    endloop
  endfacet
  facet normal 0 0 -1
    outer loop
      vertex 44.618 -1.90211 4.5
      vertex 44.618 1.90211 4.5
      vertex 44.7167 1.86716 4.5
    endloop
  endfacet
  facet normal 0 0 -1
    outer loop
      vertex 44.5176 -1.93185 4.5
      vertex 44.618 1.90211 4.5
      vertex 44.618 -1.90211 4.5
    endloop
  endfacet
  facet normal 0 0 -1
    outer loop
      vertex 44.5176 -1.93185 4.5
      vertex 44.5176 1.93185 4.5
      vertex 44.618 1.90211 4.5
    endloop
  endfacet
  facet normal 0 0 -1
    outer loop
      vertex 44.4158 -1.9563 4.5
      vertex 44.5176 1.93185 4.5
      vertex 44.5176 -1.93185 4.5
    endloop
  endfacet
  facet normal 0 0 -1
    outer loop
      vertex 44.4158 -1.9563 4.5
      vertex 44.4158 1.9563 4.5
      vertex 44.5176 1.93185 4.5
    endloop
  endfacet
  facet normal 0 0 -1
    outer loop
      vertex 44.3129 -1.97538 4.5
      vertex 44.4158 1.9563 4.5
      vertex 44.4158 -1.9563 4.5
    endloop
  endfacet
  facet normal 0 0 -1
    outer loop
      vertex 44.3129 -1.97538 4.5
      vertex 44.3129 1.97538 4.5
      vertex 44.4158 1.9563 4.5
    endloop
  endfacet
  facet normal 0 0 -1
    outer loop
      vertex 44.2091 -1.98904 4.5
      vertex 44.3129 1.97538 4.5
      vertex 44.3129 -1.97538 4.5
    endloop
  endfacet
  facet normal 0 0 -1
    outer loop
      vertex 44.2091 -1.98904 4.5
      vertex 44.2091 1.98904 4.5
      vertex 44.3129 1.97538 4.5
    endloop
  endfacet
  facet normal 0 0 -1
    outer loop
      vertex 44.1047 -1.99726 4.5
      vertex 44.2091 1.98904 4.5
      vertex 44.2091 -1.98904 4.5
    endloop
  endfacet
  facet normal 0 0 -1
    outer loop
      vertex 44.1047 -1.99726 4.5
      vertex 44.1047 1.99726 4.5
      vertex 44.2091 1.98904 4.5
    endloop
  endfacet
  facet normal 0 0 -1
    outer loop
      vertex 44 -2 4.5
      vertex 44.1047 1.99726 4.5
      vertex 44.1047 -1.99726 4.5
    endloop
  endfacet
  facet normal 0 0 -1
    outer loop
      vertex 44 -2 4.5
      vertex 44 2 4.5
      vertex 44.1047 1.99726 4.5
    endloop
  endfacet
  facet normal 0 0 -1
    outer loop
      vertex 43.8953 -1.99726 4.5
      vertex 44 2 4.5
      vertex 44 -2 4.5
    endloop
  endfacet
  facet normal 0 0 -1
    outer loop
      vertex 43.8953 -1.99726 4.5
      vertex 43.8953 1.99726 4.5
      vertex 44 2 4.5
    endloop
  endfacet
  facet normal 0 0 -1
    outer loop
      vertex 43.7909 -1.98904 4.5
      vertex 43.8953 1.99726 4.5
      vertex 43.8953 -1.99726 4.5
    endloop
  endfacet
  facet normal 0 0 -1
    outer loop
      vertex 43.7909 -1.98904 4.5
      vertex 43.7909 1.98904 4.5
      vertex 43.8953 1.99726 4.5
    endloop
  endfacet
  facet normal 0 0 -1
    outer loop
      vertex 43.6871 -1.97538 4.5
      vertex 43.7909 1.98904 4.5
      vertex 43.7909 -1.98904 4.5
    endloop
  endfacet
  facet normal 0 0 -1
    outer loop
      vertex 43.6871 -1.97538 4.5
      vertex 43.6871 1.97538 4.5
      vertex 43.7909 1.98904 4.5
    endloop
  endfacet
  facet normal 0 0 -1
    outer loop
      vertex 43.5842 -1.9563 4.5
      vertex 43.6871 1.97538 4.5
      vertex 43.6871 -1.97538 4.5
    endloop
  endfacet
  facet normal 0 0 -1
    outer loop
      vertex 43.5842 -1.9563 4.5
      vertex 43.5842 1.9563 4.5
      vertex 43.6871 1.97538 4.5
    endloop
  endfacet
  facet normal 0 0 -1
    outer loop
      vertex 43.4824 -1.93185 4.5
      vertex 43.5842 1.9563 4.5
      vertex 43.5842 -1.9563 4.5
    endloop
  endfacet
  facet normal 0 0 -1
    outer loop
      vertex 43.4824 -1.93185 4.5
      vertex 43.4824 1.93185 4.5
      vertex 43.5842 1.9563 4.5
    endloop
  endfacet
  facet normal 0 0 -1
    outer loop
      vertex 43.382 -1.90211 4.5
      vertex 43.4824 1.93185 4.5
      vertex 43.4824 -1.93185 4.5
    endloop
  endfacet
  facet normal 0 0 -1
    outer loop
      vertex 43.382 -1.90211 4.5
      vertex 43.382 1.90211 4.5
      vertex 43.4824 1.93185 4.5
    endloop
  endfacet
  facet normal 0 0 -1
    outer loop
      vertex 43.2833 -1.86716 4.5
      vertex 43.382 1.90211 4.5
      vertex 43.382 -1.90211 4.5
    endloop
  endfacet
  facet normal 0 0 -1
    outer loop
      vertex 43.2833 -1.86716 4.5
      vertex 43.2833 1.86716 4.5
      vertex 43.382 1.90211 4.5
    endloop
  endfacet
  facet normal 0 0 -1
    outer loop
      vertex 43.1865 -1.82709 4.5
      vertex 43.2833 1.86716 4.5
      vertex 43.2833 -1.86716 4.5
    endloop
  endfacet
  facet normal 0 0 -1
    outer loop
      vertex 43.1865 -1.82709 4.5
      vertex 43.1865 1.82709 4.5
      vertex 43.2833 1.86716 4.5
    endloop
  endfacet
  facet normal 0 0 -1
    outer loop
      vertex 43.092 -1.78201 4.5
      vertex 43.1865 1.82709 4.5
      vertex 43.1865 -1.82709 4.5
    endloop
  endfacet
  facet normal 0 0 -1
    outer loop
      vertex 43.092 -1.78201 4.5
      vertex 43.092 1.78201 4.5
      vertex 43.1865 1.82709 4.5
    endloop
  endfacet
  facet normal 0 0 -1
    outer loop
      vertex 43 -1.73205 4.5
      vertex 43.092 1.78201 4.5
      vertex 43.092 -1.78201 4.5
    endloop
  endfacet
  facet normal 0 0 -1
    outer loop
      vertex 43 -1.73205 4.5
      vertex 43 1.73205 4.5
      vertex 43.092 1.78201 4.5
    endloop
  endfacet
  facet normal 0 0 -1
    outer loop
      vertex 42.9107 -1.67734 4.5
      vertex 43 1.73205 4.5
      vertex 43 -1.73205 4.5
    endloop
  endfacet
  facet normal 0 0 -1
    outer loop
      vertex 42.9107 -1.67734 4.5
      vertex 42.9107 1.67734 4.5
      vertex 43 1.73205 4.5
    endloop
  endfacet
  facet normal 0 0 -1
    outer loop
      vertex 42.8244 -1.61803 4.5
      vertex 42.9107 1.67734 4.5
      vertex 42.9107 -1.67734 4.5
    endloop
  endfacet
  facet normal 0 0 -1
    outer loop
      vertex 42.8244 -1.61803 4.5
      vertex 42.8244 1.61803 4.5
      vertex 42.9107 1.67734 4.5
    endloop
  endfacet
  facet normal 0 0 -1
    outer loop
      vertex 42.7414 -1.55429 4.5
      vertex 42.8244 1.61803 4.5
      vertex 42.8244 -1.61803 4.5
    endloop
  endfacet
  facet normal 0 0 -1
    outer loop
      vertex 42.7414 -1.55429 4.5
      vertex 42.7414 1.55429 4.5
      vertex 42.8244 1.61803 4.5
    endloop
  endfacet
  facet normal 0 0 -1
    outer loop
      vertex 42.6617 -1.48629 4.5
      vertex 42.7414 1.55429 4.5
      vertex 42.7414 -1.55429 4.5
    endloop
  endfacet
  facet normal 0 0 -1
    outer loop
      vertex 42.6617 -1.48629 4.5
      vertex 42.6617 1.48629 4.5
      vertex 42.7414 1.55429 4.5
    endloop
  endfacet
  facet normal 0 0 -1
    outer loop
      vertex 42.5858 -1.41421 4.5
      vertex 42.6617 1.48629 4.5
      vertex 42.6617 -1.48629 4.5
    endloop
  endfacet
  facet normal 0 0 -1
    outer loop
      vertex 42.5858 -1.41421 4.5
      vertex 42.5858 1.41421 4.5
      vertex 42.6617 1.48629 4.5
    endloop
  endfacet
  facet normal 0 0 -1
    outer loop
      vertex 42.5137 -1.33826 4.5
      vertex 42.5858 1.41421 4.5
      vertex 42.5858 -1.41421 4.5
    endloop
  endfacet
  facet normal 0 0 -1
    outer loop
      vertex 42.5137 -1.33826 4.5
      vertex 42.5137 1.33826 4.5
      vertex 42.5858 1.41421 4.5
    endloop
  endfacet
  facet normal 0 0 -1
    outer loop
      vertex 42.4457 -1.25864 4.5
      vertex 42.5137 1.33826 4.5
      vertex 42.5137 -1.33826 4.5
    endloop
  endfacet
  facet normal 0 0 -1
    outer loop
      vertex 42.4457 -1.25864 4.5
      vertex 42.4457 1.25864 4.5
      vertex 42.5137 1.33826 4.5
    endloop
  endfacet
  facet normal 0 0 -1
    outer loop
      vertex 42.382 -1.17557 4.5
      vertex 42.4457 1.25864 4.5
      vertex 42.4457 -1.25864 4.5
    endloop
  endfacet
  facet normal 0 0 -1
    outer loop
      vertex 42.382 -1.17557 4.5
      vertex 42.382 1.17557 4.5
      vertex 42.4457 1.25864 4.5
    endloop
  endfacet
  facet normal 0 0 -1
    outer loop
      vertex 42.3227 -1.08928 4.5
      vertex 42.382 1.17557 4.5
      vertex 42.382 -1.17557 4.5
    endloop
  endfacet
  facet normal 0 0 -1
    outer loop
      vertex 42.3227 -1.08928 4.5
      vertex 42.3227 1.08928 4.5
      vertex 42.382 1.17557 4.5
    endloop
  endfacet
  facet normal 0 0 -1
    outer loop
      vertex 42.2679 -1 4.5
      vertex 42.3227 1.08928 4.5
      vertex 42.3227 -1.08928 4.5
    endloop
  endfacet
  facet normal 0 0 -1
    outer loop
      vertex 42.2679 -1 4.5
      vertex 42.2679 1 4.5
      vertex 42.3227 1.08928 4.5
    endloop
  endfacet
  facet normal 0 0 -1
    outer loop
      vertex 42.218 -0.907981 4.5
      vertex 42.2679 1 4.5
      vertex 42.2679 -1 4.5
    endloop
  endfacet
  facet normal 0 0 -1
    outer loop
      vertex 42.218 -0.907981 4.5
      vertex 42.218 0.907981 4.5
      vertex 42.2679 1 4.5
    endloop
  endfacet
  facet normal 0 0 -1
    outer loop
      vertex 42.1729 -0.813473 4.5
      vertex 42.218 0.907981 4.5
      vertex 42.218 -0.907981 4.5
    endloop
  endfacet
  facet normal 0 0 -1
    outer loop
      vertex 42.1729 -0.813473 4.5
      vertex 42.1729 0.813473 4.5
      vertex 42.218 0.907981 4.5
    endloop
  endfacet
  facet normal 0 0 -1
    outer loop
      vertex 42.1328 -0.716736 4.5
      vertex 42.1729 0.813473 4.5
      vertex 42.1729 -0.813473 4.5
    endloop
  endfacet
  facet normal 0 0 -1
    outer loop
      vertex 42.1328 -0.716736 4.5
      vertex 42.1328 0.716736 4.5
      vertex 42.1729 0.813473 4.5
    endloop
  endfacet
  facet normal 0 0 -1
    outer loop
      vertex 42.0979 -0.618033 4.5
      vertex 42.1328 0.716736 4.5
      vertex 42.1328 -0.716736 4.5
    endloop
  endfacet
  facet normal 0 0 -1
    outer loop
      vertex 42.0979 -0.618033 4.5
      vertex 42.0979 0.618033 4.5
      vertex 42.1328 0.716736 4.5
    endloop
  endfacet
  facet normal 0 0 -1
    outer loop
      vertex 42.0681 -0.517637 4.5
      vertex 42.0979 0.618033 4.5
      vertex 42.0979 -0.618033 4.5
    endloop
  endfacet
  facet normal 0 0 -1
    outer loop
      vertex 42.0681 -0.517637 4.5
      vertex 42.0681 0.517637 4.5
      vertex 42.0979 0.618033 4.5
    endloop
  endfacet
  facet normal 0 0 -1
    outer loop
      vertex 42.0437 -0.415823 4.5
      vertex 42.0681 0.517637 4.5
      vertex 42.0681 -0.517637 4.5
    endloop
  endfacet
  facet normal 0 0 -1
    outer loop
      vertex 42.0437 -0.415823 4.5
      vertex 42.0437 0.415823 4.5
      vertex 42.0681 0.517637 4.5
    endloop
  endfacet
  facet normal 0 0 -1
    outer loop
      vertex 42.0246 -0.312868 4.5
      vertex 42.0437 0.415823 4.5
      vertex 42.0437 -0.415823 4.5
    endloop
  endfacet
  facet normal 0 0 -1
    outer loop
      vertex 42.0246 -0.312868 4.5
      vertex 42.0246 0.312868 4.5
      vertex 42.0437 0.415823 4.5
    endloop
  endfacet
  facet normal 0 0 -1
    outer loop
      vertex 42.011 -0.209057 4.5
      vertex 42.0246 0.312868 4.5
      vertex 42.0246 -0.312868 4.5
    endloop
  endfacet
  facet normal 0 0 -1
    outer loop
      vertex 42.011 -0.209057 4.5
      vertex 42.011 0.209057 4.5
      vertex 42.0246 0.312868 4.5
    endloop
  endfacet
  facet normal 0 0 -1
    outer loop
      vertex 42.0027 -0.104671 4.5
      vertex 42.011 0.209057 4.5
      vertex 42.011 -0.209057 4.5
    endloop
  endfacet
  facet normal 0 0 -1
    outer loop
      vertex 42.0027 -0.104671 4.5
      vertex 42.0027 0.104671 4.5
      vertex 42.011 0.209057 4.5
    endloop
  endfacet
  facet normal 0 -0 -1
    outer loop
      vertex 42.0027 0.104671 4.5
      vertex 42.0027 -0.104671 4.5
      vertex 42 0 4.5
    endloop
  endfacet
  facet normal -0.688624 0.725119 0
    outer loop
      vertex 45.4142 -1.41421 2.2
      vertex 45.3383 -1.48629 4.5
      vertex 45.4142 -1.41421 4.5
    endloop
  endfacet
  facet normal -0.688624 0.725119 0
    outer loop
      vertex 45.3383 -1.48629 4.5
      vertex 45.4142 -1.41421 2.2
      vertex 45.3383 -1.48629 2.2
    endloop
  endfacet
  facet normal -0.688624 0.725119 0
    outer loop
      vertex 45.4142 -1.41421 0
      vertex 45.3383 -1.48629 2.2
      vertex 45.4142 -1.41421 2.2
    endloop
  endfacet
  facet normal -0.688624 0.725119 0
    outer loop
      vertex 45.3383 -1.48629 2.2
      vertex 45.4142 -1.41421 0
      vertex 45.3383 -1.48629 0
    endloop
  endfacet
  facet normal -0.942799 0.333361 0
    outer loop
      vertex 45.8672 -0.716736 2.2
      vertex 45.9021 -0.618033 4.5
      vertex 45.9021 -0.618033 2.2
    endloop
  endfacet
  facet normal -0.942799 0.333361 0
    outer loop
      vertex 45.9021 -0.618033 4.5
      vertex 45.8672 -0.716736 2.2
      vertex 45.8672 -0.716736 4.5
    endloop
  endfacet
  facet normal -0.942799 0.333361 0
    outer loop
      vertex 45.8672 -0.716736 0
      vertex 45.9021 -0.618033 2.2
      vertex 45.9021 -0.618033 0
    endloop
  endfacet
  facet normal -0.942799 0.333361 0
    outer loop
      vertex 45.9021 -0.618033 2.2
      vertex 45.8672 -0.716736 0
      vertex 45.8672 -0.716736 2.2
    endloop
  endfacet
  facet normal -0.923777 0.38293 0
    outer loop
      vertex 45.8271 -0.813473 2.2
      vertex 45.8672 -0.716736 4.5
      vertex 45.8672 -0.716736 2.2
    endloop
  endfacet
  facet normal -0.923777 0.38293 0
    outer loop
      vertex 45.8672 -0.716736 4.5
      vertex 45.8271 -0.813473 2.2
      vertex 45.8271 -0.813473 4.5
    endloop
  endfacet
  facet normal -0.923777 0.38293 0
    outer loop
      vertex 45.8271 -0.813473 0
      vertex 45.8672 -0.716736 2.2
      vertex 45.8672 -0.716736 0
    endloop
  endfacet
  facet normal -0.923777 0.38293 0
    outer loop
      vertex 45.8672 -0.716736 2.2
      vertex 45.8271 -0.813473 0
      vertex 45.8271 -0.813473 2.2
    endloop
  endfacet
  facet normal 0.793546 0.60851 0
    outer loop
      vertex 42.4457 -1.25864 4.5
      vertex 42.382 -1.17557 2.2
      vertex 42.382 -1.17557 4.5
    endloop
  endfacet
  facet normal 0.793546 0.60851 0
    outer loop
      vertex 42.382 -1.17557 2.2
      vertex 42.4457 -1.25864 4.5
      vertex 42.4457 -1.25864 2.2
    endloop
  endfacet
  facet normal 0.793546 0.60851 0
    outer loop
      vertex 42.4457 -1.25864 2.2
      vertex 42.382 -1.17557 0
      vertex 42.382 -1.17557 2.2
    endloop
  endfacet
  facet normal 0.793546 0.60851 0
    outer loop
      vertex 42.382 -1.17557 0
      vertex 42.4457 -1.25864 2.2
      vertex 42.4457 -1.25864 0
    endloop
  endfacet
  facet normal -0.182315 0.98324 0
    outer loop
      vertex 44.4158 -1.9563 2.2
      vertex 44.3129 -1.97538 4.5
      vertex 44.4158 -1.9563 4.5
    endloop
  endfacet
  facet normal -0.182315 0.98324 0
    outer loop
      vertex 44.3129 -1.97538 4.5
      vertex 44.4158 -1.9563 2.2
      vertex 44.3129 -1.97538 2.2
    endloop
  endfacet
  facet normal -0.182315 0.98324 0
    outer loop
      vertex 44.4158 -1.9563 0
      vertex 44.3129 -1.97538 2.2
      vertex 44.4158 -1.9563 2.2
    endloop
  endfacet
  facet normal -0.182315 0.98324 0
    outer loop
      vertex 44.3129 -1.97538 2.2
      vertex 44.4158 -1.9563 0
      vertex 44.3129 -1.97538 0
    endloop
  endfacet
  facet normal -0.566391 0.824137 0
    outer loop
      vertex 45.1756 -1.61803 2.2
      vertex 45.0893 -1.67734 4.5
      vertex 45.1756 -1.61803 4.5
    endloop
  endfacet
  facet normal -0.566391 0.824137 0
    outer loop
      vertex 45.0893 -1.67734 4.5
      vertex 45.1756 -1.61803 2.2
      vertex 45.0893 -1.67734 2.2
    endloop
  endfacet
  facet normal -0.566391 0.824137 0
    outer loop
      vertex 45.1756 -1.61803 0
      vertex 45.0893 -1.67734 2.2
      vertex 45.1756 -1.61803 2.2
    endloop
  endfacet
  facet normal -0.566391 0.824137 0
    outer loop
      vertex 45.0893 -1.67734 2.2
      vertex 45.1756 -1.61803 0
      vertex 45.0893 -1.67734 0
    endloop
  endfacet
  facet normal 0.72525 0.688486 0
    outer loop
      vertex 42.5858 -1.41421 4.5
      vertex 42.5137 -1.33826 2.2
      vertex 42.5137 -1.33826 4.5
    endloop
  endfacet
  facet normal 0.72525 0.688486 0
    outer loop
      vertex 42.5137 -1.33826 2.2
      vertex 42.5858 -1.41421 4.5
      vertex 42.5858 -1.41421 2.2
    endloop
  endfacet
  facet normal 0.72525 0.688486 0
    outer loop
      vertex 42.5858 -1.41421 2.2
      vertex 42.5137 -1.33826 0
      vertex 42.5137 -1.33826 2.2
    endloop
  endfacet
  facet normal 0.72525 0.688486 0
    outer loop
      vertex 42.5137 -1.33826 0
      vertex 42.5858 -1.41421 2.2
      vertex 42.5858 -1.41421 0
    endloop
  endfacet
  facet normal -0.793546 0.60851 0
    outer loop
      vertex 45.5543 -1.25864 2.2
      vertex 45.618 -1.17557 4.5
      vertex 45.618 -1.17557 2.2
    endloop
  endfacet
  facet normal -0.793546 0.60851 0
    outer loop
      vertex 45.618 -1.17557 4.5
      vertex 45.5543 -1.25864 2.2
      vertex 45.5543 -1.25864 4.5
    endloop
  endfacet
  facet normal -0.793546 0.60851 0
    outer loop
      vertex 45.5543 -1.25864 0
      vertex 45.618 -1.17557 2.2
      vertex 45.618 -1.17557 0
    endloop
  endfacet
  facet normal -0.793546 0.60851 0
    outer loop
      vertex 45.618 -1.17557 2.2
      vertex 45.5543 -1.25864 0
      vertex 45.5543 -1.25864 2.2
    endloop
  endfacet
  facet normal 0.130474 0.991452 -0
    outer loop
      vertex 43.7909 -1.98904 2.2
      vertex 43.6871 -1.97538 4.5
      vertex 43.7909 -1.98904 4.5
    endloop
  endfacet
  facet normal 0.130474 0.991452 0
    outer loop
      vertex 43.6871 -1.97538 4.5
      vertex 43.7909 -1.98904 2.2
      vertex 43.6871 -1.97538 2.2
    endloop
  endfacet
  facet normal 0.130474 0.991452 -0
    outer loop
      vertex 43.7909 -1.98904 0
      vertex 43.6871 -1.97538 2.2
      vertex 43.7909 -1.98904 2.2
    endloop
  endfacet
  facet normal 0.130474 0.991452 0
    outer loop
      vertex 43.6871 -1.97538 2.2
      vertex 43.7909 -1.98904 0
      vertex 43.6871 -1.97538 0
    endloop
  endfacet
  facet normal 0.972464 -0.233054 0
    outer loop
      vertex 42.0437 0.415823 4.5
      vertex 42.0681 0.517637 2.2
      vertex 42.0681 0.517637 4.5
    endloop
  endfacet
  facet normal 0.972464 -0.233054 0
    outer loop
      vertex 42.0681 0.517637 2.2
      vertex 42.0437 0.415823 4.5
      vertex 42.0437 0.415823 2.2
    endloop
  endfacet
  facet normal 0.972464 -0.233054 0
    outer loop
      vertex 42.0437 0.415823 2.2
      vertex 42.0681 0.517637 0
      vertex 42.0681 0.517637 2.2
    endloop
  endfacet
  facet normal 0.972464 -0.233054 0
    outer loop
      vertex 42.0681 0.517637 0
      vertex 42.0437 0.415823 2.2
      vertex 42.0437 0.415823 0
    endloop
  endfacet
  facet normal -0.477218 0.878785 0
    outer loop
      vertex 45 -1.73205 2.2
      vertex 44.908 -1.78201 4.5
      vertex 45 -1.73205 4.5
    endloop
  endfacet
  facet normal -0.477218 0.878785 0
    outer loop
      vertex 44.908 -1.78201 4.5
      vertex 45 -1.73205 2.2
      vertex 44.908 -1.78201 2.2
    endloop
  endfacet
  facet normal -0.477218 0.878785 0
    outer loop
      vertex 45 -1.73205 0
      vertex 44.908 -1.78201 2.2
      vertex 45 -1.73205 2.2
    endloop
  endfacet
  facet normal -0.477218 0.878785 0
    outer loop
      vertex 44.908 -1.78201 2.2
      vertex 45 -1.73205 0
      vertex 44.908 -1.78201 0
    endloop
  endfacet
  facet normal -0.0261611 -0.999658 0
    outer loop
      vertex 44 2 2.2
      vertex 44.1047 1.99726 4.5
      vertex 44 2 4.5
    endloop
  endfacet
  facet normal -0.0261611 -0.999658 -0
    outer loop
      vertex 44.1047 1.99726 4.5
      vertex 44 2 2.2
      vertex 44.1047 1.99726 2.2
    endloop
  endfacet
  facet normal -0.0261611 -0.999658 0
    outer loop
      vertex 44 2 0
      vertex 44.1047 1.99726 2.2
      vertex 44 2 2.2
    endloop
  endfacet
  facet normal -0.0261611 -0.999658 -0
    outer loop
      vertex 44.1047 1.99726 2.2
      vertex 44 2 0
      vertex 44.1047 1.99726 0
    endloop
  endfacet
  facet normal 0.0261611 -0.999658 0
    outer loop
      vertex 43.8953 1.99726 2.2
      vertex 44 2 4.5
      vertex 43.8953 1.99726 4.5
    endloop
  endfacet
  facet normal 0.0261611 -0.999658 0
    outer loop
      vertex 44 2 4.5
      vertex 43.8953 1.99726 2.2
      vertex 44 2 2.2
    endloop
  endfacet
  facet normal 0.0261611 -0.999658 0
    outer loop
      vertex 43.8953 1.99726 0
      vertex 44 2 2.2
      vertex 43.8953 1.99726 2.2
    endloop
  endfacet
  facet normal 0.0261611 -0.999658 0
    outer loop
      vertex 44 2 2.2
      vertex 43.8953 1.99726 0
      vertex 44 2 0
    endloop
  endfacet
  facet normal 0.566391 -0.824137 0
    outer loop
      vertex 42.8244 1.61803 2.2
      vertex 42.9107 1.67734 4.5
      vertex 42.8244 1.61803 4.5
    endloop
  endfacet
  facet normal 0.566391 -0.824137 0
    outer loop
      vertex 42.9107 1.67734 4.5
      vertex 42.8244 1.61803 2.2
      vertex 42.9107 1.67734 2.2
    endloop
  endfacet
  facet normal 0.566391 -0.824137 0
    outer loop
      vertex 42.8244 1.61803 0
      vertex 42.9107 1.67734 2.2
      vertex 42.8244 1.61803 2.2
    endloop
  endfacet
  facet normal 0.566391 -0.824137 0
    outer loop
      vertex 42.9107 1.67734 2.2
      vertex 42.8244 1.61803 0
      vertex 42.9107 1.67734 0
    endloop
  endfacet
  facet normal 0.95866 0.284554 0
    outer loop
      vertex 42.0979 -0.618033 4.5
      vertex 42.0681 -0.517637 2.2
      vertex 42.0681 -0.517637 4.5
    endloop
  endfacet
  facet normal 0.95866 0.284554 0
    outer loop
      vertex 42.0681 -0.517637 2.2
      vertex 42.0979 -0.618033 4.5
      vertex 42.0979 -0.618033 2.2
    endloop
  endfacet
  facet normal 0.95866 0.284554 0
    outer loop
      vertex 42.0979 -0.618033 2.2
      vertex 42.0681 -0.517637 0
      vertex 42.0681 -0.517637 2.2
    endloop
  endfacet
  facet normal 0.95866 0.284554 0
    outer loop
      vertex 42.0681 -0.517637 0
      vertex 42.0979 -0.618033 2.2
      vertex 42.0979 -0.618033 0
    endloop
  endfacet
  facet normal 0.688624 -0.725119 0
    outer loop
      vertex 42.5858 1.41421 2.2
      vertex 42.6617 1.48629 4.5
      vertex 42.5858 1.41421 4.5
    endloop
  endfacet
  facet normal 0.688624 -0.725119 0
    outer loop
      vertex 42.6617 1.48629 4.5
      vertex 42.5858 1.41421 2.2
      vertex 42.6617 1.48629 2.2
    endloop
  endfacet
  facet normal 0.688624 -0.725119 0
    outer loop
      vertex 42.5858 1.41421 0
      vertex 42.6617 1.48629 2.2
      vertex 42.5858 1.41421 2.2
    endloop
  endfacet
  facet normal 0.688624 -0.725119 0
    outer loop
      vertex 42.6617 1.48629 2.2
      vertex 42.5858 1.41421 0
      vertex 42.6617 1.48629 0
    endloop
  endfacet
  facet normal 0.333794 -0.942646 0
    outer loop
      vertex 43.2833 1.86716 2.2
      vertex 43.382 1.90211 4.5
      vertex 43.2833 1.86716 4.5
    endloop
  endfacet
  facet normal 0.333794 -0.942646 0
    outer loop
      vertex 43.382 1.90211 4.5
      vertex 43.2833 1.86716 2.2
      vertex 43.382 1.90211 2.2
    endloop
  endfacet
  facet normal 0.333794 -0.942646 0
    outer loop
      vertex 43.2833 1.86716 0
      vertex 43.382 1.90211 2.2
      vertex 43.2833 1.86716 2.2
    endloop
  endfacet
  facet normal 0.333794 -0.942646 0
    outer loop
      vertex 43.382 1.90211 2.2
      vertex 43.2833 1.86716 0
      vertex 43.382 1.90211 0
    endloop
  endfacet
  facet normal 0.972464 0.233054 0
    outer loop
      vertex 42.0681 -0.517637 4.5
      vertex 42.0437 -0.415823 2.2
      vertex 42.0437 -0.415823 4.5
    endloop
  endfacet
  facet normal 0.972464 0.233054 0
    outer loop
      vertex 42.0437 -0.415823 2.2
      vertex 42.0681 -0.517637 4.5
      vertex 42.0681 -0.517637 2.2
    endloop
  endfacet
  facet normal 0.972464 0.233054 0
    outer loop
      vertex 42.0681 -0.517637 2.2
      vertex 42.0437 -0.415823 0
      vertex 42.0437 -0.415823 2.2
    endloop
  endfacet
  facet normal 0.972464 0.233054 0
    outer loop
      vertex 42.0437 -0.415823 0
      vertex 42.0681 -0.517637 2.2
      vertex 42.0681 -0.517637 0
    endloop
  endfacet
  facet normal 0.284017 0.958819 -0
    outer loop
      vertex 43.4824 -1.93185 2.2
      vertex 43.382 -1.90211 4.5
      vertex 43.4824 -1.93185 4.5
    endloop
  endfacet
  facet normal 0.284017 0.958819 0
    outer loop
      vertex 43.382 -1.90211 4.5
      vertex 43.4824 -1.93185 2.2
      vertex 43.382 -1.90211 2.2
    endloop
  endfacet
  facet normal 0.284017 0.958819 -0
    outer loop
      vertex 43.4824 -1.93185 0
      vertex 43.382 -1.90211 2.2
      vertex 43.4824 -1.93185 2.2
    endloop
  endfacet
  facet normal 0.284017 0.958819 0
    outer loop
      vertex 43.382 -1.90211 2.2
      vertex 43.4824 -1.93185 0
      vertex 43.382 -1.90211 0
    endloop
  endfacet
  facet normal 0.333794 0.942646 -0
    outer loop
      vertex 43.382 -1.90211 2.2
      vertex 43.2833 -1.86716 4.5
      vertex 43.382 -1.90211 4.5
    endloop
  endfacet
  facet normal 0.333794 0.942646 0
    outer loop
      vertex 43.2833 -1.86716 4.5
      vertex 43.382 -1.90211 2.2
      vertex 43.2833 -1.86716 2.2
    endloop
  endfacet
  facet normal 0.333794 0.942646 -0
    outer loop
      vertex 43.382 -1.90211 0
      vertex 43.2833 -1.86716 2.2
      vertex 43.382 -1.90211 2.2
    endloop
  endfacet
  facet normal 0.333794 0.942646 0
    outer loop
      vertex 43.2833 -1.86716 2.2
      vertex 43.382 -1.90211 0
      vertex 43.2833 -1.86716 0
    endloop
  endfacet
  facet normal -0.824151 0.566371 0
    outer loop
      vertex 45.618 -1.17557 2.2
      vertex 45.6773 -1.08928 4.5
      vertex 45.6773 -1.08928 2.2
    endloop
  endfacet
  facet normal -0.824151 0.566371 0
    outer loop
      vertex 45.6773 -1.08928 4.5
      vertex 45.618 -1.17557 2.2
      vertex 45.618 -1.17557 4.5
    endloop
  endfacet
  facet normal -0.824151 0.566371 0
    outer loop
      vertex 45.618 -1.17557 0
      vertex 45.6773 -1.08928 2.2
      vertex 45.6773 -1.08928 0
    endloop
  endfacet
  facet normal -0.824151 0.566371 0
    outer loop
      vertex 45.6773 -1.08928 2.2
      vertex 45.618 -1.17557 0
      vertex 45.618 -1.17557 2.2
    endloop
  endfacet
  facet normal 0.233536 0.972348 -0
    outer loop
      vertex 43.5842 -1.9563 2.2
      vertex 43.4824 -1.93185 4.5
      vertex 43.5842 -1.9563 4.5
    endloop
  endfacet
  facet normal 0.233536 0.972348 0
    outer loop
      vertex 43.4824 -1.93185 4.5
      vertex 43.5842 -1.9563 2.2
      vertex 43.4824 -1.93185 2.2
    endloop
  endfacet
  facet normal 0.233536 0.972348 -0
    outer loop
      vertex 43.5842 -1.9563 0
      vertex 43.4824 -1.93185 2.2
      vertex 43.5842 -1.9563 2.2
    endloop
  endfacet
  facet normal 0.233536 0.972348 0
    outer loop
      vertex 43.4824 -1.93185 2.2
      vertex 43.5842 -1.9563 0
      vertex 43.4824 -1.93185 0
    endloop
  endfacet
  facet normal -0.852686 0.522423 0
    outer loop
      vertex 45.6773 -1.08928 2.2
      vertex 45.732 -1 4.5
      vertex 45.732 -1 2.2
    endloop
  endfacet
  facet normal -0.852686 0.522423 0
    outer loop
      vertex 45.732 -1 4.5
      vertex 45.6773 -1.08928 2.2
      vertex 45.6773 -1.08928 4.5
    endloop
  endfacet
  facet normal -0.852686 0.522423 0
    outer loop
      vertex 45.6773 -1.08928 0
      vertex 45.732 -1 2.2
      vertex 45.732 -1 0
    endloop
  endfacet
  facet normal -0.852686 0.522423 0
    outer loop
      vertex 45.732 -1 2.2
      vertex 45.6773 -1.08928 0
      vertex 45.6773 -1.08928 2.2
    endloop
  endfacet
  facet normal -0.333794 -0.942646 0
    outer loop
      vertex 44.618 1.90211 2.2
      vertex 44.7167 1.86716 4.5
      vertex 44.618 1.90211 4.5
    endloop
  endfacet
  facet normal -0.333794 -0.942646 -0
    outer loop
      vertex 44.7167 1.86716 4.5
      vertex 44.618 1.90211 2.2
      vertex 44.7167 1.86716 2.2
    endloop
  endfacet
  facet normal -0.333794 -0.942646 0
    outer loop
      vertex 44.618 1.90211 0
      vertex 44.7167 1.86716 2.2
      vertex 44.618 1.90211 2.2
    endloop
  endfacet
  facet normal -0.333794 -0.942646 -0
    outer loop
      vertex 44.7167 1.86716 2.2
      vertex 44.618 1.90211 0
      vertex 44.7167 1.86716 0
    endloop
  endfacet
  facet normal 0.852261 -0.523117 0
    outer loop
      vertex 42.2679 1 4.5
      vertex 42.3227 1.08928 2.2
      vertex 42.3227 1.08928 4.5
    endloop
  endfacet
  facet normal 0.852261 -0.523117 0
    outer loop
      vertex 42.3227 1.08928 2.2
      vertex 42.2679 1 4.5
      vertex 42.2679 1 2.2
    endloop
  endfacet
  facet normal 0.852261 -0.523117 0
    outer loop
      vertex 42.2679 1 2.2
      vertex 42.3227 1.08928 0
      vertex 42.3227 1.08928 2.2
    endloop
  endfacet
  facet normal 0.852261 -0.523117 0
    outer loop
      vertex 42.3227 1.08928 0
      vertex 42.2679 1 2.2
      vertex 42.2679 1 0
    endloop
  endfacet
  facet normal 0.522408 0.852696 -0
    outer loop
      vertex 43 -1.73205 2.2
      vertex 42.9107 -1.67734 4.5
      vertex 43 -1.73205 4.5
    endloop
  endfacet
  facet normal 0.522408 0.852696 0
    outer loop
      vertex 42.9107 -1.67734 4.5
      vertex 43 -1.73205 2.2
      vertex 42.9107 -1.67734 2.2
    endloop
  endfacet
  facet normal 0.522408 0.852696 -0
    outer loop
      vertex 43 -1.73205 0
      vertex 42.9107 -1.67734 2.2
      vertex 43 -1.73205 2.2
    endloop
  endfacet
  facet normal 0.522408 0.852696 0
    outer loop
      vertex 42.9107 -1.67734 2.2
      vertex 43 -1.73205 0
      vertex 42.9107 -1.67734 0
    endloop
  endfacet
  facet normal 0.566391 0.824137 -0
    outer loop
      vertex 42.9107 -1.67734 2.2
      vertex 42.8244 -1.61803 4.5
      vertex 42.9107 -1.67734 4.5
    endloop
  endfacet
  facet normal 0.566391 0.824137 0
    outer loop
      vertex 42.8244 -1.61803 4.5
      vertex 42.9107 -1.67734 2.2
      vertex 42.8244 -1.61803 2.2
    endloop
  endfacet
  facet normal 0.566391 0.824137 -0
    outer loop
      vertex 42.9107 -1.67734 0
      vertex 42.8244 -1.61803 2.2
      vertex 42.9107 -1.67734 2.2
    endloop
  endfacet
  facet normal 0.566391 0.824137 0
    outer loop
      vertex 42.8244 -1.61803 2.2
      vertex 42.9107 -1.67734 0
      vertex 42.8244 -1.61803 0
    endloop
  endfacet
  facet normal 0.382473 0.923967 -0
    outer loop
      vertex 43.2833 -1.86716 2.2
      vertex 43.1865 -1.82709 4.5
      vertex 43.2833 -1.86716 4.5
    endloop
  endfacet
  facet normal 0.382473 0.923967 0
    outer loop
      vertex 43.1865 -1.82709 4.5
      vertex 43.2833 -1.86716 2.2
      vertex 43.1865 -1.82709 2.2
    endloop
  endfacet
  facet normal 0.382473 0.923967 -0
    outer loop
      vertex 43.2833 -1.86716 0
      vertex 43.1865 -1.82709 2.2
      vertex 43.2833 -1.86716 2.2
    endloop
  endfacet
  facet normal 0.382473 0.923967 0
    outer loop
      vertex 43.1865 -1.82709 2.2
      vertex 43.2833 -1.86716 0
      vertex 43.1865 -1.82709 0
    endloop
  endfacet
  facet normal 0.991527 0.129897 0
    outer loop
      vertex -45.9754 -0.312868 4.5
      vertex -45.989 -0.209057 2.2
      vertex -45.989 -0.209057 4.5
    endloop
  endfacet
  facet normal 0.991527 0.129897 0
    outer loop
      vertex -45.989 -0.209057 2.2
      vertex -45.9754 -0.312868 4.5
      vertex -45.9754 -0.312868 2.2
    endloop
  endfacet
  facet normal 0.991527 0.129897 0
    outer loop
      vertex -45.9754 -0.312868 2.2
      vertex -45.989 -0.209057 0
      vertex -45.989 -0.209057 2.2
    endloop
  endfacet
  facet normal 0.991527 0.129897 0
    outer loop
      vertex -45.989 -0.209057 0
      vertex -45.9754 -0.312868 2.2
      vertex -45.9754 -0.312868 0
    endloop
  endfacet
  facet normal 0.852686 0.522423 0
    outer loop
      vertex -45.6773 -1.08928 4.5
      vertex -45.732 -1 2.2
      vertex -45.732 -1 4.5
    endloop
  endfacet
  facet normal 0.852686 0.522423 0
    outer loop
      vertex -45.732 -1 2.2
      vertex -45.6773 -1.08928 4.5
      vertex -45.6773 -1.08928 2.2
    endloop
  endfacet
  facet normal 0.852686 0.522423 0
    outer loop
      vertex -45.6773 -1.08928 2.2
      vertex -45.732 -1 0
      vertex -45.732 -1 2.2
    endloop
  endfacet
  facet normal 0.852686 0.522423 0
    outer loop
      vertex -45.732 -1 0
      vertex -45.6773 -1.08928 2.2
      vertex -45.6773 -1.08928 0
    endloop
  endfacet
  facet normal -0.879066 0.476699 0
    outer loop
      vertex -42.2679 -1 2.2
      vertex -42.218 -0.907981 4.5
      vertex -42.218 -0.907981 2.2
    endloop
  endfacet
  facet normal -0.879066 0.476699 0
    outer loop
      vertex -42.218 -0.907981 4.5
      vertex -42.2679 -1 2.2
      vertex -42.2679 -1 4.5
    endloop
  endfacet
  facet normal -0.879066 0.476699 0
    outer loop
      vertex -42.2679 -1 0
      vertex -42.218 -0.907981 2.2
      vertex -42.218 -0.907981 0
    endloop
  endfacet
  facet normal -0.879066 0.476699 0
    outer loop
      vertex -42.218 -0.907981 2.2
      vertex -42.2679 -1 0
      vertex -42.2679 -1 2.2
    endloop
  endfacet
  facet normal 0.333794 0.942646 -0
    outer loop
      vertex -44.618 -1.90211 2.2
      vertex -44.7167 -1.86716 4.5
      vertex -44.618 -1.90211 4.5
    endloop
  endfacet
  facet normal 0.333794 0.942646 0
    outer loop
      vertex -44.7167 -1.86716 4.5
      vertex -44.618 -1.90211 2.2
      vertex -44.7167 -1.86716 2.2
    endloop
  endfacet
  facet normal 0.333794 0.942646 -0
    outer loop
      vertex -44.618 -1.90211 0
      vertex -44.7167 -1.86716 2.2
      vertex -44.618 -1.90211 2.2
    endloop
  endfacet
  facet normal 0.333794 0.942646 0
    outer loop
      vertex -44.7167 -1.86716 2.2
      vertex -44.618 -1.90211 0
      vertex -44.7167 -1.86716 0
    endloop
  endfacet
  facet normal 0.477218 0.878785 -0
    outer loop
      vertex -44.908 -1.78201 2.2
      vertex -45 -1.73205 4.5
      vertex -44.908 -1.78201 4.5
    endloop
  endfacet
  facet normal 0.477218 0.878785 0
    outer loop
      vertex -45 -1.73205 4.5
      vertex -44.908 -1.78201 2.2
      vertex -45 -1.73205 2.2
    endloop
  endfacet
  facet normal 0.477218 0.878785 -0
    outer loop
      vertex -44.908 -1.78201 0
      vertex -45 -1.73205 2.2
      vertex -44.908 -1.78201 2.2
    endloop
  endfacet
  facet normal 0.477218 0.878785 0
    outer loop
      vertex -45 -1.73205 2.2
      vertex -44.908 -1.78201 0
      vertex -45 -1.73205 0
    endloop
  endfacet
  facet normal -0.760415 0.649438 0
    outer loop
      vertex -42.5137 -1.33826 2.2
      vertex -42.4457 -1.25864 4.5
      vertex -42.4457 -1.25864 2.2
    endloop
  endfacet
  facet normal -0.760415 0.649438 0
    outer loop
      vertex -42.4457 -1.25864 4.5
      vertex -42.5137 -1.33826 2.2
      vertex -42.5137 -1.33826 4.5
    endloop
  endfacet
  facet normal -0.760415 0.649438 0
    outer loop
      vertex -42.5137 -1.33826 0
      vertex -42.4457 -1.25864 2.2
      vertex -42.4457 -1.25864 0
    endloop
  endfacet
  facet normal -0.760415 0.649438 0
    outer loop
      vertex -42.4457 -1.25864 2.2
      vertex -42.5137 -1.33826 0
      vertex -42.5137 -1.33826 2.2
    endloop
  endfacet
  facet normal 0.95866 0.284554 0
    outer loop
      vertex -45.9021 -0.618033 4.5
      vertex -45.9319 -0.517637 2.2
      vertex -45.9319 -0.517637 4.5
    endloop
  endfacet
  facet normal 0.95866 0.284554 0
    outer loop
      vertex -45.9319 -0.517637 2.2
      vertex -45.9021 -0.618033 4.5
      vertex -45.9021 -0.618033 2.2
    endloop
  endfacet
  facet normal 0.95866 0.284554 0
    outer loop
      vertex -45.9021 -0.618033 2.2
      vertex -45.9319 -0.517637 0
      vertex -45.9319 -0.517637 2.2
    endloop
  endfacet
  facet normal 0.95866 0.284554 0
    outer loop
      vertex -45.9319 -0.517637 0
      vertex -45.9021 -0.618033 2.2
      vertex -45.9021 -0.618033 0
    endloop
  endfacet
  facet normal -0.72525 0.688486 0
    outer loop
      vertex -42.5858 -1.41421 2.2
      vertex -42.5137 -1.33826 4.5
      vertex -42.5137 -1.33826 2.2
    endloop
  endfacet
  facet normal -0.72525 0.688486 0
    outer loop
      vertex -42.5137 -1.33826 4.5
      vertex -42.5858 -1.41421 2.2
      vertex -42.5858 -1.41421 4.5
    endloop
  endfacet
  facet normal -0.72525 0.688486 0
    outer loop
      vertex -42.5858 -1.41421 0
      vertex -42.5137 -1.33826 2.2
      vertex -42.5137 -1.33826 0
    endloop
  endfacet
  facet normal -0.72525 0.688486 0
    outer loop
      vertex -42.5137 -1.33826 2.2
      vertex -42.5858 -1.41421 0
      vertex -42.5858 -1.41421 2.2
    endloop
  endfacet
  facet normal -0.983223 -0.182406 0
    outer loop
      vertex -42.0246 0.312868 2.2
      vertex -42.0437 0.415823 4.5
      vertex -42.0437 0.415823 2.2
    endloop
  endfacet
  facet normal -0.983223 -0.182406 0
    outer loop
      vertex -42.0437 0.415823 4.5
      vertex -42.0246 0.312868 2.2
      vertex -42.0246 0.312868 4.5
    endloop
  endfacet
  facet normal -0.983223 -0.182406 0
    outer loop
      vertex -42.0246 0.312868 0
      vertex -42.0437 0.415823 2.2
      vertex -42.0437 0.415823 0
    endloop
  endfacet
  facet normal -0.983223 -0.182406 0
    outer loop
      vertex -42.0437 0.415823 2.2
      vertex -42.0246 0.312868 0
      vertex -42.0246 0.312868 2.2
    endloop
  endfacet
  facet normal 0.999667 0.0257865 0
    outer loop
      vertex -45.9973 -0.104671 4.5
      vertex -46 0 2.2
      vertex -46 0 4.5
    endloop
  endfacet
  facet normal 0.999667 0.0257865 0
    outer loop
      vertex -46 0 2.2
      vertex -45.9973 -0.104671 4.5
      vertex -45.9973 -0.104671 2.2
    endloop
  endfacet
  facet normal 0.999667 0.0257865 0
    outer loop
      vertex -45.9973 -0.104671 2.2
      vertex -46 0 0
      vertex -46 0 2.2
    endloop
  endfacet
  facet normal 0.999667 0.0257865 0
    outer loop
      vertex -46 0 0
      vertex -45.9973 -0.104671 2.2
      vertex -45.9973 -0.104671 0
    endloop
  endfacet
  facet normal -0.0784927 -0.996915 0
    outer loop
      vertex -43.8953 1.99726 2.2
      vertex -43.7909 1.98904 4.5
      vertex -43.8953 1.99726 4.5
    endloop
  endfacet
  facet normal -0.0784927 -0.996915 -0
    outer loop
      vertex -43.7909 1.98904 4.5
      vertex -43.8953 1.99726 2.2
      vertex -43.7909 1.98904 2.2
    endloop
  endfacet
  facet normal -0.0784927 -0.996915 0
    outer loop
      vertex -43.8953 1.99726 0
      vertex -43.7909 1.98904 2.2
      vertex -43.8953 1.99726 2.2
    endloop
  endfacet
  facet normal -0.0784927 -0.996915 -0
    outer loop
      vertex -43.7909 1.98904 2.2
      vertex -43.8953 1.99726 0
      vertex -43.7909 1.98904 0
    endloop
  endfacet
  facet normal 0.688624 0.725119 -0
    outer loop
      vertex -45.3383 -1.48629 2.2
      vertex -45.4142 -1.41421 4.5
      vertex -45.3383 -1.48629 4.5
    endloop
  endfacet
  facet normal 0.688624 0.725119 0
    outer loop
      vertex -45.4142 -1.41421 4.5
      vertex -45.3383 -1.48629 2.2
      vertex -45.4142 -1.41421 2.2
    endloop
  endfacet
  facet normal 0.688624 0.725119 -0
    outer loop
      vertex -45.3383 -1.48629 0
      vertex -45.4142 -1.41421 2.2
      vertex -45.3383 -1.48629 2.2
    endloop
  endfacet
  facet normal 0.688624 0.725119 0
    outer loop
      vertex -45.4142 -1.41421 2.2
      vertex -45.3383 -1.48629 0
      vertex -45.4142 -1.41421 0
    endloop
  endfacet
  facet normal -0.0261611 0.999658 0
    outer loop
      vertex -43.8953 -1.99726 2.2
      vertex -44 -2 4.5
      vertex -43.8953 -1.99726 4.5
    endloop
  endfacet
  facet normal -0.0261611 0.999658 0
    outer loop
      vertex -44 -2 4.5
      vertex -43.8953 -1.99726 2.2
      vertex -44 -2 2.2
    endloop
  endfacet
  facet normal -0.0261611 0.999658 0
    outer loop
      vertex -43.8953 -1.99726 0
      vertex -44 -2 2.2
      vertex -43.8953 -1.99726 2.2
    endloop
  endfacet
  facet normal -0.0261611 0.999658 0
    outer loop
      vertex -44 -2 2.2
      vertex -43.8953 -1.99726 0
      vertex -44 -2 0
    endloop
  endfacet
  facet normal -0.824151 0.566371 0
    outer loop
      vertex -42.382 -1.17557 2.2
      vertex -42.3227 -1.08928 4.5
      vertex -42.3227 -1.08928 2.2
    endloop
  endfacet
  facet normal -0.824151 0.566371 0
    outer loop
      vertex -42.3227 -1.08928 4.5
      vertex -42.382 -1.17557 2.2
      vertex -42.382 -1.17557 4.5
    endloop
  endfacet
  facet normal -0.824151 0.566371 0
    outer loop
      vertex -42.382 -1.17557 0
      vertex -42.3227 -1.08928 2.2
      vertex -42.3227 -1.08928 0
    endloop
  endfacet
  facet normal -0.824151 0.566371 0
    outer loop
      vertex -42.3227 -1.08928 2.2
      vertex -42.382 -1.17557 0
      vertex -42.382 -1.17557 2.2
    endloop
  endfacet
  facet normal -0.0261611 -0.999658 0
    outer loop
      vertex -44 2 2.2
      vertex -43.8953 1.99726 4.5
      vertex -44 2 4.5
    endloop
  endfacet
  facet normal -0.0261611 -0.999658 -0
    outer loop
      vertex -43.8953 1.99726 4.5
      vertex -44 2 2.2
      vertex -43.8953 1.99726 2.2
    endloop
  endfacet
  facet normal -0.0261611 -0.999658 0
    outer loop
      vertex -44 2 0
      vertex -43.8953 1.99726 2.2
      vertex -44 2 2.2
    endloop
  endfacet
  facet normal -0.0261611 -0.999658 -0
    outer loop
      vertex -43.8953 1.99726 2.2
      vertex -44 2 0
      vertex -43.8953 1.99726 0
    endloop
  endfacet
  facet normal 0.284017 0.958819 -0
    outer loop
      vertex -44.5176 -1.93185 2.2
      vertex -44.618 -1.90211 4.5
      vertex -44.5176 -1.93185 4.5
    endloop
  endfacet
  facet normal 0.284017 0.958819 0
    outer loop
      vertex -44.618 -1.90211 4.5
      vertex -44.5176 -1.93185 2.2
      vertex -44.618 -1.90211 2.2
    endloop
  endfacet
  facet normal 0.284017 0.958819 -0
    outer loop
      vertex -44.5176 -1.93185 0
      vertex -44.618 -1.90211 2.2
      vertex -44.5176 -1.93185 2.2
    endloop
  endfacet
  facet normal 0.284017 0.958819 0
    outer loop
      vertex -44.618 -1.90211 2.2
      vertex -44.5176 -1.93185 0
      vertex -44.618 -1.90211 0
    endloop
  endfacet
  facet normal -0.999667 0.0257865 0
    outer loop
      vertex -42.0027 -0.104671 2.2
      vertex -42 0 4.5
      vertex -42 0 2.2
    endloop
  endfacet
  facet normal -0.999667 0.0257865 0
    outer loop
      vertex -42 0 4.5
      vertex -42.0027 -0.104671 2.2
      vertex -42.0027 -0.104671 4.5
    endloop
  endfacet
  facet normal -0.999667 0.0257865 0
    outer loop
      vertex -42.0027 -0.104671 0
      vertex -42 0 2.2
      vertex -42 0 0
    endloop
  endfacet
  facet normal -0.999667 0.0257865 0
    outer loop
      vertex -42 0 2.2
      vertex -42.0027 -0.104671 0
      vertex -42.0027 -0.104671 2.2
    endloop
  endfacet
  facet normal 0.522408 0.852696 -0
    outer loop
      vertex -45 -1.73205 2.2
      vertex -45.0893 -1.67734 4.5
      vertex -45 -1.73205 4.5
    endloop
  endfacet
  facet normal 0.522408 0.852696 0
    outer loop
      vertex -45.0893 -1.67734 4.5
      vertex -45 -1.73205 2.2
      vertex -45.0893 -1.67734 2.2
    endloop
  endfacet
  facet normal 0.522408 0.852696 -0
    outer loop
      vertex -45 -1.73205 0
      vertex -45.0893 -1.67734 2.2
      vertex -45 -1.73205 2.2
    endloop
  endfacet
  facet normal 0.522408 0.852696 0
    outer loop
      vertex -45.0893 -1.67734 2.2
      vertex -45 -1.73205 0
      vertex -45.0893 -1.67734 0
    endloop
  endfacet
  facet normal -0.902504 -0.430682 0
    outer loop
      vertex -42.1729 0.813473 2.2
      vertex -42.218 0.907981 4.5
      vertex -42.218 0.907981 2.2
    endloop
  endfacet
  facet normal -0.902504 -0.430682 0
    outer loop
      vertex -42.218 0.907981 4.5
      vertex -42.1729 0.813473 2.2
      vertex -42.1729 0.813473 4.5
    endloop
  endfacet
  facet normal -0.902504 -0.430682 0
    outer loop
      vertex -42.1729 0.813473 0
      vertex -42.218 0.907981 2.2
      vertex -42.218 0.907981 0
    endloop
  endfacet
  facet normal -0.902504 -0.430682 0
    outer loop
      vertex -42.218 0.907981 2.2
      vertex -42.1729 0.813473 0
      vertex -42.1729 0.813473 2.2
    endloop
  endfacet
  facet normal -0.991527 0.129897 0
    outer loop
      vertex -42.0246 -0.312868 2.2
      vertex -42.011 -0.209057 4.5
      vertex -42.011 -0.209057 2.2
    endloop
  endfacet
  facet normal -0.991527 0.129897 0
    outer loop
      vertex -42.011 -0.209057 4.5
      vertex -42.0246 -0.312868 2.2
      vertex -42.0246 -0.312868 4.5
    endloop
  endfacet
  facet normal -0.991527 0.129897 0
    outer loop
      vertex -42.0246 -0.312868 0
      vertex -42.011 -0.209057 2.2
      vertex -42.011 -0.209057 0
    endloop
  endfacet
  facet normal -0.991527 0.129897 0
    outer loop
      vertex -42.011 -0.209057 2.2
      vertex -42.0246 -0.312868 0
      vertex -42.0246 -0.312868 2.2
    endloop
  endfacet
  facet normal -0.130474 -0.991452 0
    outer loop
      vertex -43.7909 1.98904 2.2
      vertex -43.6871 1.97538 4.5
      vertex -43.7909 1.98904 4.5
    endloop
  endfacet
  facet normal -0.130474 -0.991452 -0
    outer loop
      vertex -43.6871 1.97538 4.5
      vertex -43.7909 1.98904 2.2
      vertex -43.6871 1.97538 2.2
    endloop
  endfacet
  facet normal -0.130474 -0.991452 0
    outer loop
      vertex -43.7909 1.98904 0
      vertex -43.6871 1.97538 2.2
      vertex -43.7909 1.98904 2.2
    endloop
  endfacet
  facet normal -0.130474 -0.991452 -0
    outer loop
      vertex -43.6871 1.97538 2.2
      vertex -43.7909 1.98904 0
      vertex -43.6871 1.97538 0
    endloop
  endfacet
  facet normal 0 0 -1
    outer loop
      vertex -42.0027 -0.104671 4.5
      vertex -42.0027 0.104671 4.5
      vertex -42 0 4.5
    endloop
  endfacet
  facet normal 0 0 -1
    outer loop
      vertex -42.011 -0.209057 4.5
      vertex -42.0027 0.104671 4.5
      vertex -42.0027 -0.104671 4.5
    endloop
  endfacet
  facet normal 0 0 -1
    outer loop
      vertex -42.011 -0.209057 4.5
      vertex -42.011 0.209057 4.5
      vertex -42.0027 0.104671 4.5
    endloop
  endfacet
  facet normal 0 0 -1
    outer loop
      vertex -42.0246 -0.312868 4.5
      vertex -42.011 0.209057 4.5
      vertex -42.011 -0.209057 4.5
    endloop
  endfacet
  facet normal 0 0 -1
    outer loop
      vertex -42.0246 -0.312868 4.5
      vertex -42.0246 0.312868 4.5
      vertex -42.011 0.209057 4.5
    endloop
  endfacet
  facet normal 0 0 -1
    outer loop
      vertex -42.0437 -0.415823 4.5
      vertex -42.0246 0.312868 4.5
      vertex -42.0246 -0.312868 4.5
    endloop
  endfacet
  facet normal 0 0 -1
    outer loop
      vertex -42.0437 -0.415823 4.5
      vertex -42.0437 0.415823 4.5
      vertex -42.0246 0.312868 4.5
    endloop
  endfacet
  facet normal 0 0 -1
    outer loop
      vertex -42.0681 -0.517637 4.5
      vertex -42.0437 0.415823 4.5
      vertex -42.0437 -0.415823 4.5
    endloop
  endfacet
  facet normal 0 0 -1
    outer loop
      vertex -42.0681 -0.517637 4.5
      vertex -42.0681 0.517637 4.5
      vertex -42.0437 0.415823 4.5
    endloop
  endfacet
  facet normal 0 0 -1
    outer loop
      vertex -42.0979 -0.618033 4.5
      vertex -42.0681 0.517637 4.5
      vertex -42.0681 -0.517637 4.5
    endloop
  endfacet
  facet normal 0 0 -1
    outer loop
      vertex -42.0979 -0.618033 4.5
      vertex -42.0979 0.618033 4.5
      vertex -42.0681 0.517637 4.5
    endloop
  endfacet
  facet normal 0 0 -1
    outer loop
      vertex -42.1328 -0.716736 4.5
      vertex -42.0979 0.618033 4.5
      vertex -42.0979 -0.618033 4.5
    endloop
  endfacet
  facet normal 0 0 -1
    outer loop
      vertex -42.1328 -0.716736 4.5
      vertex -42.1328 0.716736 4.5
      vertex -42.0979 0.618033 4.5
    endloop
  endfacet
  facet normal 0 0 -1
    outer loop
      vertex -42.1729 -0.813473 4.5
      vertex -42.1328 0.716736 4.5
      vertex -42.1328 -0.716736 4.5
    endloop
  endfacet
  facet normal 0 0 -1
    outer loop
      vertex -42.1729 -0.813473 4.5
      vertex -42.1729 0.813473 4.5
      vertex -42.1328 0.716736 4.5
    endloop
  endfacet
  facet normal 0 0 -1
    outer loop
      vertex -42.218 -0.907981 4.5
      vertex -42.1729 0.813473 4.5
      vertex -42.1729 -0.813473 4.5
    endloop
  endfacet
  facet normal 0 0 -1
    outer loop
      vertex -42.218 -0.907981 4.5
      vertex -42.218 0.907981 4.5
      vertex -42.1729 0.813473 4.5
    endloop
  endfacet
  facet normal 0 0 -1
    outer loop
      vertex -42.2679 -1 4.5
      vertex -42.218 0.907981 4.5
      vertex -42.218 -0.907981 4.5
    endloop
  endfacet
  facet normal 0 0 -1
    outer loop
      vertex -42.2679 -1 4.5
      vertex -42.2679 1 4.5
      vertex -42.218 0.907981 4.5
    endloop
  endfacet
  facet normal 0 0 -1
    outer loop
      vertex -42.3227 -1.08928 4.5
      vertex -42.2679 1 4.5
      vertex -42.2679 -1 4.5
    endloop
  endfacet
  facet normal 0 0 -1
    outer loop
      vertex -42.3227 -1.08928 4.5
      vertex -42.3227 1.08928 4.5
      vertex -42.2679 1 4.5
    endloop
  endfacet
  facet normal 0 0 -1
    outer loop
      vertex -42.382 -1.17557 4.5
      vertex -42.3227 1.08928 4.5
      vertex -42.3227 -1.08928 4.5
    endloop
  endfacet
  facet normal 0 0 -1
    outer loop
      vertex -42.382 -1.17557 4.5
      vertex -42.382 1.17557 4.5
      vertex -42.3227 1.08928 4.5
    endloop
  endfacet
  facet normal 0 0 -1
    outer loop
      vertex -42.4457 -1.25864 4.5
      vertex -42.382 1.17557 4.5
      vertex -42.382 -1.17557 4.5
    endloop
  endfacet
  facet normal 0 0 -1
    outer loop
      vertex -42.4457 -1.25864 4.5
      vertex -42.4457 1.25864 4.5
      vertex -42.382 1.17557 4.5
    endloop
  endfacet
  facet normal 0 0 -1
    outer loop
      vertex -42.5137 -1.33826 4.5
      vertex -42.4457 1.25864 4.5
      vertex -42.4457 -1.25864 4.5
    endloop
  endfacet
  facet normal 0 0 -1
    outer loop
      vertex -42.5137 -1.33826 4.5
      vertex -42.5137 1.33826 4.5
      vertex -42.4457 1.25864 4.5
    endloop
  endfacet
  facet normal 0 0 -1
    outer loop
      vertex -42.5858 -1.41421 4.5
      vertex -42.5137 1.33826 4.5
      vertex -42.5137 -1.33826 4.5
    endloop
  endfacet
  facet normal 0 0 -1
    outer loop
      vertex -42.5858 -1.41421 4.5
      vertex -42.5858 1.41421 4.5
      vertex -42.5137 1.33826 4.5
    endloop
  endfacet
  facet normal 0 0 -1
    outer loop
      vertex -42.6617 -1.48629 4.5
      vertex -42.5858 1.41421 4.5
      vertex -42.5858 -1.41421 4.5
    endloop
  endfacet
  facet normal 0 0 -1
    outer loop
      vertex -42.6617 -1.48629 4.5
      vertex -42.6617 1.48629 4.5
      vertex -42.5858 1.41421 4.5
    endloop
  endfacet
  facet normal 0 0 -1
    outer loop
      vertex -42.7414 -1.55429 4.5
      vertex -42.6617 1.48629 4.5
      vertex -42.6617 -1.48629 4.5
    endloop
  endfacet
  facet normal 0 0 -1
    outer loop
      vertex -42.7414 -1.55429 4.5
      vertex -42.7414 1.55429 4.5
      vertex -42.6617 1.48629 4.5
    endloop
  endfacet
  facet normal 0 0 -1
    outer loop
      vertex -42.8244 -1.61803 4.5
      vertex -42.7414 1.55429 4.5
      vertex -42.7414 -1.55429 4.5
    endloop
  endfacet
  facet normal 0 0 -1
    outer loop
      vertex -42.8244 -1.61803 4.5
      vertex -42.8244 1.61803 4.5
      vertex -42.7414 1.55429 4.5
    endloop
  endfacet
  facet normal 0 0 -1
    outer loop
      vertex -42.9107 -1.67734 4.5
      vertex -42.8244 1.61803 4.5
      vertex -42.8244 -1.61803 4.5
    endloop
  endfacet
  facet normal 0 0 -1
    outer loop
      vertex -42.9107 -1.67734 4.5
      vertex -42.9107 1.67734 4.5
      vertex -42.8244 1.61803 4.5
    endloop
  endfacet
  facet normal 0 0 -1
    outer loop
      vertex -43 -1.73205 4.5
      vertex -42.9107 1.67734 4.5
      vertex -42.9107 -1.67734 4.5
    endloop
  endfacet
  facet normal 0 0 -1
    outer loop
      vertex -43 -1.73205 4.5
      vertex -43 1.73205 4.5
      vertex -42.9107 1.67734 4.5
    endloop
  endfacet
  facet normal 0 0 -1
    outer loop
      vertex -43.092 -1.78201 4.5
      vertex -43 1.73205 4.5
      vertex -43 -1.73205 4.5
    endloop
  endfacet
  facet normal 0 0 -1
    outer loop
      vertex -43.092 -1.78201 4.5
      vertex -43.092 1.78201 4.5
      vertex -43 1.73205 4.5
    endloop
  endfacet
  facet normal 0 0 -1
    outer loop
      vertex -43.1865 -1.82709 4.5
      vertex -43.092 1.78201 4.5
      vertex -43.092 -1.78201 4.5
    endloop
  endfacet
  facet normal 0 0 -1
    outer loop
      vertex -43.1865 -1.82709 4.5
      vertex -43.1865 1.82709 4.5
      vertex -43.092 1.78201 4.5
    endloop
  endfacet
  facet normal 0 0 -1
    outer loop
      vertex -43.2833 -1.86716 4.5
      vertex -43.1865 1.82709 4.5
      vertex -43.1865 -1.82709 4.5
    endloop
  endfacet
  facet normal 0 0 -1
    outer loop
      vertex -43.2833 -1.86716 4.5
      vertex -43.2833 1.86716 4.5
      vertex -43.1865 1.82709 4.5
    endloop
  endfacet
  facet normal 0 0 -1
    outer loop
      vertex -43.382 -1.90211 4.5
      vertex -43.2833 1.86716 4.5
      vertex -43.2833 -1.86716 4.5
    endloop
  endfacet
  facet normal 0 0 -1
    outer loop
      vertex -43.382 -1.90211 4.5
      vertex -43.382 1.90211 4.5
      vertex -43.2833 1.86716 4.5
    endloop
  endfacet
  facet normal 0 0 -1
    outer loop
      vertex -43.4824 -1.93185 4.5
      vertex -43.382 1.90211 4.5
      vertex -43.382 -1.90211 4.5
    endloop
  endfacet
  facet normal 0 0 -1
    outer loop
      vertex -43.4824 -1.93185 4.5
      vertex -43.4824 1.93185 4.5
      vertex -43.382 1.90211 4.5
    endloop
  endfacet
  facet normal 0 0 -1
    outer loop
      vertex -43.5842 -1.9563 4.5
      vertex -43.4824 1.93185 4.5
      vertex -43.4824 -1.93185 4.5
    endloop
  endfacet
  facet normal 0 0 -1
    outer loop
      vertex -43.5842 -1.9563 4.5
      vertex -43.5842 1.9563 4.5
      vertex -43.4824 1.93185 4.5
    endloop
  endfacet
  facet normal 0 0 -1
    outer loop
      vertex -43.6871 -1.97538 4.5
      vertex -43.5842 1.9563 4.5
      vertex -43.5842 -1.9563 4.5
    endloop
  endfacet
  facet normal 0 0 -1
    outer loop
      vertex -43.6871 -1.97538 4.5
      vertex -43.6871 1.97538 4.5
      vertex -43.5842 1.9563 4.5
    endloop
  endfacet
  facet normal 0 0 -1
    outer loop
      vertex -43.7909 -1.98904 4.5
      vertex -43.6871 1.97538 4.5
      vertex -43.6871 -1.97538 4.5
    endloop
  endfacet
  facet normal 0 0 -1
    outer loop
      vertex -43.7909 -1.98904 4.5
      vertex -43.7909 1.98904 4.5
      vertex -43.6871 1.97538 4.5
    endloop
  endfacet
  facet normal 0 0 -1
    outer loop
      vertex -43.8953 -1.99726 4.5
      vertex -43.7909 1.98904 4.5
      vertex -43.7909 -1.98904 4.5
    endloop
  endfacet
  facet normal 0 0 -1
    outer loop
      vertex -43.8953 -1.99726 4.5
      vertex -43.8953 1.99726 4.5
      vertex -43.7909 1.98904 4.5
    endloop
  endfacet
  facet normal 0 0 -1
    outer loop
      vertex -44 -2 4.5
      vertex -43.8953 1.99726 4.5
      vertex -43.8953 -1.99726 4.5
    endloop
  endfacet
  facet normal 0 0 -1
    outer loop
      vertex -44 -2 4.5
      vertex -44 2 4.5
      vertex -43.8953 1.99726 4.5
    endloop
  endfacet
  facet normal 0 0 -1
    outer loop
      vertex -44.1047 -1.99726 4.5
      vertex -44 2 4.5
      vertex -44 -2 4.5
    endloop
  endfacet
  facet normal 0 0 -1
    outer loop
      vertex -44.1047 -1.99726 4.5
      vertex -44.1047 1.99726 4.5
      vertex -44 2 4.5
    endloop
  endfacet
  facet normal 0 0 -1
    outer loop
      vertex -44.2091 -1.98904 4.5
      vertex -44.1047 1.99726 4.5
      vertex -44.1047 -1.99726 4.5
    endloop
  endfacet
  facet normal 0 0 -1
    outer loop
      vertex -44.2091 -1.98904 4.5
      vertex -44.2091 1.98904 4.5
      vertex -44.1047 1.99726 4.5
    endloop
  endfacet
  facet normal 0 0 -1
    outer loop
      vertex -44.3129 -1.97538 4.5
      vertex -44.2091 1.98904 4.5
      vertex -44.2091 -1.98904 4.5
    endloop
  endfacet
  facet normal 0 0 -1
    outer loop
      vertex -44.3129 -1.97538 4.5
      vertex -44.3129 1.97538 4.5
      vertex -44.2091 1.98904 4.5
    endloop
  endfacet
  facet normal 0 0 -1
    outer loop
      vertex -44.4158 -1.9563 4.5
      vertex -44.3129 1.97538 4.5
      vertex -44.3129 -1.97538 4.5
    endloop
  endfacet
  facet normal 0 0 -1
    outer loop
      vertex -44.4158 -1.9563 4.5
      vertex -44.4158 1.9563 4.5
      vertex -44.3129 1.97538 4.5
    endloop
  endfacet
  facet normal 0 0 -1
    outer loop
      vertex -44.5176 -1.93185 4.5
      vertex -44.4158 1.9563 4.5
      vertex -44.4158 -1.9563 4.5
    endloop
  endfacet
  facet normal 0 0 -1
    outer loop
      vertex -44.5176 -1.93185 4.5
      vertex -44.5176 1.93185 4.5
      vertex -44.4158 1.9563 4.5
    endloop
  endfacet
  facet normal 0 0 -1
    outer loop
      vertex -44.618 -1.90211 4.5
      vertex -44.5176 1.93185 4.5
      vertex -44.5176 -1.93185 4.5
    endloop
  endfacet
  facet normal 0 0 -1
    outer loop
      vertex -44.618 -1.90211 4.5
      vertex -44.618 1.90211 4.5
      vertex -44.5176 1.93185 4.5
    endloop
  endfacet
  facet normal 0 0 -1
    outer loop
      vertex -44.7167 -1.86716 4.5
      vertex -44.618 1.90211 4.5
      vertex -44.618 -1.90211 4.5
    endloop
  endfacet
  facet normal 0 0 -1
    outer loop
      vertex -44.7167 -1.86716 4.5
      vertex -44.7167 1.86716 4.5
      vertex -44.618 1.90211 4.5
    endloop
  endfacet
  facet normal 0 0 -1
    outer loop
      vertex -44.8135 -1.82709 4.5
      vertex -44.7167 1.86716 4.5
      vertex -44.7167 -1.86716 4.5
    endloop
  endfacet
  facet normal 0 0 -1
    outer loop
      vertex -44.8135 -1.82709 4.5
      vertex -44.8135 1.82709 4.5
      vertex -44.7167 1.86716 4.5
    endloop
  endfacet
  facet normal 0 0 -1
    outer loop
      vertex -44.908 -1.78201 4.5
      vertex -44.8135 1.82709 4.5
      vertex -44.8135 -1.82709 4.5
    endloop
  endfacet
  facet normal 0 0 -1
    outer loop
      vertex -44.908 -1.78201 4.5
      vertex -44.908 1.78201 4.5
      vertex -44.8135 1.82709 4.5
    endloop
  endfacet
  facet normal 0 0 -1
    outer loop
      vertex -45 -1.73205 4.5
      vertex -44.908 1.78201 4.5
      vertex -44.908 -1.78201 4.5
    endloop
  endfacet
  facet normal 0 0 -1
    outer loop
      vertex -45 -1.73205 4.5
      vertex -45 1.73205 4.5
      vertex -44.908 1.78201 4.5
    endloop
  endfacet
  facet normal 0 0 -1
    outer loop
      vertex -45.0893 -1.67734 4.5
      vertex -45 1.73205 4.5
      vertex -45 -1.73205 4.5
    endloop
  endfacet
  facet normal 0 0 -1
    outer loop
      vertex -45.0893 -1.67734 4.5
      vertex -45.0893 1.67734 4.5
      vertex -45 1.73205 4.5
    endloop
  endfacet
  facet normal 0 0 -1
    outer loop
      vertex -45.1756 -1.61803 4.5
      vertex -45.0893 1.67734 4.5
      vertex -45.0893 -1.67734 4.5
    endloop
  endfacet
  facet normal 0 0 -1
    outer loop
      vertex -45.1756 -1.61803 4.5
      vertex -45.1756 1.61803 4.5
      vertex -45.0893 1.67734 4.5
    endloop
  endfacet
  facet normal 0 0 -1
    outer loop
      vertex -45.2586 -1.55429 4.5
      vertex -45.1756 1.61803 4.5
      vertex -45.1756 -1.61803 4.5
    endloop
  endfacet
  facet normal 0 0 -1
    outer loop
      vertex -45.2586 -1.55429 4.5
      vertex -45.2586 1.55429 4.5
      vertex -45.1756 1.61803 4.5
    endloop
  endfacet
  facet normal 0 0 -1
    outer loop
      vertex -45.3383 -1.48629 4.5
      vertex -45.2586 1.55429 4.5
      vertex -45.2586 -1.55429 4.5
    endloop
  endfacet
  facet normal 0 0 -1
    outer loop
      vertex -45.3383 -1.48629 4.5
      vertex -45.3383 1.48629 4.5
      vertex -45.2586 1.55429 4.5
    endloop
  endfacet
  facet normal 0 0 -1
    outer loop
      vertex -45.4142 -1.41421 4.5
      vertex -45.3383 1.48629 4.5
      vertex -45.3383 -1.48629 4.5
    endloop
  endfacet
  facet normal 0 0 -1
    outer loop
      vertex -45.4142 -1.41421 4.5
      vertex -45.4142 1.41421 4.5
      vertex -45.3383 1.48629 4.5
    endloop
  endfacet
  facet normal 0 0 -1
    outer loop
      vertex -45.4863 -1.33826 4.5
      vertex -45.4142 1.41421 4.5
      vertex -45.4142 -1.41421 4.5
    endloop
  endfacet
  facet normal 0 0 -1
    outer loop
      vertex -45.4863 -1.33826 4.5
      vertex -45.4863 1.33826 4.5
      vertex -45.4142 1.41421 4.5
    endloop
  endfacet
  facet normal 0 0 -1
    outer loop
      vertex -45.5543 -1.25864 4.5
      vertex -45.4863 1.33826 4.5
      vertex -45.4863 -1.33826 4.5
    endloop
  endfacet
  facet normal 0 0 -1
    outer loop
      vertex -45.5543 -1.25864 4.5
      vertex -45.5543 1.25864 4.5
      vertex -45.4863 1.33826 4.5
    endloop
  endfacet
  facet normal 0 0 -1
    outer loop
      vertex -45.618 -1.17557 4.5
      vertex -45.5543 1.25864 4.5
      vertex -45.5543 -1.25864 4.5
    endloop
  endfacet
  facet normal 0 0 -1
    outer loop
      vertex -45.618 -1.17557 4.5
      vertex -45.618 1.17557 4.5
      vertex -45.5543 1.25864 4.5
    endloop
  endfacet
  facet normal 0 0 -1
    outer loop
      vertex -45.6773 -1.08928 4.5
      vertex -45.618 1.17557 4.5
      vertex -45.618 -1.17557 4.5
    endloop
  endfacet
  facet normal 0 0 -1
    outer loop
      vertex -45.6773 -1.08928 4.5
      vertex -45.6773 1.08928 4.5
      vertex -45.618 1.17557 4.5
    endloop
  endfacet
  facet normal 0 0 -1
    outer loop
      vertex -45.732 -1 4.5
      vertex -45.6773 1.08928 4.5
      vertex -45.6773 -1.08928 4.5
    endloop
  endfacet
  facet normal 0 0 -1
    outer loop
      vertex -45.732 -1 4.5
      vertex -45.732 1 4.5
      vertex -45.6773 1.08928 4.5
    endloop
  endfacet
  facet normal 0 0 -1
    outer loop
      vertex -45.782 -0.907981 4.5
      vertex -45.732 1 4.5
      vertex -45.732 -1 4.5
    endloop
  endfacet
  facet normal 0 0 -1
    outer loop
      vertex -45.782 -0.907981 4.5
      vertex -45.782 0.907981 4.5
      vertex -45.732 1 4.5
    endloop
  endfacet
  facet normal 0 0 -1
    outer loop
      vertex -45.8271 -0.813473 4.5
      vertex -45.782 0.907981 4.5
      vertex -45.782 -0.907981 4.5
    endloop
  endfacet
  facet normal 0 0 -1
    outer loop
      vertex -45.8271 -0.813473 4.5
      vertex -45.8271 0.813473 4.5
      vertex -45.782 0.907981 4.5
    endloop
  endfacet
  facet normal 0 0 -1
    outer loop
      vertex -45.8672 -0.716736 4.5
      vertex -45.8271 0.813473 4.5
      vertex -45.8271 -0.813473 4.5
    endloop
  endfacet
  facet normal 0 0 -1
    outer loop
      vertex -45.8672 -0.716736 4.5
      vertex -45.8672 0.716736 4.5
      vertex -45.8271 0.813473 4.5
    endloop
  endfacet
  facet normal 0 0 -1
    outer loop
      vertex -45.9021 -0.618033 4.5
      vertex -45.8672 0.716736 4.5
      vertex -45.8672 -0.716736 4.5
    endloop
  endfacet
  facet normal 0 0 -1
    outer loop
      vertex -45.9021 -0.618033 4.5
      vertex -45.9021 0.618033 4.5
      vertex -45.8672 0.716736 4.5
    endloop
  endfacet
  facet normal 0 0 -1
    outer loop
      vertex -45.9319 -0.517637 4.5
      vertex -45.9021 0.618033 4.5
      vertex -45.9021 -0.618033 4.5
    endloop
  endfacet
  facet normal 0 0 -1
    outer loop
      vertex -45.9319 -0.517637 4.5
      vertex -45.9319 0.517637 4.5
      vertex -45.9021 0.618033 4.5
    endloop
  endfacet
  facet normal 0 0 -1
    outer loop
      vertex -45.9563 -0.415823 4.5
      vertex -45.9319 0.517637 4.5
      vertex -45.9319 -0.517637 4.5
    endloop
  endfacet
  facet normal 0 0 -1
    outer loop
      vertex -45.9563 -0.415823 4.5
      vertex -45.9563 0.415823 4.5
      vertex -45.9319 0.517637 4.5
    endloop
  endfacet
  facet normal 0 0 -1
    outer loop
      vertex -45.9754 -0.312868 4.5
      vertex -45.9563 0.415823 4.5
      vertex -45.9563 -0.415823 4.5
    endloop
  endfacet
  facet normal 0 0 -1
    outer loop
      vertex -45.9754 -0.312868 4.5
      vertex -45.9754 0.312868 4.5
      vertex -45.9563 0.415823 4.5
    endloop
  endfacet
  facet normal 0 0 -1
    outer loop
      vertex -45.989 -0.209057 4.5
      vertex -45.9754 0.312868 4.5
      vertex -45.9754 -0.312868 4.5
    endloop
  endfacet
  facet normal 0 0 -1
    outer loop
      vertex -45.989 -0.209057 4.5
      vertex -45.989 0.209057 4.5
      vertex -45.9754 0.312868 4.5
    endloop
  endfacet
  facet normal 0 0 -1
    outer loop
      vertex -45.9973 -0.104671 4.5
      vertex -45.989 0.209057 4.5
      vertex -45.989 -0.209057 4.5
    endloop
  endfacet
  facet normal 0 0 -1
    outer loop
      vertex -45.9973 -0.104671 4.5
      vertex -45.9973 0.104671 4.5
      vertex -45.989 0.209057 4.5
    endloop
  endfacet
  facet normal 0 -0 -1
    outer loop
      vertex -45.9973 0.104671 4.5
      vertex -45.9973 -0.104671 4.5
      vertex -46 0 4.5
    endloop
  endfacet
  facet normal 0.609073 -0.793114 0
    outer loop
      vertex -45.2586 1.55429 2.2
      vertex -45.1756 1.61803 4.5
      vertex -45.2586 1.55429 4.5
    endloop
  endfacet
  facet normal 0.609073 -0.793114 0
    outer loop
      vertex -45.1756 1.61803 4.5
      vertex -45.2586 1.55429 2.2
      vertex -45.1756 1.61803 2.2
    endloop
  endfacet
  facet normal 0.609073 -0.793114 0
    outer loop
      vertex -45.2586 1.55429 0
      vertex -45.1756 1.61803 2.2
      vertex -45.2586 1.55429 2.2
    endloop
  endfacet
  facet normal 0.609073 -0.793114 0
    outer loop
      vertex -45.1756 1.61803 2.2
      vertex -45.2586 1.55429 0
      vertex -45.1756 1.61803 0
    endloop
  endfacet
  facet normal -0.522408 -0.852696 0
    outer loop
      vertex -43 1.73205 2.2
      vertex -42.9107 1.67734 4.5
      vertex -43 1.73205 4.5
    endloop
  endfacet
  facet normal -0.522408 -0.852696 -0
    outer loop
      vertex -42.9107 1.67734 4.5
      vertex -43 1.73205 2.2
      vertex -42.9107 1.67734 2.2
    endloop
  endfacet
  facet normal -0.522408 -0.852696 0
    outer loop
      vertex -43 1.73205 0
      vertex -42.9107 1.67734 2.2
      vertex -43 1.73205 2.2
    endloop
  endfacet
  facet normal -0.522408 -0.852696 -0
    outer loop
      vertex -42.9107 1.67734 2.2
      vertex -43 1.73205 0
      vertex -42.9107 1.67734 0
    endloop
  endfacet
  facet normal -0.999667 -0.0257865 0
    outer loop
      vertex -42 0 2.2
      vertex -42.0027 0.104671 4.5
      vertex -42.0027 0.104671 2.2
    endloop
  endfacet
  facet normal -0.999667 -0.0257865 0
    outer loop
      vertex -42.0027 0.104671 4.5
      vertex -42 0 2.2
      vertex -42 0 4.5
    endloop
  endfacet
  facet normal -0.999667 -0.0257865 0
    outer loop
      vertex -42 0 0
      vertex -42.0027 0.104671 2.2
      vertex -42.0027 0.104671 0
    endloop
  endfacet
  facet normal -0.999667 -0.0257865 0
    outer loop
      vertex -42.0027 0.104671 2.2
      vertex -42 0 0
      vertex -42 0 2.2
    endloop
  endfacet
  facet normal -0.233536 -0.972348 0
    outer loop
      vertex -43.5842 1.9563 2.2
      vertex -43.4824 1.93185 4.5
      vertex -43.5842 1.9563 4.5
    endloop
  endfacet
  facet normal -0.233536 -0.972348 -0
    outer loop
      vertex -43.4824 1.93185 4.5
      vertex -43.5842 1.9563 2.2
      vertex -43.4824 1.93185 2.2
    endloop
  endfacet
  facet normal -0.233536 -0.972348 0
    outer loop
      vertex -43.5842 1.9563 0
      vertex -43.4824 1.93185 2.2
      vertex -43.5842 1.9563 2.2
    endloop
  endfacet
  facet normal -0.233536 -0.972348 -0
    outer loop
      vertex -43.4824 1.93185 2.2
      vertex -43.5842 1.9563 0
      vertex -43.4824 1.93185 0
    endloop
  endfacet
  facet normal 0.477218 -0.878785 0
    outer loop
      vertex -45 1.73205 2.2
      vertex -44.908 1.78201 4.5
      vertex -45 1.73205 4.5
    endloop
  endfacet
  facet normal 0.477218 -0.878785 0
    outer loop
      vertex -44.908 1.78201 4.5
      vertex -45 1.73205 2.2
      vertex -44.908 1.78201 2.2
    endloop
  endfacet
  facet normal 0.477218 -0.878785 0
    outer loop
      vertex -45 1.73205 0
      vertex -44.908 1.78201 2.2
      vertex -45 1.73205 2.2
    endloop
  endfacet
  facet normal 0.477218 -0.878785 0
    outer loop
      vertex -44.908 1.78201 2.2
      vertex -45 1.73205 0
      vertex -44.908 1.78201 0
    endloop
  endfacet
  facet normal -0.923777 -0.38293 0
    outer loop
      vertex -42.1328 0.716736 2.2
      vertex -42.1729 0.813473 4.5
      vertex -42.1729 0.813473 2.2
    endloop
  endfacet
  facet normal -0.923777 -0.38293 0
    outer loop
      vertex -42.1729 0.813473 4.5
      vertex -42.1328 0.716736 2.2
      vertex -42.1328 0.716736 4.5
    endloop
  endfacet
  facet normal -0.923777 -0.38293 0
    outer loop
      vertex -42.1328 0.716736 0
      vertex -42.1729 0.813473 2.2
      vertex -42.1729 0.813473 0
    endloop
  endfacet
  facet normal -0.923777 -0.38293 0
    outer loop
      vertex -42.1729 0.813473 2.2
      vertex -42.1328 0.716736 0
      vertex -42.1328 0.716736 2.2
    endloop
  endfacet
  facet normal -0.793546 -0.60851 0
    outer loop
      vertex -42.382 1.17557 2.2
      vertex -42.4457 1.25864 4.5
      vertex -42.4457 1.25864 2.2
    endloop
  endfacet
  facet normal -0.793546 -0.60851 0
    outer loop
      vertex -42.4457 1.25864 4.5
      vertex -42.382 1.17557 2.2
      vertex -42.382 1.17557 4.5
    endloop
  endfacet
  facet normal -0.793546 -0.60851 0
    outer loop
      vertex -42.382 1.17557 0
      vertex -42.4457 1.25864 2.2
      vertex -42.4457 1.25864 0
    endloop
  endfacet
  facet normal -0.793546 -0.60851 0
    outer loop
      vertex -42.4457 1.25864 2.2
      vertex -42.382 1.17557 0
      vertex -42.382 1.17557 2.2
    endloop
  endfacet
  facet normal 0.430556 0.902564 -0
    outer loop
      vertex -44.8135 -1.82709 2.2
      vertex -44.908 -1.78201 4.5
      vertex -44.8135 -1.82709 4.5
    endloop
  endfacet
  facet normal 0.430556 0.902564 0
    outer loop
      vertex -44.908 -1.78201 4.5
      vertex -44.8135 -1.82709 2.2
      vertex -44.908 -1.78201 2.2
    endloop
  endfacet
  facet normal 0.430556 0.902564 -0
    outer loop
      vertex -44.8135 -1.82709 0
      vertex -44.908 -1.78201 2.2
      vertex -44.8135 -1.82709 2.2
    endloop
  endfacet
  facet normal 0.430556 0.902564 0
    outer loop
      vertex -44.908 -1.78201 2.2
      vertex -44.8135 -1.82709 0
      vertex -44.908 -1.78201 0
    endloop
  endfacet
  facet normal 0.95866 -0.284554 0
    outer loop
      vertex -45.9319 0.517637 4.5
      vertex -45.9021 0.618033 2.2
      vertex -45.9021 0.618033 4.5
    endloop
  endfacet
  facet normal 0.95866 -0.284554 0
    outer loop
      vertex -45.9021 0.618033 2.2
      vertex -45.9319 0.517637 4.5
      vertex -45.9319 0.517637 2.2
    endloop
  endfacet
  facet normal 0.95866 -0.284554 0
    outer loop
      vertex -45.9319 0.517637 2.2
      vertex -45.9021 0.618033 0
      vertex -45.9021 0.618033 2.2
    endloop
  endfacet
  facet normal 0.95866 -0.284554 0
    outer loop
      vertex -45.9021 0.618033 0
      vertex -45.9319 0.517637 2.2
      vertex -45.9319 0.517637 0
    endloop
  endfacet
  facet normal 0.0784927 0.996915 -0
    outer loop
      vertex -44.1047 -1.99726 2.2
      vertex -44.2091 -1.98904 4.5
      vertex -44.1047 -1.99726 4.5
    endloop
  endfacet
  facet normal 0.0784927 0.996915 0
    outer loop
      vertex -44.2091 -1.98904 4.5
      vertex -44.1047 -1.99726 2.2
      vertex -44.2091 -1.98904 2.2
    endloop
  endfacet
  facet normal 0.0784927 0.996915 -0
    outer loop
      vertex -44.1047 -1.99726 0
      vertex -44.2091 -1.98904 2.2
      vertex -44.1047 -1.99726 2.2
    endloop
  endfacet
  facet normal 0.0784927 0.996915 0
    outer loop
      vertex -44.2091 -1.98904 2.2
      vertex -44.1047 -1.99726 0
      vertex -44.2091 -1.98904 0
    endloop
  endfacet
  facet normal 0.999667 -0.0257865 0
    outer loop
      vertex -46 0 4.5
      vertex -45.9973 0.104671 2.2
      vertex -45.9973 0.104671 4.5
    endloop
  endfacet
  facet normal 0.999667 -0.0257865 0
    outer loop
      vertex -45.9973 0.104671 2.2
      vertex -46 0 4.5
      vertex -46 0 2.2
    endloop
  endfacet
  facet normal 0.999667 -0.0257865 0
    outer loop
      vertex -46 0 2.2
      vertex -45.9973 0.104671 0
      vertex -45.9973 0.104671 2.2
    endloop
  endfacet
  facet normal 0.999667 -0.0257865 0
    outer loop
      vertex -45.9973 0.104671 0
      vertex -46 0 2.2
      vertex -46 0 0
    endloop
  endfacet
  facet normal 0.878666 0.477437 0
    outer loop
      vertex -45.732 -1 4.5
      vertex -45.782 -0.907981 2.2
      vertex -45.782 -0.907981 4.5
    endloop
  endfacet
  facet normal 0.878666 0.477437 0
    outer loop
      vertex -45.782 -0.907981 2.2
      vertex -45.732 -1 4.5
      vertex -45.732 -1 2.2
    endloop
  endfacet
  facet normal 0.878666 0.477437 0
    outer loop
      vertex -45.732 -1 2.2
      vertex -45.782 -0.907981 0
      vertex -45.782 -0.907981 2.2
    endloop
  endfacet
  facet normal 0.878666 0.477437 0
    outer loop
      vertex -45.782 -0.907981 0
      vertex -45.732 -1 2.2
      vertex -45.732 -1 0
    endloop
  endfacet
  facet normal -0.95866 -0.284554 0
    outer loop
      vertex -42.0681 0.517637 2.2
      vertex -42.0979 0.618033 4.5
      vertex -42.0979 0.618033 2.2
    endloop
  endfacet
  facet normal -0.95866 -0.284554 0
    outer loop
      vertex -42.0979 0.618033 4.5
      vertex -42.0681 0.517637 2.2
      vertex -42.0681 0.517637 4.5
    endloop
  endfacet
  facet normal -0.95866 -0.284554 0
    outer loop
      vertex -42.0681 0.517637 0
      vertex -42.0979 0.618033 2.2
      vertex -42.0979 0.618033 0
    endloop
  endfacet
  facet normal -0.95866 -0.284554 0
    outer loop
      vertex -42.0979 0.618033 2.2
      vertex -42.0681 0.517637 0
      vertex -42.0681 0.517637 2.2
    endloop
  endfacet
  facet normal 0.72525 -0.688486 0
    outer loop
      vertex -45.4863 1.33826 4.5
      vertex -45.4142 1.41421 2.2
      vertex -45.4142 1.41421 4.5
    endloop
  endfacet
  facet normal 0.72525 -0.688486 0
    outer loop
      vertex -45.4142 1.41421 2.2
      vertex -45.4863 1.33826 4.5
      vertex -45.4863 1.33826 2.2
    endloop
  endfacet
  facet normal 0.72525 -0.688486 0
    outer loop
      vertex -45.4863 1.33826 2.2
      vertex -45.4142 1.41421 0
      vertex -45.4142 1.41421 2.2
    endloop
  endfacet
  facet normal 0.72525 -0.688486 0
    outer loop
      vertex -45.4142 1.41421 0
      vertex -45.4863 1.33826 2.2
      vertex -45.4863 1.33826 0
    endloop
  endfacet
  facet normal 0.566391 0.824137 -0
    outer loop
      vertex -45.0893 -1.67734 2.2
      vertex -45.1756 -1.61803 4.5
      vertex -45.0893 -1.67734 4.5
    endloop
  endfacet
  facet normal 0.566391 0.824137 0
    outer loop
      vertex -45.1756 -1.61803 4.5
      vertex -45.0893 -1.67734 2.2
      vertex -45.1756 -1.61803 2.2
    endloop
  endfacet
  facet normal 0.566391 0.824137 -0
    outer loop
      vertex -45.0893 -1.67734 0
      vertex -45.1756 -1.61803 2.2
      vertex -45.0893 -1.67734 2.2
    endloop
  endfacet
  facet normal 0.566391 0.824137 0
    outer loop
      vertex -45.1756 -1.61803 2.2
      vertex -45.0893 -1.67734 0
      vertex -45.1756 -1.61803 0
    endloop
  endfacet
  facet normal -0.688624 -0.725119 0
    outer loop
      vertex -42.6617 1.48629 2.2
      vertex -42.5858 1.41421 4.5
      vertex -42.6617 1.48629 4.5
    endloop
  endfacet
  facet normal -0.688624 -0.725119 -0
    outer loop
      vertex -42.5858 1.41421 4.5
      vertex -42.6617 1.48629 2.2
      vertex -42.5858 1.41421 2.2
    endloop
  endfacet
  facet normal -0.688624 -0.725119 0
    outer loop
      vertex -42.6617 1.48629 0
      vertex -42.5858 1.41421 2.2
      vertex -42.6617 1.48629 2.2
    endloop
  endfacet
  facet normal -0.688624 -0.725119 -0
    outer loop
      vertex -42.5858 1.41421 2.2
      vertex -42.6617 1.48629 0
      vertex -42.5858 1.41421 0
    endloop
  endfacet
  facet normal 0.878666 -0.477437 0
    outer loop
      vertex -45.782 0.907981 4.5
      vertex -45.732 1 2.2
      vertex -45.732 1 4.5
    endloop
  endfacet
  facet normal 0.878666 -0.477437 0
    outer loop
      vertex -45.732 1 2.2
      vertex -45.782 0.907981 4.5
      vertex -45.782 0.907981 2.2
    endloop
  endfacet
  facet normal 0.878666 -0.477437 0
    outer loop
      vertex -45.782 0.907981 2.2
      vertex -45.732 1 0
      vertex -45.732 1 2.2
    endloop
  endfacet
  facet normal 0.878666 -0.477437 0
    outer loop
      vertex -45.732 1 0
      vertex -45.782 0.907981 2.2
      vertex -45.782 0.907981 0
    endloop
  endfacet
  facet normal 0.382473 -0.923967 0
    outer loop
      vertex -44.8135 1.82709 2.2
      vertex -44.7167 1.86716 4.5
      vertex -44.8135 1.82709 4.5
    endloop
  endfacet
  facet normal 0.382473 -0.923967 0
    outer loop
      vertex -44.7167 1.86716 4.5
      vertex -44.8135 1.82709 2.2
      vertex -44.7167 1.86716 2.2
    endloop
  endfacet
  facet normal 0.382473 -0.923967 0
    outer loop
      vertex -44.8135 1.82709 0
      vertex -44.7167 1.86716 2.2
      vertex -44.8135 1.82709 2.2
    endloop
  endfacet
  facet normal 0.382473 -0.923967 0
    outer loop
      vertex -44.7167 1.86716 2.2
      vertex -44.8135 1.82709 0
      vertex -44.7167 1.86716 0
    endloop
  endfacet
  facet normal 0.760415 -0.649438 0
    outer loop
      vertex -45.5543 1.25864 4.5
      vertex -45.4863 1.33826 2.2
      vertex -45.4863 1.33826 4.5
    endloop
  endfacet
  facet normal 0.760415 -0.649438 0
    outer loop
      vertex -45.4863 1.33826 2.2
      vertex -45.5543 1.25864 4.5
      vertex -45.5543 1.25864 2.2
    endloop
  endfacet
  facet normal 0.760415 -0.649438 0
    outer loop
      vertex -45.5543 1.25864 2.2
      vertex -45.4863 1.33826 0
      vertex -45.4863 1.33826 2.2
    endloop
  endfacet
  facet normal 0.760415 -0.649438 0
    outer loop
      vertex -45.4863 1.33826 0
      vertex -45.5543 1.25864 2.2
      vertex -45.5543 1.25864 0
    endloop
  endfacet
  facet normal -0.609073 0.793114 0
    outer loop
      vertex -42.7414 -1.55429 2.2
      vertex -42.8244 -1.61803 4.5
      vertex -42.7414 -1.55429 4.5
    endloop
  endfacet
  facet normal -0.609073 0.793114 0
    outer loop
      vertex -42.8244 -1.61803 4.5
      vertex -42.7414 -1.55429 2.2
      vertex -42.8244 -1.61803 2.2
    endloop
  endfacet
  facet normal -0.609073 0.793114 0
    outer loop
      vertex -42.7414 -1.55429 0
      vertex -42.8244 -1.61803 2.2
      vertex -42.7414 -1.55429 2.2
    endloop
  endfacet
  facet normal -0.609073 0.793114 0
    outer loop
      vertex -42.8244 -1.61803 2.2
      vertex -42.7414 -1.55429 0
      vertex -42.8244 -1.61803 0
    endloop
  endfacet
  facet normal 0.824151 0.566371 0
    outer loop
      vertex -45.618 -1.17557 4.5
      vertex -45.6773 -1.08928 2.2
      vertex -45.6773 -1.08928 4.5
    endloop
  endfacet
  facet normal 0.824151 0.566371 0
    outer loop
      vertex -45.6773 -1.08928 2.2
      vertex -45.618 -1.17557 4.5
      vertex -45.618 -1.17557 2.2
    endloop
  endfacet
  facet normal 0.824151 0.566371 0
    outer loop
      vertex -45.618 -1.17557 2.2
      vertex -45.6773 -1.08928 0
      vertex -45.6773 -1.08928 2.2
    endloop
  endfacet
  facet normal 0.824151 0.566371 0
    outer loop
      vertex -45.6773 -1.08928 0
      vertex -45.618 -1.17557 2.2
      vertex -45.618 -1.17557 0
    endloop
  endfacet
  facet normal 0.130474 -0.991452 0
    outer loop
      vertex -44.3129 1.97538 2.2
      vertex -44.2091 1.98904 4.5
      vertex -44.3129 1.97538 4.5
    endloop
  endfacet
  facet normal 0.130474 -0.991452 0
    outer loop
      vertex -44.2091 1.98904 4.5
      vertex -44.3129 1.97538 2.2
      vertex -44.2091 1.98904 2.2
    endloop
  endfacet
  facet normal 0.130474 -0.991452 0
    outer loop
      vertex -44.3129 1.97538 0
      vertex -44.2091 1.98904 2.2
      vertex -44.3129 1.97538 2.2
    endloop
  endfacet
  facet normal 0.130474 -0.991452 0
    outer loop
      vertex -44.2091 1.98904 2.2
      vertex -44.3129 1.97538 0
      vertex -44.2091 1.98904 0
    endloop
  endfacet
  facet normal -0.566391 -0.824137 0
    outer loop
      vertex -42.9107 1.67734 2.2
      vertex -42.8244 1.61803 4.5
      vertex -42.9107 1.67734 4.5
    endloop
  endfacet
  facet normal -0.566391 -0.824137 -0
    outer loop
      vertex -42.8244 1.61803 4.5
      vertex -42.9107 1.67734 2.2
      vertex -42.8244 1.61803 2.2
    endloop
  endfacet
  facet normal -0.566391 -0.824137 0
    outer loop
      vertex -42.9107 1.67734 0
      vertex -42.8244 1.61803 2.2
      vertex -42.9107 1.67734 2.2
    endloop
  endfacet
  facet normal -0.566391 -0.824137 -0
    outer loop
      vertex -42.8244 1.61803 2.2
      vertex -42.9107 1.67734 0
      vertex -42.8244 1.61803 0
    endloop
  endfacet
  facet normal -0.996854 -0.0792624 0
    outer loop
      vertex -42.0027 0.104671 2.2
      vertex -42.011 0.209057 4.5
      vertex -42.011 0.209057 2.2
    endloop
  endfacet
  facet normal -0.996854 -0.0792624 0
    outer loop
      vertex -42.011 0.209057 4.5
      vertex -42.0027 0.104671 2.2
      vertex -42.0027 0.104671 4.5
    endloop
  endfacet
  facet normal -0.996854 -0.0792624 0
    outer loop
      vertex -42.0027 0.104671 0
      vertex -42.011 0.209057 2.2
      vertex -42.011 0.209057 0
    endloop
  endfacet
  facet normal -0.996854 -0.0792624 0
    outer loop
      vertex -42.011 0.209057 2.2
      vertex -42.0027 0.104671 0
      vertex -42.0027 0.104671 2.2
    endloop
  endfacet
  facet normal -0.430556 0.902564 0
    outer loop
      vertex -43.092 -1.78201 2.2
      vertex -43.1865 -1.82709 4.5
      vertex -43.092 -1.78201 4.5
    endloop
  endfacet
  facet normal -0.430556 0.902564 0
    outer loop
      vertex -43.1865 -1.82709 4.5
      vertex -43.092 -1.78201 2.2
      vertex -43.1865 -1.82709 2.2
    endloop
  endfacet
  facet normal -0.430556 0.902564 0
    outer loop
      vertex -43.092 -1.78201 0
      vertex -43.1865 -1.82709 2.2
      vertex -43.092 -1.78201 2.2
    endloop
  endfacet
  facet normal -0.430556 0.902564 0
    outer loop
      vertex -43.1865 -1.82709 2.2
      vertex -43.092 -1.78201 0
      vertex -43.1865 -1.82709 0
    endloop
  endfacet
  facet normal 0.991527 -0.129897 0
    outer loop
      vertex -45.989 0.209057 4.5
      vertex -45.9754 0.312868 2.2
      vertex -45.9754 0.312868 4.5
    endloop
  endfacet
  facet normal 0.991527 -0.129897 0
    outer loop
      vertex -45.9754 0.312868 2.2
      vertex -45.989 0.209057 4.5
      vertex -45.989 0.209057 2.2
    endloop
  endfacet
  facet normal 0.991527 -0.129897 0
    outer loop
      vertex -45.989 0.209057 2.2
      vertex -45.9754 0.312868 0
      vertex -45.9754 0.312868 2.2
    endloop
  endfacet
  facet normal 0.991527 -0.129897 0
    outer loop
      vertex -45.9754 0.312868 0
      vertex -45.989 0.209057 2.2
      vertex -45.989 0.209057 0
    endloop
  endfacet
  facet normal 0.0261611 0.999658 -0
    outer loop
      vertex -44 -2 2.2
      vertex -44.1047 -1.99726 4.5
      vertex -44 -2 4.5
    endloop
  endfacet
  facet normal 0.0261611 0.999658 0
    outer loop
      vertex -44.1047 -1.99726 4.5
      vertex -44 -2 2.2
      vertex -44.1047 -1.99726 2.2
    endloop
  endfacet
  facet normal 0.0261611 0.999658 -0
    outer loop
      vertex -44 -2 0
      vertex -44.1047 -1.99726 2.2
      vertex -44 -2 2.2
    endloop
  endfacet
  facet normal 0.0261611 0.999658 0
    outer loop
      vertex -44.1047 -1.99726 2.2
      vertex -44 -2 0
      vertex -44.1047 -1.99726 0
    endloop
  endfacet
  facet normal -0.942799 0.333361 0
    outer loop
      vertex -42.1328 -0.716736 2.2
      vertex -42.0979 -0.618033 4.5
      vertex -42.0979 -0.618033 2.2
    endloop
  endfacet
  facet normal -0.942799 0.333361 0
    outer loop
      vertex -42.0979 -0.618033 4.5
      vertex -42.1328 -0.716736 2.2
      vertex -42.1328 -0.716736 4.5
    endloop
  endfacet
  facet normal -0.942799 0.333361 0
    outer loop
      vertex -42.1328 -0.716736 0
      vertex -42.0979 -0.618033 2.2
      vertex -42.0979 -0.618033 0
    endloop
  endfacet
  facet normal -0.942799 0.333361 0
    outer loop
      vertex -42.0979 -0.618033 2.2
      vertex -42.1328 -0.716736 0
      vertex -42.1328 -0.716736 2.2
    endloop
  endfacet
  facet normal 0.130474 0.991452 -0
    outer loop
      vertex -44.2091 -1.98904 2.2
      vertex -44.3129 -1.97538 4.5
      vertex -44.2091 -1.98904 4.5
    endloop
  endfacet
  facet normal 0.130474 0.991452 0
    outer loop
      vertex -44.3129 -1.97538 4.5
      vertex -44.2091 -1.98904 2.2
      vertex -44.3129 -1.97538 2.2
    endloop
  endfacet
  facet normal 0.130474 0.991452 -0
    outer loop
      vertex -44.2091 -1.98904 0
      vertex -44.3129 -1.97538 2.2
      vertex -44.2091 -1.98904 2.2
    endloop
  endfacet
  facet normal 0.130474 0.991452 0
    outer loop
      vertex -44.3129 -1.97538 2.2
      vertex -44.2091 -1.98904 0
      vertex -44.3129 -1.97538 0
    endloop
  endfacet
  facet normal -0.477218 -0.878785 0
    outer loop
      vertex -43.092 1.78201 2.2
      vertex -43 1.73205 4.5
      vertex -43.092 1.78201 4.5
    endloop
  endfacet
  facet normal -0.477218 -0.878785 -0
    outer loop
      vertex -43 1.73205 4.5
      vertex -43.092 1.78201 2.2
      vertex -43 1.73205 2.2
    endloop
  endfacet
  facet normal -0.477218 -0.878785 0
    outer loop
      vertex -43.092 1.78201 0
      vertex -43 1.73205 2.2
      vertex -43.092 1.78201 2.2
    endloop
  endfacet
  facet normal -0.477218 -0.878785 -0
    outer loop
      vertex -43 1.73205 2.2
      vertex -43.092 1.78201 0
      vertex -43 1.73205 0
    endloop
  endfacet
  facet normal 0.996854 0.0792624 0
    outer loop
      vertex -45.989 -0.209057 4.5
      vertex -45.9973 -0.104671 2.2
      vertex -45.9973 -0.104671 4.5
    endloop
  endfacet
  facet normal 0.996854 0.0792624 0
    outer loop
      vertex -45.9973 -0.104671 2.2
      vertex -45.989 -0.209057 4.5
      vertex -45.989 -0.209057 2.2
    endloop
  endfacet
  facet normal 0.996854 0.0792624 0
    outer loop
      vertex -45.989 -0.209057 2.2
      vertex -45.9973 -0.104671 0
      vertex -45.9973 -0.104671 2.2
    endloop
  endfacet
  facet normal 0.996854 0.0792624 0
    outer loop
      vertex -45.9973 -0.104671 0
      vertex -45.989 -0.209057 2.2
      vertex -45.989 -0.209057 0
    endloop
  endfacet
  facet normal -0.72525 -0.688486 0
    outer loop
      vertex -42.5137 1.33826 2.2
      vertex -42.5858 1.41421 4.5
      vertex -42.5858 1.41421 2.2
    endloop
  endfacet
  facet normal -0.72525 -0.688486 0
    outer loop
      vertex -42.5858 1.41421 4.5
      vertex -42.5137 1.33826 2.2
      vertex -42.5137 1.33826 4.5
    endloop
  endfacet
  facet normal -0.72525 -0.688486 0
    outer loop
      vertex -42.5137 1.33826 0
      vertex -42.5858 1.41421 2.2
      vertex -42.5858 1.41421 0
    endloop
  endfacet
  facet normal -0.72525 -0.688486 0
    outer loop
      vertex -42.5858 1.41421 2.2
      vertex -42.5137 1.33826 0
      vertex -42.5137 1.33826 2.2
    endloop
  endfacet
  facet normal 0.983223 0.182406 0
    outer loop
      vertex -45.9563 -0.415823 4.5
      vertex -45.9754 -0.312868 2.2
      vertex -45.9754 -0.312868 4.5
    endloop
  endfacet
  facet normal 0.983223 0.182406 0
    outer loop
      vertex -45.9754 -0.312868 2.2
      vertex -45.9563 -0.415823 4.5
      vertex -45.9563 -0.415823 2.2
    endloop
  endfacet
  facet normal 0.983223 0.182406 0
    outer loop
      vertex -45.9563 -0.415823 2.2
      vertex -45.9754 -0.312868 0
      vertex -45.9754 -0.312868 2.2
    endloop
  endfacet
  facet normal 0.983223 0.182406 0
    outer loop
      vertex -45.9754 -0.312868 0
      vertex -45.9563 -0.415823 2.2
      vertex -45.9563 -0.415823 0
    endloop
  endfacet
  facet normal 0.64906 -0.760737 0
    outer loop
      vertex -45.3383 1.48629 2.2
      vertex -45.2586 1.55429 4.5
      vertex -45.3383 1.48629 4.5
    endloop
  endfacet
  facet normal 0.64906 -0.760737 0
    outer loop
      vertex -45.2586 1.55429 4.5
      vertex -45.3383 1.48629 2.2
      vertex -45.2586 1.55429 2.2
    endloop
  endfacet
  facet normal 0.64906 -0.760737 0
    outer loop
      vertex -45.3383 1.48629 0
      vertex -45.2586 1.55429 2.2
      vertex -45.3383 1.48629 2.2
    endloop
  endfacet
  facet normal 0.64906 -0.760737 0
    outer loop
      vertex -45.2586 1.55429 2.2
      vertex -45.3383 1.48629 0
      vertex -45.2586 1.55429 0
    endloop
  endfacet
  facet normal -0.991527 -0.129897 0
    outer loop
      vertex -42.011 0.209057 2.2
      vertex -42.0246 0.312868 4.5
      vertex -42.0246 0.312868 2.2
    endloop
  endfacet
  facet normal -0.991527 -0.129897 0
    outer loop
      vertex -42.0246 0.312868 4.5
      vertex -42.011 0.209057 2.2
      vertex -42.011 0.209057 4.5
    endloop
  endfacet
  facet normal -0.991527 -0.129897 0
    outer loop
      vertex -42.011 0.209057 0
      vertex -42.0246 0.312868 2.2
      vertex -42.0246 0.312868 0
    endloop
  endfacet
  facet normal -0.991527 -0.129897 0
    outer loop
      vertex -42.0246 0.312868 2.2
      vertex -42.011 0.209057 0
      vertex -42.011 0.209057 2.2
    endloop
  endfacet
  facet normal 0.793546 0.60851 0
    outer loop
      vertex -45.5543 -1.25864 4.5
      vertex -45.618 -1.17557 2.2
      vertex -45.618 -1.17557 4.5
    endloop
  endfacet
  facet normal 0.793546 0.60851 0
    outer loop
      vertex -45.618 -1.17557 2.2
      vertex -45.5543 -1.25864 4.5
      vertex -45.5543 -1.25864 2.2
    endloop
  endfacet
  facet normal 0.793546 0.60851 0
    outer loop
      vertex -45.5543 -1.25864 2.2
      vertex -45.618 -1.17557 0
      vertex -45.618 -1.17557 2.2
    endloop
  endfacet
  facet normal 0.793546 0.60851 0
    outer loop
      vertex -45.618 -1.17557 0
      vertex -45.5543 -1.25864 2.2
      vertex -45.5543 -1.25864 0
    endloop
  endfacet
  facet normal 0.0261611 -0.999658 0
    outer loop
      vertex -44.1047 1.99726 2.2
      vertex -44 2 4.5
      vertex -44.1047 1.99726 4.5
    endloop
  endfacet
  facet normal 0.0261611 -0.999658 0
    outer loop
      vertex -44 2 4.5
      vertex -44.1047 1.99726 2.2
      vertex -44 2 2.2
    endloop
  endfacet
  facet normal 0.0261611 -0.999658 0
    outer loop
      vertex -44.1047 1.99726 0
      vertex -44 2 2.2
      vertex -44.1047 1.99726 2.2
    endloop
  endfacet
  facet normal 0.0261611 -0.999658 0
    outer loop
      vertex -44 2 2.2
      vertex -44.1047 1.99726 0
      vertex -44 2 0
    endloop
  endfacet
  facet normal 0.430556 -0.902564 0
    outer loop
      vertex -44.908 1.78201 2.2
      vertex -44.8135 1.82709 4.5
      vertex -44.908 1.78201 4.5
    endloop
  endfacet
  facet normal 0.430556 -0.902564 0
    outer loop
      vertex -44.8135 1.82709 4.5
      vertex -44.908 1.78201 2.2
      vertex -44.8135 1.82709 2.2
    endloop
  endfacet
  facet normal 0.430556 -0.902564 0
    outer loop
      vertex -44.908 1.78201 0
      vertex -44.8135 1.82709 2.2
      vertex -44.908 1.78201 2.2
    endloop
  endfacet
  facet normal 0.430556 -0.902564 0
    outer loop
      vertex -44.8135 1.82709 2.2
      vertex -44.908 1.78201 0
      vertex -44.8135 1.82709 0
    endloop
  endfacet
  facet normal 0.923777 -0.38293 0
    outer loop
      vertex -45.8672 0.716736 4.5
      vertex -45.8271 0.813473 2.2
      vertex -45.8271 0.813473 4.5
    endloop
  endfacet
  facet normal 0.923777 -0.38293 0
    outer loop
      vertex -45.8271 0.813473 2.2
      vertex -45.8672 0.716736 4.5
      vertex -45.8672 0.716736 2.2
    endloop
  endfacet
  facet normal 0.923777 -0.38293 0
    outer loop
      vertex -45.8672 0.716736 2.2
      vertex -45.8271 0.813473 0
      vertex -45.8271 0.813473 2.2
    endloop
  endfacet
  facet normal 0.923777 -0.38293 0
    outer loop
      vertex -45.8271 0.813473 0
      vertex -45.8672 0.716736 2.2
      vertex -45.8672 0.716736 0
    endloop
  endfacet
  facet normal 0.182315 -0.98324 0
    outer loop
      vertex -44.4158 1.9563 2.2
      vertex -44.3129 1.97538 4.5
      vertex -44.4158 1.9563 4.5
    endloop
  endfacet
  facet normal 0.182315 -0.98324 0
    outer loop
      vertex -44.3129 1.97538 4.5
      vertex -44.4158 1.9563 2.2
      vertex -44.3129 1.97538 2.2
    endloop
  endfacet
  facet normal 0.182315 -0.98324 0
    outer loop
      vertex -44.4158 1.9563 0
      vertex -44.3129 1.97538 2.2
      vertex -44.4158 1.9563 2.2
    endloop
  endfacet
  facet normal 0.182315 -0.98324 0
    outer loop
      vertex -44.3129 1.97538 2.2
      vertex -44.4158 1.9563 0
      vertex -44.3129 1.97538 0
    endloop
  endfacet
  facet normal 0.760415 0.649438 0
    outer loop
      vertex -45.4863 -1.33826 4.5
      vertex -45.5543 -1.25864 2.2
      vertex -45.5543 -1.25864 4.5
    endloop
  endfacet
  facet normal 0.760415 0.649438 0
    outer loop
      vertex -45.5543 -1.25864 2.2
      vertex -45.4863 -1.33826 4.5
      vertex -45.4863 -1.33826 2.2
    endloop
  endfacet
  facet normal 0.760415 0.649438 0
    outer loop
      vertex -45.4863 -1.33826 2.2
      vertex -45.5543 -1.25864 0
      vertex -45.5543 -1.25864 2.2
    endloop
  endfacet
  facet normal 0.760415 0.649438 0
    outer loop
      vertex -45.5543 -1.25864 0
      vertex -45.4863 -1.33826 2.2
      vertex -45.4863 -1.33826 0
    endloop
  endfacet
  facet normal 0.972464 0.233054 0
    outer loop
      vertex -45.9319 -0.517637 4.5
      vertex -45.9563 -0.415823 2.2
      vertex -45.9563 -0.415823 4.5
    endloop
  endfacet
  facet normal 0.972464 0.233054 0
    outer loop
      vertex -45.9563 -0.415823 2.2
      vertex -45.9319 -0.517637 4.5
      vertex -45.9319 -0.517637 2.2
    endloop
  endfacet
  facet normal 0.972464 0.233054 0
    outer loop
      vertex -45.9319 -0.517637 2.2
      vertex -45.9563 -0.415823 0
      vertex -45.9563 -0.415823 2.2
    endloop
  endfacet
  facet normal 0.972464 0.233054 0
    outer loop
      vertex -45.9563 -0.415823 0
      vertex -45.9319 -0.517637 2.2
      vertex -45.9319 -0.517637 0
    endloop
  endfacet
  facet normal -0.284017 -0.958819 0
    outer loop
      vertex -43.4824 1.93185 2.2
      vertex -43.382 1.90211 4.5
      vertex -43.4824 1.93185 4.5
    endloop
  endfacet
  facet normal -0.284017 -0.958819 -0
    outer loop
      vertex -43.382 1.90211 4.5
      vertex -43.4824 1.93185 2.2
      vertex -43.382 1.90211 2.2
    endloop
  endfacet
  facet normal -0.284017 -0.958819 0
    outer loop
      vertex -43.4824 1.93185 0
      vertex -43.382 1.90211 2.2
      vertex -43.4824 1.93185 2.2
    endloop
  endfacet
  facet normal -0.284017 -0.958819 -0
    outer loop
      vertex -43.382 1.90211 2.2
      vertex -43.4824 1.93185 0
      vertex -43.382 1.90211 0
    endloop
  endfacet
  facet normal -0.760415 -0.649438 0
    outer loop
      vertex -42.4457 1.25864 2.2
      vertex -42.5137 1.33826 4.5
      vertex -42.5137 1.33826 2.2
    endloop
  endfacet
  facet normal -0.760415 -0.649438 0
    outer loop
      vertex -42.5137 1.33826 4.5
      vertex -42.4457 1.25864 2.2
      vertex -42.4457 1.25864 4.5
    endloop
  endfacet
  facet normal -0.760415 -0.649438 0
    outer loop
      vertex -42.4457 1.25864 0
      vertex -42.5137 1.33826 2.2
      vertex -42.5137 1.33826 0
    endloop
  endfacet
  facet normal -0.760415 -0.649438 0
    outer loop
      vertex -42.5137 1.33826 2.2
      vertex -42.4457 1.25864 0
      vertex -42.4457 1.25864 2.2
    endloop
  endfacet
  facet normal -0.852261 -0.523117 0
    outer loop
      vertex -42.2679 1 2.2
      vertex -42.3227 1.08928 4.5
      vertex -42.3227 1.08928 2.2
    endloop
  endfacet
  facet normal -0.852261 -0.523117 0
    outer loop
      vertex -42.3227 1.08928 4.5
      vertex -42.2679 1 2.2
      vertex -42.2679 1 4.5
    endloop
  endfacet
  facet normal -0.852261 -0.523117 0
    outer loop
      vertex -42.2679 1 0
      vertex -42.3227 1.08928 2.2
      vertex -42.3227 1.08928 0
    endloop
  endfacet
  facet normal -0.852261 -0.523117 0
    outer loop
      vertex -42.3227 1.08928 2.2
      vertex -42.2679 1 0
      vertex -42.2679 1 2.2
    endloop
  endfacet
  facet normal -0.333794 -0.942646 0
    outer loop
      vertex -43.382 1.90211 2.2
      vertex -43.2833 1.86716 4.5
      vertex -43.382 1.90211 4.5
    endloop
  endfacet
  facet normal -0.333794 -0.942646 -0
    outer loop
      vertex -43.2833 1.86716 4.5
      vertex -43.382 1.90211 2.2
      vertex -43.2833 1.86716 2.2
    endloop
  endfacet
  facet normal -0.333794 -0.942646 0
    outer loop
      vertex -43.382 1.90211 0
      vertex -43.2833 1.86716 2.2
      vertex -43.382 1.90211 2.2
    endloop
  endfacet
  facet normal -0.333794 -0.942646 -0
    outer loop
      vertex -43.2833 1.86716 2.2
      vertex -43.382 1.90211 0
      vertex -43.2833 1.86716 0
    endloop
  endfacet
  facet normal 0.902504 0.430682 0
    outer loop
      vertex -45.782 -0.907981 4.5
      vertex -45.8271 -0.813473 2.2
      vertex -45.8271 -0.813473 4.5
    endloop
  endfacet
  facet normal 0.902504 0.430682 0
    outer loop
      vertex -45.8271 -0.813473 2.2
      vertex -45.782 -0.907981 4.5
      vertex -45.782 -0.907981 2.2
    endloop
  endfacet
  facet normal 0.902504 0.430682 0
    outer loop
      vertex -45.782 -0.907981 2.2
      vertex -45.8271 -0.813473 0
      vertex -45.8271 -0.813473 2.2
    endloop
  endfacet
  facet normal 0.902504 0.430682 0
    outer loop
      vertex -45.8271 -0.813473 0
      vertex -45.782 -0.907981 2.2
      vertex -45.782 -0.907981 0
    endloop
  endfacet
  facet normal 0.983223 -0.182406 0
    outer loop
      vertex -45.9754 0.312868 4.5
      vertex -45.9563 0.415823 2.2
      vertex -45.9563 0.415823 4.5
    endloop
  endfacet
  facet normal 0.983223 -0.182406 0
    outer loop
      vertex -45.9563 0.415823 2.2
      vertex -45.9754 0.312868 4.5
      vertex -45.9754 0.312868 2.2
    endloop
  endfacet
  facet normal 0.983223 -0.182406 0
    outer loop
      vertex -45.9754 0.312868 2.2
      vertex -45.9563 0.415823 0
      vertex -45.9563 0.415823 2.2
    endloop
  endfacet
  facet normal 0.983223 -0.182406 0
    outer loop
      vertex -45.9563 0.415823 0
      vertex -45.9754 0.312868 2.2
      vertex -45.9754 0.312868 0
    endloop
  endfacet
  facet normal 0.233536 -0.972348 0
    outer loop
      vertex -44.5176 1.93185 2.2
      vertex -44.4158 1.9563 4.5
      vertex -44.5176 1.93185 4.5
    endloop
  endfacet
  facet normal 0.233536 -0.972348 0
    outer loop
      vertex -44.4158 1.9563 4.5
      vertex -44.5176 1.93185 2.2
      vertex -44.4158 1.9563 2.2
    endloop
  endfacet
  facet normal 0.233536 -0.972348 0
    outer loop
      vertex -44.5176 1.93185 0
      vertex -44.4158 1.9563 2.2
      vertex -44.5176 1.93185 2.2
    endloop
  endfacet
  facet normal 0.233536 -0.972348 0
    outer loop
      vertex -44.4158 1.9563 2.2
      vertex -44.5176 1.93185 0
      vertex -44.4158 1.9563 0
    endloop
  endfacet
  facet normal 0.996854 -0.0792624 0
    outer loop
      vertex -45.9973 0.104671 4.5
      vertex -45.989 0.209057 2.2
      vertex -45.989 0.209057 4.5
    endloop
  endfacet
  facet normal 0.996854 -0.0792624 0
    outer loop
      vertex -45.989 0.209057 2.2
      vertex -45.9973 0.104671 4.5
      vertex -45.9973 0.104671 2.2
    endloop
  endfacet
  facet normal 0.996854 -0.0792624 0
    outer loop
      vertex -45.9973 0.104671 2.2
      vertex -45.989 0.209057 0
      vertex -45.989 0.209057 2.2
    endloop
  endfacet
  facet normal 0.996854 -0.0792624 0
    outer loop
      vertex -45.989 0.209057 0
      vertex -45.9973 0.104671 2.2
      vertex -45.9973 0.104671 0
    endloop
  endfacet
  facet normal 0.182315 0.98324 -0
    outer loop
      vertex -44.3129 -1.97538 2.2
      vertex -44.4158 -1.9563 4.5
      vertex -44.3129 -1.97538 4.5
    endloop
  endfacet
  facet normal 0.182315 0.98324 0
    outer loop
      vertex -44.4158 -1.9563 4.5
      vertex -44.3129 -1.97538 2.2
      vertex -44.4158 -1.9563 2.2
    endloop
  endfacet
  facet normal 0.182315 0.98324 -0
    outer loop
      vertex -44.3129 -1.97538 0
      vertex -44.4158 -1.9563 2.2
      vertex -44.3129 -1.97538 2.2
    endloop
  endfacet
  facet normal 0.182315 0.98324 0
    outer loop
      vertex -44.4158 -1.9563 2.2
      vertex -44.3129 -1.97538 0
      vertex -44.4158 -1.9563 0
    endloop
  endfacet
  facet normal 0.902504 -0.430682 0
    outer loop
      vertex -45.8271 0.813473 4.5
      vertex -45.782 0.907981 2.2
      vertex -45.782 0.907981 4.5
    endloop
  endfacet
  facet normal 0.902504 -0.430682 0
    outer loop
      vertex -45.782 0.907981 2.2
      vertex -45.8271 0.813473 4.5
      vertex -45.8271 0.813473 2.2
    endloop
  endfacet
  facet normal 0.902504 -0.430682 0
    outer loop
      vertex -45.8271 0.813473 2.2
      vertex -45.782 0.907981 0
      vertex -45.782 0.907981 2.2
    endloop
  endfacet
  facet normal 0.902504 -0.430682 0
    outer loop
      vertex -45.782 0.907981 0
      vertex -45.8271 0.813473 2.2
      vertex -45.8271 0.813473 0
    endloop
  endfacet
  facet normal 0.0784927 -0.996915 0
    outer loop
      vertex -44.2091 1.98904 2.2
      vertex -44.1047 1.99726 4.5
      vertex -44.2091 1.98904 4.5
    endloop
  endfacet
  facet normal 0.0784927 -0.996915 0
    outer loop
      vertex -44.1047 1.99726 4.5
      vertex -44.2091 1.98904 2.2
      vertex -44.1047 1.99726 2.2
    endloop
  endfacet
  facet normal 0.0784927 -0.996915 0
    outer loop
      vertex -44.2091 1.98904 0
      vertex -44.1047 1.99726 2.2
      vertex -44.2091 1.98904 2.2
    endloop
  endfacet
  facet normal 0.0784927 -0.996915 0
    outer loop
      vertex -44.1047 1.99726 2.2
      vertex -44.2091 1.98904 0
      vertex -44.1047 1.99726 0
    endloop
  endfacet
  facet normal 0.942799 0.333361 0
    outer loop
      vertex -45.8672 -0.716736 4.5
      vertex -45.9021 -0.618033 2.2
      vertex -45.9021 -0.618033 4.5
    endloop
  endfacet
  facet normal 0.942799 0.333361 0
    outer loop
      vertex -45.9021 -0.618033 2.2
      vertex -45.8672 -0.716736 4.5
      vertex -45.8672 -0.716736 2.2
    endloop
  endfacet
  facet normal 0.942799 0.333361 0
    outer loop
      vertex -45.8672 -0.716736 2.2
      vertex -45.9021 -0.618033 0
      vertex -45.9021 -0.618033 2.2
    endloop
  endfacet
  facet normal 0.942799 0.333361 0
    outer loop
      vertex -45.9021 -0.618033 0
      vertex -45.8672 -0.716736 2.2
      vertex -45.8672 -0.716736 0
    endloop
  endfacet
  facet normal -0.522408 0.852696 0
    outer loop
      vertex -42.9107 -1.67734 2.2
      vertex -43 -1.73205 4.5
      vertex -42.9107 -1.67734 4.5
    endloop
  endfacet
  facet normal -0.522408 0.852696 0
    outer loop
      vertex -43 -1.73205 4.5
      vertex -42.9107 -1.67734 2.2
      vertex -43 -1.73205 2.2
    endloop
  endfacet
  facet normal -0.522408 0.852696 0
    outer loop
      vertex -42.9107 -1.67734 0
      vertex -43 -1.73205 2.2
      vertex -42.9107 -1.67734 2.2
    endloop
  endfacet
  facet normal -0.522408 0.852696 0
    outer loop
      vertex -43 -1.73205 2.2
      vertex -42.9107 -1.67734 0
      vertex -43 -1.73205 0
    endloop
  endfacet
  facet normal -0.879066 -0.476699 0
    outer loop
      vertex -42.218 0.907981 2.2
      vertex -42.2679 1 4.5
      vertex -42.2679 1 2.2
    endloop
  endfacet
  facet normal -0.879066 -0.476699 0
    outer loop
      vertex -42.2679 1 4.5
      vertex -42.218 0.907981 2.2
      vertex -42.218 0.907981 4.5
    endloop
  endfacet
  facet normal -0.879066 -0.476699 0
    outer loop
      vertex -42.218 0.907981 0
      vertex -42.2679 1 2.2
      vertex -42.2679 1 0
    endloop
  endfacet
  facet normal -0.879066 -0.476699 0
    outer loop
      vertex -42.2679 1 2.2
      vertex -42.218 0.907981 0
      vertex -42.218 0.907981 2.2
    endloop
  endfacet
  facet normal 0.64906 0.760737 -0
    outer loop
      vertex -45.2586 -1.55429 2.2
      vertex -45.3383 -1.48629 4.5
      vertex -45.2586 -1.55429 4.5
    endloop
  endfacet
  facet normal 0.64906 0.760737 0
    outer loop
      vertex -45.3383 -1.48629 4.5
      vertex -45.2586 -1.55429 2.2
      vertex -45.3383 -1.48629 2.2
    endloop
  endfacet
  facet normal 0.64906 0.760737 -0
    outer loop
      vertex -45.2586 -1.55429 0
      vertex -45.3383 -1.48629 2.2
      vertex -45.2586 -1.55429 2.2
    endloop
  endfacet
  facet normal 0.64906 0.760737 0
    outer loop
      vertex -45.3383 -1.48629 2.2
      vertex -45.2586 -1.55429 0
      vertex -45.3383 -1.48629 0
    endloop
  endfacet
  facet normal 0.609073 0.793114 -0
    outer loop
      vertex -45.1756 -1.61803 2.2
      vertex -45.2586 -1.55429 4.5
      vertex -45.1756 -1.61803 4.5
    endloop
  endfacet
  facet normal 0.609073 0.793114 0
    outer loop
      vertex -45.2586 -1.55429 4.5
      vertex -45.1756 -1.61803 2.2
      vertex -45.2586 -1.55429 2.2
    endloop
  endfacet
  facet normal 0.609073 0.793114 -0
    outer loop
      vertex -45.1756 -1.61803 0
      vertex -45.2586 -1.55429 2.2
      vertex -45.1756 -1.61803 2.2
    endloop
  endfacet
  facet normal 0.609073 0.793114 0
    outer loop
      vertex -45.2586 -1.55429 2.2
      vertex -45.1756 -1.61803 0
      vertex -45.2586 -1.55429 0
    endloop
  endfacet
  facet normal 0.382473 0.923967 -0
    outer loop
      vertex -44.7167 -1.86716 2.2
      vertex -44.8135 -1.82709 4.5
      vertex -44.7167 -1.86716 4.5
    endloop
  endfacet
  facet normal 0.382473 0.923967 0
    outer loop
      vertex -44.8135 -1.82709 4.5
      vertex -44.7167 -1.86716 2.2
      vertex -44.8135 -1.82709 2.2
    endloop
  endfacet
  facet normal 0.382473 0.923967 -0
    outer loop
      vertex -44.7167 -1.86716 0
      vertex -44.8135 -1.82709 2.2
      vertex -44.7167 -1.86716 2.2
    endloop
  endfacet
  facet normal 0.382473 0.923967 0
    outer loop
      vertex -44.8135 -1.82709 2.2
      vertex -44.7167 -1.86716 0
      vertex -44.8135 -1.82709 0
    endloop
  endfacet
  facet normal -0.430556 -0.902564 0
    outer loop
      vertex -43.1865 1.82709 2.2
      vertex -43.092 1.78201 4.5
      vertex -43.1865 1.82709 4.5
    endloop
  endfacet
  facet normal -0.430556 -0.902564 -0
    outer loop
      vertex -43.092 1.78201 4.5
      vertex -43.1865 1.82709 2.2
      vertex -43.092 1.78201 2.2
    endloop
  endfacet
  facet normal -0.430556 -0.902564 0
    outer loop
      vertex -43.1865 1.82709 0
      vertex -43.092 1.78201 2.2
      vertex -43.1865 1.82709 2.2
    endloop
  endfacet
  facet normal -0.430556 -0.902564 -0
    outer loop
      vertex -43.092 1.78201 2.2
      vertex -43.1865 1.82709 0
      vertex -43.092 1.78201 0
    endloop
  endfacet
  facet normal -0.382473 0.923967 0
    outer loop
      vertex -43.1865 -1.82709 2.2
      vertex -43.2833 -1.86716 4.5
      vertex -43.1865 -1.82709 4.5
    endloop
  endfacet
  facet normal -0.382473 0.923967 0
    outer loop
      vertex -43.2833 -1.86716 4.5
      vertex -43.1865 -1.82709 2.2
      vertex -43.2833 -1.86716 2.2
    endloop
  endfacet
  facet normal -0.382473 0.923967 0
    outer loop
      vertex -43.1865 -1.82709 0
      vertex -43.2833 -1.86716 2.2
      vertex -43.1865 -1.82709 2.2
    endloop
  endfacet
  facet normal -0.382473 0.923967 0
    outer loop
      vertex -43.2833 -1.86716 2.2
      vertex -43.1865 -1.82709 0
      vertex -43.2833 -1.86716 0
    endloop
  endfacet
  facet normal -0.233536 0.972348 0
    outer loop
      vertex -43.4824 -1.93185 2.2
      vertex -43.5842 -1.9563 4.5
      vertex -43.4824 -1.93185 4.5
    endloop
  endfacet
  facet normal -0.233536 0.972348 0
    outer loop
      vertex -43.5842 -1.9563 4.5
      vertex -43.4824 -1.93185 2.2
      vertex -43.5842 -1.9563 2.2
    endloop
  endfacet
  facet normal -0.233536 0.972348 0
    outer loop
      vertex -43.4824 -1.93185 0
      vertex -43.5842 -1.9563 2.2
      vertex -43.4824 -1.93185 2.2
    endloop
  endfacet
  facet normal -0.233536 0.972348 0
    outer loop
      vertex -43.5842 -1.9563 2.2
      vertex -43.4824 -1.93185 0
      vertex -43.5842 -1.9563 0
    endloop
  endfacet
  facet normal -0.130474 0.991452 0
    outer loop
      vertex -43.6871 -1.97538 2.2
      vertex -43.7909 -1.98904 4.5
      vertex -43.6871 -1.97538 4.5
    endloop
  endfacet
  facet normal -0.130474 0.991452 0
    outer loop
      vertex -43.7909 -1.98904 4.5
      vertex -43.6871 -1.97538 2.2
      vertex -43.7909 -1.98904 2.2
    endloop
  endfacet
  facet normal -0.130474 0.991452 0
    outer loop
      vertex -43.6871 -1.97538 0
      vertex -43.7909 -1.98904 2.2
      vertex -43.6871 -1.97538 2.2
    endloop
  endfacet
  facet normal -0.130474 0.991452 0
    outer loop
      vertex -43.7909 -1.98904 2.2
      vertex -43.6871 -1.97538 0
      vertex -43.7909 -1.98904 0
    endloop
  endfacet
  facet normal -0.0784927 0.996915 0
    outer loop
      vertex -43.7909 -1.98904 2.2
      vertex -43.8953 -1.99726 4.5
      vertex -43.7909 -1.98904 4.5
    endloop
  endfacet
  facet normal -0.0784927 0.996915 0
    outer loop
      vertex -43.8953 -1.99726 4.5
      vertex -43.7909 -1.98904 2.2
      vertex -43.8953 -1.99726 2.2
    endloop
  endfacet
  facet normal -0.0784927 0.996915 0
    outer loop
      vertex -43.7909 -1.98904 0
      vertex -43.8953 -1.99726 2.2
      vertex -43.7909 -1.98904 2.2
    endloop
  endfacet
  facet normal -0.0784927 0.996915 0
    outer loop
      vertex -43.8953 -1.99726 2.2
      vertex -43.7909 -1.98904 0
      vertex -43.8953 -1.99726 0
    endloop
  endfacet
  facet normal -0.182315 0.98324 0
    outer loop
      vertex -43.5842 -1.9563 2.2
      vertex -43.6871 -1.97538 4.5
      vertex -43.5842 -1.9563 4.5
    endloop
  endfacet
  facet normal -0.182315 0.98324 0
    outer loop
      vertex -43.6871 -1.97538 4.5
      vertex -43.5842 -1.9563 2.2
      vertex -43.6871 -1.97538 2.2
    endloop
  endfacet
  facet normal -0.182315 0.98324 0
    outer loop
      vertex -43.5842 -1.9563 0
      vertex -43.6871 -1.97538 2.2
      vertex -43.5842 -1.9563 2.2
    endloop
  endfacet
  facet normal -0.182315 0.98324 0
    outer loop
      vertex -43.6871 -1.97538 2.2
      vertex -43.5842 -1.9563 0
      vertex -43.6871 -1.97538 0
    endloop
  endfacet
  facet normal 0.942799 -0.333361 0
    outer loop
      vertex -45.9021 0.618033 4.5
      vertex -45.8672 0.716736 2.2
      vertex -45.8672 0.716736 4.5
    endloop
  endfacet
  facet normal 0.942799 -0.333361 0
    outer loop
      vertex -45.8672 0.716736 2.2
      vertex -45.9021 0.618033 4.5
      vertex -45.9021 0.618033 2.2
    endloop
  endfacet
  facet normal 0.942799 -0.333361 0
    outer loop
      vertex -45.9021 0.618033 2.2
      vertex -45.8672 0.716736 0
      vertex -45.8672 0.716736 2.2
    endloop
  endfacet
  facet normal 0.942799 -0.333361 0
    outer loop
      vertex -45.8672 0.716736 0
      vertex -45.9021 0.618033 2.2
      vertex -45.9021 0.618033 0
    endloop
  endfacet
  facet normal -0.182315 -0.98324 0
    outer loop
      vertex -43.6871 1.97538 2.2
      vertex -43.5842 1.9563 4.5
      vertex -43.6871 1.97538 4.5
    endloop
  endfacet
  facet normal -0.182315 -0.98324 -0
    outer loop
      vertex -43.5842 1.9563 4.5
      vertex -43.6871 1.97538 2.2
      vertex -43.5842 1.9563 2.2
    endloop
  endfacet
  facet normal -0.182315 -0.98324 0
    outer loop
      vertex -43.6871 1.97538 0
      vertex -43.5842 1.9563 2.2
      vertex -43.6871 1.97538 2.2
    endloop
  endfacet
  facet normal -0.182315 -0.98324 -0
    outer loop
      vertex -43.5842 1.9563 2.2
      vertex -43.6871 1.97538 0
      vertex -43.5842 1.9563 0
    endloop
  endfacet
  facet normal -0.902504 0.430682 0
    outer loop
      vertex -42.218 -0.907981 2.2
      vertex -42.1729 -0.813473 4.5
      vertex -42.1729 -0.813473 2.2
    endloop
  endfacet
  facet normal -0.902504 0.430682 0
    outer loop
      vertex -42.1729 -0.813473 4.5
      vertex -42.218 -0.907981 2.2
      vertex -42.218 -0.907981 4.5
    endloop
  endfacet
  facet normal -0.902504 0.430682 0
    outer loop
      vertex -42.218 -0.907981 0
      vertex -42.1729 -0.813473 2.2
      vertex -42.1729 -0.813473 0
    endloop
  endfacet
  facet normal -0.902504 0.430682 0
    outer loop
      vertex -42.1729 -0.813473 2.2
      vertex -42.218 -0.907981 0
      vertex -42.218 -0.907981 2.2
    endloop
  endfacet
  facet normal 0.284017 -0.958819 0
    outer loop
      vertex -44.618 1.90211 2.2
      vertex -44.5176 1.93185 4.5
      vertex -44.618 1.90211 4.5
    endloop
  endfacet
  facet normal 0.284017 -0.958819 0
    outer loop
      vertex -44.5176 1.93185 4.5
      vertex -44.618 1.90211 2.2
      vertex -44.5176 1.93185 2.2
    endloop
  endfacet
  facet normal 0.284017 -0.958819 0
    outer loop
      vertex -44.618 1.90211 0
      vertex -44.5176 1.93185 2.2
      vertex -44.618 1.90211 2.2
    endloop
  endfacet
  facet normal 0.284017 -0.958819 0
    outer loop
      vertex -44.5176 1.93185 2.2
      vertex -44.618 1.90211 0
      vertex -44.5176 1.93185 0
    endloop
  endfacet
  facet normal -0.284017 0.958819 0
    outer loop
      vertex -43.382 -1.90211 2.2
      vertex -43.4824 -1.93185 4.5
      vertex -43.382 -1.90211 4.5
    endloop
  endfacet
  facet normal -0.284017 0.958819 0
    outer loop
      vertex -43.4824 -1.93185 4.5
      vertex -43.382 -1.90211 2.2
      vertex -43.4824 -1.93185 2.2
    endloop
  endfacet
  facet normal -0.284017 0.958819 0
    outer loop
      vertex -43.382 -1.90211 0
      vertex -43.4824 -1.93185 2.2
      vertex -43.382 -1.90211 2.2
    endloop
  endfacet
  facet normal -0.284017 0.958819 0
    outer loop
      vertex -43.4824 -1.93185 2.2
      vertex -43.382 -1.90211 0
      vertex -43.4824 -1.93185 0
    endloop
  endfacet
  facet normal -0.923777 0.38293 0
    outer loop
      vertex -42.1729 -0.813473 2.2
      vertex -42.1328 -0.716736 4.5
      vertex -42.1328 -0.716736 2.2
    endloop
  endfacet
  facet normal -0.923777 0.38293 0
    outer loop
      vertex -42.1328 -0.716736 4.5
      vertex -42.1729 -0.813473 2.2
      vertex -42.1729 -0.813473 4.5
    endloop
  endfacet
  facet normal -0.923777 0.38293 0
    outer loop
      vertex -42.1729 -0.813473 0
      vertex -42.1328 -0.716736 2.2
      vertex -42.1328 -0.716736 0
    endloop
  endfacet
  facet normal -0.923777 0.38293 0
    outer loop
      vertex -42.1328 -0.716736 2.2
      vertex -42.1729 -0.813473 0
      vertex -42.1729 -0.813473 2.2
    endloop
  endfacet
  facet normal -0.566391 0.824137 0
    outer loop
      vertex -42.8244 -1.61803 2.2
      vertex -42.9107 -1.67734 4.5
      vertex -42.8244 -1.61803 4.5
    endloop
  endfacet
  facet normal -0.566391 0.824137 0
    outer loop
      vertex -42.9107 -1.67734 4.5
      vertex -42.8244 -1.61803 2.2
      vertex -42.9107 -1.67734 2.2
    endloop
  endfacet
  facet normal -0.566391 0.824137 0
    outer loop
      vertex -42.8244 -1.61803 0
      vertex -42.9107 -1.67734 2.2
      vertex -42.8244 -1.61803 2.2
    endloop
  endfacet
  facet normal -0.566391 0.824137 0
    outer loop
      vertex -42.9107 -1.67734 2.2
      vertex -42.8244 -1.61803 0
      vertex -42.9107 -1.67734 0
    endloop
  endfacet
  facet normal 0.793546 -0.60851 0
    outer loop
      vertex -45.618 1.17557 4.5
      vertex -45.5543 1.25864 2.2
      vertex -45.5543 1.25864 4.5
    endloop
  endfacet
  facet normal 0.793546 -0.60851 0
    outer loop
      vertex -45.5543 1.25864 2.2
      vertex -45.618 1.17557 4.5
      vertex -45.618 1.17557 2.2
    endloop
  endfacet
  facet normal 0.793546 -0.60851 0
    outer loop
      vertex -45.618 1.17557 2.2
      vertex -45.5543 1.25864 0
      vertex -45.5543 1.25864 2.2
    endloop
  endfacet
  facet normal 0.793546 -0.60851 0
    outer loop
      vertex -45.5543 1.25864 0
      vertex -45.618 1.17557 2.2
      vertex -45.618 1.17557 0
    endloop
  endfacet
  facet normal -0.793546 0.60851 0
    outer loop
      vertex -42.4457 -1.25864 2.2
      vertex -42.382 -1.17557 4.5
      vertex -42.382 -1.17557 2.2
    endloop
  endfacet
  facet normal -0.793546 0.60851 0
    outer loop
      vertex -42.382 -1.17557 4.5
      vertex -42.4457 -1.25864 2.2
      vertex -42.4457 -1.25864 4.5
    endloop
  endfacet
  facet normal -0.793546 0.60851 0
    outer loop
      vertex -42.4457 -1.25864 0
      vertex -42.382 -1.17557 2.2
      vertex -42.382 -1.17557 0
    endloop
  endfacet
  facet normal -0.793546 0.60851 0
    outer loop
      vertex -42.382 -1.17557 2.2
      vertex -42.4457 -1.25864 0
      vertex -42.4457 -1.25864 2.2
    endloop
  endfacet
  facet normal -0.609073 -0.793114 0
    outer loop
      vertex -42.8244 1.61803 2.2
      vertex -42.7414 1.55429 4.5
      vertex -42.8244 1.61803 4.5
    endloop
  endfacet
  facet normal -0.609073 -0.793114 -0
    outer loop
      vertex -42.7414 1.55429 4.5
      vertex -42.8244 1.61803 2.2
      vertex -42.7414 1.55429 2.2
    endloop
  endfacet
  facet normal -0.609073 -0.793114 0
    outer loop
      vertex -42.8244 1.61803 0
      vertex -42.7414 1.55429 2.2
      vertex -42.8244 1.61803 2.2
    endloop
  endfacet
  facet normal -0.609073 -0.793114 -0
    outer loop
      vertex -42.7414 1.55429 2.2
      vertex -42.8244 1.61803 0
      vertex -42.7414 1.55429 0
    endloop
  endfacet
  facet normal 0.852686 -0.522423 0
    outer loop
      vertex -45.732 1 4.5
      vertex -45.6773 1.08928 2.2
      vertex -45.6773 1.08928 4.5
    endloop
  endfacet
  facet normal 0.852686 -0.522423 0
    outer loop
      vertex -45.6773 1.08928 2.2
      vertex -45.732 1 4.5
      vertex -45.732 1 2.2
    endloop
  endfacet
  facet normal 0.852686 -0.522423 0
    outer loop
      vertex -45.732 1 2.2
      vertex -45.6773 1.08928 0
      vertex -45.6773 1.08928 2.2
    endloop
  endfacet
  facet normal 0.852686 -0.522423 0
    outer loop
      vertex -45.6773 1.08928 0
      vertex -45.732 1 2.2
      vertex -45.732 1 0
    endloop
  endfacet
  facet normal 0.824151 -0.566371 0
    outer loop
      vertex -45.6773 1.08928 4.5
      vertex -45.618 1.17557 2.2
      vertex -45.618 1.17557 4.5
    endloop
  endfacet
  facet normal 0.824151 -0.566371 0
    outer loop
      vertex -45.618 1.17557 2.2
      vertex -45.6773 1.08928 4.5
      vertex -45.6773 1.08928 2.2
    endloop
  endfacet
  facet normal 0.824151 -0.566371 0
    outer loop
      vertex -45.6773 1.08928 2.2
      vertex -45.618 1.17557 0
      vertex -45.618 1.17557 2.2
    endloop
  endfacet
  facet normal 0.824151 -0.566371 0
    outer loop
      vertex -45.618 1.17557 0
      vertex -45.6773 1.08928 2.2
      vertex -45.6773 1.08928 0
    endloop
  endfacet
  facet normal 0.72525 0.688486 0
    outer loop
      vertex -45.4142 -1.41421 4.5
      vertex -45.4863 -1.33826 2.2
      vertex -45.4863 -1.33826 4.5
    endloop
  endfacet
  facet normal 0.72525 0.688486 0
    outer loop
      vertex -45.4863 -1.33826 2.2
      vertex -45.4142 -1.41421 4.5
      vertex -45.4142 -1.41421 2.2
    endloop
  endfacet
  facet normal 0.72525 0.688486 0
    outer loop
      vertex -45.4142 -1.41421 2.2
      vertex -45.4863 -1.33826 0
      vertex -45.4863 -1.33826 2.2
    endloop
  endfacet
  facet normal 0.72525 0.688486 0
    outer loop
      vertex -45.4863 -1.33826 0
      vertex -45.4142 -1.41421 2.2
      vertex -45.4142 -1.41421 0
    endloop
  endfacet
  facet normal -0.996854 0.0792624 0
    outer loop
      vertex -42.011 -0.209057 2.2
      vertex -42.0027 -0.104671 4.5
      vertex -42.0027 -0.104671 2.2
    endloop
  endfacet
  facet normal -0.996854 0.0792624 0
    outer loop
      vertex -42.0027 -0.104671 4.5
      vertex -42.011 -0.209057 2.2
      vertex -42.011 -0.209057 4.5
    endloop
  endfacet
  facet normal -0.996854 0.0792624 0
    outer loop
      vertex -42.011 -0.209057 0
      vertex -42.0027 -0.104671 2.2
      vertex -42.0027 -0.104671 0
    endloop
  endfacet
  facet normal -0.996854 0.0792624 0
    outer loop
      vertex -42.0027 -0.104671 2.2
      vertex -42.011 -0.209057 0
      vertex -42.011 -0.209057 2.2
    endloop
  endfacet
  facet normal 0.923777 0.38293 0
    outer loop
      vertex -45.8271 -0.813473 4.5
      vertex -45.8672 -0.716736 2.2
      vertex -45.8672 -0.716736 4.5
    endloop
  endfacet
  facet normal 0.923777 0.38293 0
    outer loop
      vertex -45.8672 -0.716736 2.2
      vertex -45.8271 -0.813473 4.5
      vertex -45.8271 -0.813473 2.2
    endloop
  endfacet
  facet normal 0.923777 0.38293 0
    outer loop
      vertex -45.8271 -0.813473 2.2
      vertex -45.8672 -0.716736 0
      vertex -45.8672 -0.716736 2.2
    endloop
  endfacet
  facet normal 0.923777 0.38293 0
    outer loop
      vertex -45.8672 -0.716736 0
      vertex -45.8271 -0.813473 2.2
      vertex -45.8271 -0.813473 0
    endloop
  endfacet
  facet normal -0.688624 0.725119 0
    outer loop
      vertex -42.5858 -1.41421 2.2
      vertex -42.6617 -1.48629 4.5
      vertex -42.5858 -1.41421 4.5
    endloop
  endfacet
  facet normal -0.688624 0.725119 0
    outer loop
      vertex -42.6617 -1.48629 4.5
      vertex -42.5858 -1.41421 2.2
      vertex -42.6617 -1.48629 2.2
    endloop
  endfacet
  facet normal -0.688624 0.725119 0
    outer loop
      vertex -42.5858 -1.41421 0
      vertex -42.6617 -1.48629 2.2
      vertex -42.5858 -1.41421 2.2
    endloop
  endfacet
  facet normal -0.688624 0.725119 0
    outer loop
      vertex -42.6617 -1.48629 2.2
      vertex -42.5858 -1.41421 0
      vertex -42.6617 -1.48629 0
    endloop
  endfacet
  facet normal -0.64906 0.760737 0
    outer loop
      vertex -42.6617 -1.48629 2.2
      vertex -42.7414 -1.55429 4.5
      vertex -42.6617 -1.48629 4.5
    endloop
  endfacet
  facet normal -0.64906 0.760737 0
    outer loop
      vertex -42.7414 -1.55429 4.5
      vertex -42.6617 -1.48629 2.2
      vertex -42.7414 -1.55429 2.2
    endloop
  endfacet
  facet normal -0.64906 0.760737 0
    outer loop
      vertex -42.6617 -1.48629 0
      vertex -42.7414 -1.55429 2.2
      vertex -42.6617 -1.48629 2.2
    endloop
  endfacet
  facet normal -0.64906 0.760737 0
    outer loop
      vertex -42.7414 -1.55429 2.2
      vertex -42.6617 -1.48629 0
      vertex -42.7414 -1.55429 0
    endloop
  endfacet
  facet normal -0.942799 -0.333361 0
    outer loop
      vertex -42.0979 0.618033 2.2
      vertex -42.1328 0.716736 4.5
      vertex -42.1328 0.716736 2.2
    endloop
  endfacet
  facet normal -0.942799 -0.333361 0
    outer loop
      vertex -42.1328 0.716736 4.5
      vertex -42.0979 0.618033 2.2
      vertex -42.0979 0.618033 4.5
    endloop
  endfacet
  facet normal -0.942799 -0.333361 0
    outer loop
      vertex -42.0979 0.618033 0
      vertex -42.1328 0.716736 2.2
      vertex -42.1328 0.716736 0
    endloop
  endfacet
  facet normal -0.942799 -0.333361 0
    outer loop
      vertex -42.1328 0.716736 2.2
      vertex -42.0979 0.618033 0
      vertex -42.0979 0.618033 2.2
    endloop
  endfacet
  facet normal 0.333794 -0.942646 0
    outer loop
      vertex -44.7167 1.86716 2.2
      vertex -44.618 1.90211 4.5
      vertex -44.7167 1.86716 4.5
    endloop
  endfacet
  facet normal 0.333794 -0.942646 0
    outer loop
      vertex -44.618 1.90211 4.5
      vertex -44.7167 1.86716 2.2
      vertex -44.618 1.90211 2.2
    endloop
  endfacet
  facet normal 0.333794 -0.942646 0
    outer loop
      vertex -44.7167 1.86716 0
      vertex -44.618 1.90211 2.2
      vertex -44.7167 1.86716 2.2
    endloop
  endfacet
  facet normal 0.333794 -0.942646 0
    outer loop
      vertex -44.618 1.90211 2.2
      vertex -44.7167 1.86716 0
      vertex -44.618 1.90211 0
    endloop
  endfacet
  facet normal -0.95866 0.284554 0
    outer loop
      vertex -42.0979 -0.618033 2.2
      vertex -42.0681 -0.517637 4.5
      vertex -42.0681 -0.517637 2.2
    endloop
  endfacet
  facet normal -0.95866 0.284554 0
    outer loop
      vertex -42.0681 -0.517637 4.5
      vertex -42.0979 -0.618033 2.2
      vertex -42.0979 -0.618033 4.5
    endloop
  endfacet
  facet normal -0.95866 0.284554 0
    outer loop
      vertex -42.0979 -0.618033 0
      vertex -42.0681 -0.517637 2.2
      vertex -42.0681 -0.517637 0
    endloop
  endfacet
  facet normal -0.95866 0.284554 0
    outer loop
      vertex -42.0681 -0.517637 2.2
      vertex -42.0979 -0.618033 0
      vertex -42.0979 -0.618033 2.2
    endloop
  endfacet
  facet normal 0.972464 -0.233054 0
    outer loop
      vertex -45.9563 0.415823 4.5
      vertex -45.9319 0.517637 2.2
      vertex -45.9319 0.517637 4.5
    endloop
  endfacet
  facet normal 0.972464 -0.233054 0
    outer loop
      vertex -45.9319 0.517637 2.2
      vertex -45.9563 0.415823 4.5
      vertex -45.9563 0.415823 2.2
    endloop
  endfacet
  facet normal 0.972464 -0.233054 0
    outer loop
      vertex -45.9563 0.415823 2.2
      vertex -45.9319 0.517637 0
      vertex -45.9319 0.517637 2.2
    endloop
  endfacet
  facet normal 0.972464 -0.233054 0
    outer loop
      vertex -45.9319 0.517637 0
      vertex -45.9563 0.415823 2.2
      vertex -45.9563 0.415823 0
    endloop
  endfacet
  facet normal -0.972464 -0.233054 0
    outer loop
      vertex -42.0437 0.415823 2.2
      vertex -42.0681 0.517637 4.5
      vertex -42.0681 0.517637 2.2
    endloop
  endfacet
  facet normal -0.972464 -0.233054 0
    outer loop
      vertex -42.0681 0.517637 4.5
      vertex -42.0437 0.415823 2.2
      vertex -42.0437 0.415823 4.5
    endloop
  endfacet
  facet normal -0.972464 -0.233054 0
    outer loop
      vertex -42.0437 0.415823 0
      vertex -42.0681 0.517637 2.2
      vertex -42.0681 0.517637 0
    endloop
  endfacet
  facet normal -0.972464 -0.233054 0
    outer loop
      vertex -42.0681 0.517637 2.2
      vertex -42.0437 0.415823 0
      vertex -42.0437 0.415823 2.2
    endloop
  endfacet
  facet normal 0.566391 -0.824137 0
    outer loop
      vertex -45.1756 1.61803 2.2
      vertex -45.0893 1.67734 4.5
      vertex -45.1756 1.61803 4.5
    endloop
  endfacet
  facet normal 0.566391 -0.824137 0
    outer loop
      vertex -45.0893 1.67734 4.5
      vertex -45.1756 1.61803 2.2
      vertex -45.0893 1.67734 2.2
    endloop
  endfacet
  facet normal 0.566391 -0.824137 0
    outer loop
      vertex -45.1756 1.61803 0
      vertex -45.0893 1.67734 2.2
      vertex -45.1756 1.61803 2.2
    endloop
  endfacet
  facet normal 0.566391 -0.824137 0
    outer loop
      vertex -45.0893 1.67734 2.2
      vertex -45.1756 1.61803 0
      vertex -45.0893 1.67734 0
    endloop
  endfacet
  facet normal -0.333794 0.942646 0
    outer loop
      vertex -43.2833 -1.86716 2.2
      vertex -43.382 -1.90211 4.5
      vertex -43.2833 -1.86716 4.5
    endloop
  endfacet
  facet normal -0.333794 0.942646 0
    outer loop
      vertex -43.382 -1.90211 4.5
      vertex -43.2833 -1.86716 2.2
      vertex -43.382 -1.90211 2.2
    endloop
  endfacet
  facet normal -0.333794 0.942646 0
    outer loop
      vertex -43.2833 -1.86716 0
      vertex -43.382 -1.90211 2.2
      vertex -43.2833 -1.86716 2.2
    endloop
  endfacet
  facet normal -0.333794 0.942646 0
    outer loop
      vertex -43.382 -1.90211 2.2
      vertex -43.2833 -1.86716 0
      vertex -43.382 -1.90211 0
    endloop
  endfacet
  facet normal -0.972464 0.233054 0
    outer loop
      vertex -42.0681 -0.517637 2.2
      vertex -42.0437 -0.415823 4.5
      vertex -42.0437 -0.415823 2.2
    endloop
  endfacet
  facet normal -0.972464 0.233054 0
    outer loop
      vertex -42.0437 -0.415823 4.5
      vertex -42.0681 -0.517637 2.2
      vertex -42.0681 -0.517637 4.5
    endloop
  endfacet
  facet normal -0.972464 0.233054 0
    outer loop
      vertex -42.0681 -0.517637 0
      vertex -42.0437 -0.415823 2.2
      vertex -42.0437 -0.415823 0
    endloop
  endfacet
  facet normal -0.972464 0.233054 0
    outer loop
      vertex -42.0437 -0.415823 2.2
      vertex -42.0681 -0.517637 0
      vertex -42.0681 -0.517637 2.2
    endloop
  endfacet
  facet normal -0.852261 0.523117 0
    outer loop
      vertex -42.3227 -1.08928 2.2
      vertex -42.2679 -1 4.5
      vertex -42.2679 -1 2.2
    endloop
  endfacet
  facet normal -0.852261 0.523117 0
    outer loop
      vertex -42.2679 -1 4.5
      vertex -42.3227 -1.08928 2.2
      vertex -42.3227 -1.08928 4.5
    endloop
  endfacet
  facet normal -0.852261 0.523117 0
    outer loop
      vertex -42.3227 -1.08928 0
      vertex -42.2679 -1 2.2
      vertex -42.2679 -1 0
    endloop
  endfacet
  facet normal -0.852261 0.523117 0
    outer loop
      vertex -42.2679 -1 2.2
      vertex -42.3227 -1.08928 0
      vertex -42.3227 -1.08928 2.2
    endloop
  endfacet
  facet normal 0.522408 -0.852696 0
    outer loop
      vertex -45.0893 1.67734 2.2
      vertex -45 1.73205 4.5
      vertex -45.0893 1.67734 4.5
    endloop
  endfacet
  facet normal 0.522408 -0.852696 0
    outer loop
      vertex -45 1.73205 4.5
      vertex -45.0893 1.67734 2.2
      vertex -45 1.73205 2.2
    endloop
  endfacet
  facet normal 0.522408 -0.852696 0
    outer loop
      vertex -45.0893 1.67734 0
      vertex -45 1.73205 2.2
      vertex -45.0893 1.67734 2.2
    endloop
  endfacet
  facet normal 0.522408 -0.852696 0
    outer loop
      vertex -45 1.73205 2.2
      vertex -45.0893 1.67734 0
      vertex -45 1.73205 0
    endloop
  endfacet
  facet normal -0.824151 -0.566371 0
    outer loop
      vertex -42.3227 1.08928 2.2
      vertex -42.382 1.17557 4.5
      vertex -42.382 1.17557 2.2
    endloop
  endfacet
  facet normal -0.824151 -0.566371 0
    outer loop
      vertex -42.382 1.17557 4.5
      vertex -42.3227 1.08928 2.2
      vertex -42.3227 1.08928 4.5
    endloop
  endfacet
  facet normal -0.824151 -0.566371 0
    outer loop
      vertex -42.3227 1.08928 0
      vertex -42.382 1.17557 2.2
      vertex -42.382 1.17557 0
    endloop
  endfacet
  facet normal -0.824151 -0.566371 0
    outer loop
      vertex -42.382 1.17557 2.2
      vertex -42.3227 1.08928 0
      vertex -42.3227 1.08928 2.2
    endloop
  endfacet
  facet normal -0.983223 0.182406 0
    outer loop
      vertex -42.0437 -0.415823 2.2
      vertex -42.0246 -0.312868 4.5
      vertex -42.0246 -0.312868 2.2
    endloop
  endfacet
  facet normal -0.983223 0.182406 0
    outer loop
      vertex -42.0246 -0.312868 4.5
      vertex -42.0437 -0.415823 2.2
      vertex -42.0437 -0.415823 4.5
    endloop
  endfacet
  facet normal -0.983223 0.182406 0
    outer loop
      vertex -42.0437 -0.415823 0
      vertex -42.0246 -0.312868 2.2
      vertex -42.0246 -0.312868 0
    endloop
  endfacet
  facet normal -0.983223 0.182406 0
    outer loop
      vertex -42.0246 -0.312868 2.2
      vertex -42.0437 -0.415823 0
      vertex -42.0437 -0.415823 2.2
    endloop
  endfacet
  facet normal -0.382473 -0.923967 0
    outer loop
      vertex -43.2833 1.86716 2.2
      vertex -43.1865 1.82709 4.5
      vertex -43.2833 1.86716 4.5
    endloop
  endfacet
  facet normal -0.382473 -0.923967 -0
    outer loop
      vertex -43.1865 1.82709 4.5
      vertex -43.2833 1.86716 2.2
      vertex -43.1865 1.82709 2.2
    endloop
  endfacet
  facet normal -0.382473 -0.923967 0
    outer loop
      vertex -43.2833 1.86716 0
      vertex -43.1865 1.82709 2.2
      vertex -43.2833 1.86716 2.2
    endloop
  endfacet
  facet normal -0.382473 -0.923967 -0
    outer loop
      vertex -43.1865 1.82709 2.2
      vertex -43.2833 1.86716 0
      vertex -43.1865 1.82709 0
    endloop
  endfacet
  facet normal 0.688624 -0.725119 0
    outer loop
      vertex -45.4142 1.41421 2.2
      vertex -45.3383 1.48629 4.5
      vertex -45.4142 1.41421 4.5
    endloop
  endfacet
  facet normal 0.688624 -0.725119 0
    outer loop
      vertex -45.3383 1.48629 4.5
      vertex -45.4142 1.41421 2.2
      vertex -45.3383 1.48629 2.2
    endloop
  endfacet
  facet normal 0.688624 -0.725119 0
    outer loop
      vertex -45.4142 1.41421 0
      vertex -45.3383 1.48629 2.2
      vertex -45.4142 1.41421 2.2
    endloop
  endfacet
  facet normal 0.688624 -0.725119 0
    outer loop
      vertex -45.3383 1.48629 2.2
      vertex -45.4142 1.41421 0
      vertex -45.3383 1.48629 0
    endloop
  endfacet
  facet normal -0.477218 0.878785 0
    outer loop
      vertex -43 -1.73205 2.2
      vertex -43.092 -1.78201 4.5
      vertex -43 -1.73205 4.5
    endloop
  endfacet
  facet normal -0.477218 0.878785 0
    outer loop
      vertex -43.092 -1.78201 4.5
      vertex -43 -1.73205 2.2
      vertex -43.092 -1.78201 2.2
    endloop
  endfacet
  facet normal -0.477218 0.878785 0
    outer loop
      vertex -43 -1.73205 0
      vertex -43.092 -1.78201 2.2
      vertex -43 -1.73205 2.2
    endloop
  endfacet
  facet normal -0.477218 0.878785 0
    outer loop
      vertex -43.092 -1.78201 2.2
      vertex -43 -1.73205 0
      vertex -43.092 -1.78201 0
    endloop
  endfacet
  facet normal -0.64906 -0.760737 0
    outer loop
      vertex -42.7414 1.55429 2.2
      vertex -42.6617 1.48629 4.5
      vertex -42.7414 1.55429 4.5
    endloop
  endfacet
  facet normal -0.64906 -0.760737 -0
    outer loop
      vertex -42.6617 1.48629 4.5
      vertex -42.7414 1.55429 2.2
      vertex -42.6617 1.48629 2.2
    endloop
  endfacet
  facet normal -0.64906 -0.760737 0
    outer loop
      vertex -42.7414 1.55429 0
      vertex -42.6617 1.48629 2.2
      vertex -42.7414 1.55429 2.2
    endloop
  endfacet
  facet normal -0.64906 -0.760737 -0
    outer loop
      vertex -42.6617 1.48629 2.2
      vertex -42.7414 1.55429 0
      vertex -42.6617 1.48629 0
    endloop
  endfacet
  facet normal 0.233536 0.972348 -0
    outer loop
      vertex -44.4158 -1.9563 2.2
      vertex -44.5176 -1.93185 4.5
      vertex -44.4158 -1.9563 4.5
    endloop
  endfacet
  facet normal 0.233536 0.972348 0
    outer loop
      vertex -44.5176 -1.93185 4.5
      vertex -44.4158 -1.9563 2.2
      vertex -44.5176 -1.93185 2.2
    endloop
  endfacet
  facet normal 0.233536 0.972348 -0
    outer loop
      vertex -44.4158 -1.9563 0
      vertex -44.5176 -1.93185 2.2
      vertex -44.4158 -1.9563 2.2
    endloop
  endfacet
  facet normal 0.233536 0.972348 0
    outer loop
      vertex -44.5176 -1.93185 2.2
      vertex -44.4158 -1.9563 0
      vertex -44.5176 -1.93185 0
    endloop
  endfacet
  facet normal 0 0 -1
    outer loop
      vertex 0 24.4 8.3
      vertex -1.33457 25.4651 8.3
      vertex 0 25.5 8.3
    endloop
  endfacet
  facet normal 0 0 -1
    outer loop
      vertex 0 24.4 8.3
      vertex -2.66547 25.3603 8.3
      vertex -1.33457 25.4651 8.3
    endloop
  endfacet
  facet normal 0 0 -1
    outer loop
      vertex -5 24.4 8.3
      vertex -2.66547 25.3603 8.3
      vertex 0 24.4 8.3
    endloop
  endfacet
  facet normal 0 0 -1
    outer loop
      vertex -2.66547 25.3603 8.3
      vertex -5 24.4 8.3
      vertex -3.98908 25.1861 8.3
    endloop
  endfacet
  facet normal 0 0 -1
    outer loop
      vertex -3.98908 25.1861 8.3
      vertex -5 24.4 8.3
      vertex -5 24.9987 8.3
    endloop
  endfacet
  facet normal 0 0 -1
    outer loop
      vertex 24.4 0 8.3
      vertex 25.4651 1.33457 8.3
      vertex 25.5 0 8.3
    endloop
  endfacet
  facet normal -0 0 -1
    outer loop
      vertex 25.4651 1.33457 8.3
      vertex 24.4 0 8.3
      vertex 25.3603 2.66547 8.3
    endloop
  endfacet
  facet normal 0 0 -1
    outer loop
      vertex 24.4 5 8.3
      vertex 25.3603 2.66547 8.3
      vertex 24.4 0 8.3
    endloop
  endfacet
  facet normal 0 0 -1
    outer loop
      vertex 25.3603 2.66547 8.3
      vertex 24.4 5 8.3
      vertex 25.1861 3.98908 8.3
    endloop
  endfacet
  facet normal 0 0 -1
    outer loop
      vertex 25.1861 3.98908 8.3
      vertex 24.4 5 8.3
      vertex 24.9987 5 8.3
    endloop
  endfacet
  facet normal 0 0 -1
    outer loop
      vertex -25.1861 -3.98908 8.3
      vertex -24.4 -5 8.3
      vertex -24.9987 -5 8.3
    endloop
  endfacet
  facet normal 0 0 -1
    outer loop
      vertex -25.3603 -2.66547 8.3
      vertex -24.4 -5 8.3
      vertex -25.1861 -3.98908 8.3
    endloop
  endfacet
  facet normal 0 0 -1
    outer loop
      vertex -24.4 -5 8.3
      vertex -25.3603 -2.66547 8.3
      vertex -24.4 0 8.3
    endloop
  endfacet
  facet normal 0 0 -1
    outer loop
      vertex -25.4651 -1.33457 8.3
      vertex -24.4 0 8.3
      vertex -25.3603 -2.66547 8.3
    endloop
  endfacet
  facet normal -0 0 -1
    outer loop
      vertex -24.4 0 8.3
      vertex -25.4651 -1.33457 8.3
      vertex -25.5 0 8.3
    endloop
  endfacet
  facet normal 0 0 -1
    outer loop
      vertex -14.9885 -20.6299 8.3
      vertex -13.7179 -20.7889 8.3
      vertex -14.1412 -21.2123 8.3
    endloop
  endfacet
  facet normal 0 0 -1
    outer loop
      vertex -16.0477 -19.8172 8.3
      vertex -13.7179 -20.7889 8.3
      vertex -14.9885 -20.6299 8.3
    endloop
  endfacet
  facet normal 0 0 -1
    outer loop
      vertex -17.2534 -17.2534 8.3
      vertex -16.0477 -19.8172 8.3
      vertex -17.0628 -18.9502 8.3
    endloop
  endfacet
  facet normal 0 0 -1
    outer loop
      vertex -16.0477 -19.8172 8.3
      vertex -17.2534 -17.2534 8.3
      vertex -13.7179 -20.7889 8.3
    endloop
  endfacet
  facet normal 0 -0 -1
    outer loop
      vertex -17.2534 -17.2534 8.3
      vertex -17.0628 -18.9502 8.3
      vertex -18.0312 -18.0312 8.3
    endloop
  endfacet
  facet normal 0 0 -1
    outer loop
      vertex 17.2534 17.2534 8.3
      vertex 17.0628 18.9502 8.3
      vertex 18.0312 18.0312 8.3
    endloop
  endfacet
  facet normal 0 0 -1
    outer loop
      vertex 17.2534 17.2534 8.3
      vertex 16.0477 19.8172 8.3
      vertex 17.0628 18.9502 8.3
    endloop
  endfacet
  facet normal 0 0 -1
    outer loop
      vertex 13.7179 20.7889 8.3
      vertex 16.0477 19.8172 8.3
      vertex 17.2534 17.2534 8.3
    endloop
  endfacet
  facet normal 0 0 -1
    outer loop
      vertex 16.0477 19.8172 8.3
      vertex 13.7179 20.7889 8.3
      vertex 14.9885 20.6299 8.3
    endloop
  endfacet
  facet normal 0 0 -1
    outer loop
      vertex 14.9885 20.6299 8.3
      vertex 13.7179 20.7889 8.3
      vertex 14.1412 21.2123 8.3
    endloop
  endfacet
  facet normal 0 0 -1
    outer loop
      vertex 20.6299 -14.9885 8.3
      vertex 20.7889 -13.7179 8.3
      vertex 21.2123 -14.1412 8.3
    endloop
  endfacet
  facet normal 0 0 -1
    outer loop
      vertex 19.8172 -16.0477 8.3
      vertex 20.7889 -13.7179 8.3
      vertex 20.6299 -14.9885 8.3
    endloop
  endfacet
  facet normal 0 0 -1
    outer loop
      vertex 17.2534 -17.2534 8.3
      vertex 19.8172 -16.0477 8.3
      vertex 18.9502 -17.0628 8.3
    endloop
  endfacet
  facet normal 0 0 -1
    outer loop
      vertex 17.2534 -17.2534 8.3
      vertex 18.9502 -17.0628 8.3
      vertex 18.0312 -18.0312 8.3
    endloop
  endfacet
  facet normal -0 0 -1
    outer loop
      vertex 19.8172 -16.0477 8.3
      vertex 17.2534 -17.2534 8.3
      vertex 20.7889 -13.7179 8.3
    endloop
  endfacet
  facet normal 0 0 -1
    outer loop
      vertex 3.98908 -25.1861 8.3
      vertex 5 -24.4 8.3
      vertex 5 -24.9987 8.3
    endloop
  endfacet
  facet normal 0 0 -1
    outer loop
      vertex 2.66547 -25.3603 8.3
      vertex 5 -24.4 8.3
      vertex 3.98908 -25.1861 8.3
    endloop
  endfacet
  facet normal 0 0 -1
    outer loop
      vertex 0 -24.4 8.3
      vertex 2.66547 -25.3603 8.3
      vertex 1.33457 -25.4651 8.3
    endloop
  endfacet
  facet normal 0 0 -1
    outer loop
      vertex 0 -24.4 8.3
      vertex 1.33457 -25.4651 8.3
      vertex 0 -25.5 8.3
    endloop
  endfacet
  facet normal 0 0 -1
    outer loop
      vertex 2.66547 -25.3603 8.3
      vertex 0 -24.4 8.3
      vertex 5 -24.4 8.3
    endloop
  endfacet
  facet normal -0 0 -1
    outer loop
      vertex -17.2534 17.2534 8.3
      vertex -18.9502 17.0628 8.3
      vertex -18.0312 18.0312 8.3
    endloop
  endfacet
  facet normal 0 0 -1
    outer loop
      vertex -17.2534 17.2534 8.3
      vertex -19.8172 16.0477 8.3
      vertex -18.9502 17.0628 8.3
    endloop
  endfacet
  facet normal 0 0 -1
    outer loop
      vertex -20.7889 13.7179 8.3
      vertex -19.8172 16.0477 8.3
      vertex -17.2534 17.2534 8.3
    endloop
  endfacet
  facet normal 0 0 -1
    outer loop
      vertex -19.8172 16.0477 8.3
      vertex -20.7889 13.7179 8.3
      vertex -20.6299 14.9885 8.3
    endloop
  endfacet
  facet normal 0 0 -1
    outer loop
      vertex -20.6299 14.9885 8.3
      vertex -20.7889 13.7179 8.3
      vertex -21.2123 14.1412 8.3
    endloop
  endfacet
endsolid OpenSCAD_Model
